"../../../Engine/Plugins/2D/Paper2D/Content/PlaceholderTextures/DummySpriteTexture.ubulk" 0
"../../../Engine/Plugins/2D/Paper2D/Content/PlaceholderTextures/DummySpriteTexture.uasset" 1
"../../../Engine/Plugins/2D/Paper2D/Content/PlaceholderTextures/DummySpriteTexture.uexp" 2
"../../../Engine/Plugins/2D/Paper2D/Content/DummySprite.uasset" 3
"../../../Engine/Plugins/2D/Paper2D/Content/DummySprite.uexp" 4
"../../../Engine/Plugins/2D/Paper2D/Content/DefaultPaperTerrainMaterial.uasset" 5
"../../../Engine/Plugins/2D/Paper2D/Content/DefaultPaperTerrainMaterial.uexp" 6
"../../../Engine/Content/EngineSounds/Master.uasset" 7
"../../../Engine/Content/EngineSounds/Master.uexp" 8
"../../../Engine/Content/EngineMaterials/DefaultDestructiblePhysicalMaterial.uasset" 9
"../../../Engine/Content/EngineMaterials/DefaultDestructiblePhysicalMaterial.uexp" 10
"../../../Engine/Content/EngineFonts/Faces/DroidSansFallback.uexp" 11
"../../../Engine/Content/EngineFonts/Faces/DroidSansFallback.uasset" 12
"../../../Engine/Content/EngineFonts/Faces/DroidSansFallback.ufont" 13
"../../../Engine/Content/EngineFonts/Faces/RobotoRegular.uexp" 14
"../../../Engine/Content/EngineFonts/Faces/RobotoRegular.uasset" 15
"../../../Engine/Content/EngineFonts/Faces/RobotoRegular.ufont" 16
"../../../Engine/Content/EngineFonts/Faces/RobotoLight.uexp" 17
"../../../Engine/Content/EngineFonts/Faces/RobotoLight.uasset" 18
"../../../Engine/Content/EngineFonts/Faces/RobotoLight.ufont" 19
"../../../Engine/Content/EngineFonts/Faces/RobotoItalic.uexp" 20
"../../../Engine/Content/EngineFonts/Faces/RobotoItalic.uasset" 21
"../../../Engine/Content/EngineFonts/Faces/RobotoItalic.ufont" 22
"../../../Engine/Content/EngineFonts/Faces/RobotoBoldItalic.uexp" 23
"../../../Engine/Content/EngineFonts/Faces/RobotoBoldItalic.uasset" 24
"../../../Engine/Content/EngineFonts/Faces/RobotoBoldItalic.ufont" 25
"../../../Engine/Content/EngineFonts/Faces/RobotoBold.uexp" 26
"../../../Engine/Content/EngineFonts/Faces/RobotoBold.uasset" 27
"../../../Engine/Content/EngineFonts/Faces/RobotoBold.ufont" 28
"../../../Engine/Content/EngineFonts/Roboto.uasset" 29
"../../../Engine/Content/EngineFonts/Roboto.uexp" 30
"../../../Engine/Content/EngineFonts/Faces/DroidSansMono.uexp" 31
"../../../Engine/Content/EngineFonts/Faces/DroidSansMono.uasset" 32
"../../../Engine/Content/EngineFonts/Faces/DroidSansMono.ufont" 33
"../../../Engine/Content/EngineFonts/DroidSansMono.uasset" 34
"../../../Engine/Content/EngineFonts/DroidSansMono.uexp" 35
"../../../Engine/Plugins/Interchange/Runtime/Content/Pipelines/DefaultTexturePipeline.uasset" 36
"../../../Engine/Plugins/Interchange/Runtime/Content/Pipelines/DefaultTexturePipeline.uexp" 37
"../../../Engine/Plugins/Interchange/Runtime/Content/Pipelines/DefaultSceneLevelPipeline.uasset" 38
"../../../Engine/Plugins/Interchange/Runtime/Content/Pipelines/DefaultSceneLevelPipeline.uexp" 39
"../../../Engine/Plugins/Interchange/Runtime/Content/Pipelines/DefaultSceneAssetsPipeline.uasset" 40
"../../../Engine/Plugins/Interchange/Runtime/Content/Pipelines/DefaultSceneAssetsPipeline.uexp" 41
"../../../Engine/Plugins/Interchange/Runtime/Content/Pipelines/DefaultMaterialXPipeline.uasset" 42
"../../../Engine/Plugins/Interchange/Runtime/Content/Pipelines/DefaultMaterialXPipeline.uexp" 43
"../../../Engine/Plugins/Interchange/Runtime/Content/Pipelines/DefaultMaterialPipeline.uasset" 44
"../../../Engine/Plugins/Interchange/Runtime/Content/Pipelines/DefaultMaterialPipeline.uexp" 45
"../../../Engine/Plugins/Interchange/Runtime/Content/Pipelines/DefaultGLTFSceneAssetsPipeline.uasset" 46
"../../../Engine/Plugins/Interchange/Runtime/Content/Pipelines/DefaultGLTFSceneAssetsPipeline.uexp" 47
"../../../Engine/Plugins/Interchange/Runtime/Content/Pipelines/DefaultGLTFPipeline.uasset" 48
"../../../Engine/Plugins/Interchange/Runtime/Content/Pipelines/DefaultGLTFPipeline.uexp" 49
"../../../Engine/Plugins/Interchange/Runtime/Content/Pipelines/DefaultGLTFAssetsPipeline.uasset" 50
"../../../Engine/Plugins/Interchange/Runtime/Content/Pipelines/DefaultGLTFAssetsPipeline.uexp" 51
"../../../Engine/Plugins/Interchange/Runtime/Content/Pipelines/DefaultAssetsPipeline.uasset" 52
"../../../Engine/Plugins/Interchange/Runtime/Content/Pipelines/DefaultAssetsPipeline.uexp" 53
"../../../Engine/Plugins/Experimental/Water/Content/Waves/GerstnerWaves_Ocean.uasset" 54
"../../../Engine/Plugins/Experimental/Water/Content/Waves/GerstnerWaves_Ocean.uexp" 55
"../../../Engine/Plugins/Experimental/Water/Content/Waves/GerstnerWaves_Lake.uasset" 56
"../../../Engine/Plugins/Experimental/Water/Content/Waves/GerstnerWaves_Lake.uexp" 57
"../../../Engine/Plugins/Experimental/Water/Content/Materials/MPC/MPC_Water.uasset" 58
"../../../Engine/Plugins/Experimental/Water/Content/Materials/MPC/MPC_Water.uexp" 59
"../../../Engine/Content/MobileResources/HUD/VirtualJoystick_Thumb.uasset" 60
"../../../Engine/Content/MobileResources/HUD/VirtualJoystick_Thumb.uexp" 61
"../../../Engine/Content/MobileResources/HUD/VirtualJoystick_Background.uasset" 62
"../../../Engine/Content/MobileResources/HUD/VirtualJoystick_Background.uexp" 63
"../../../Engine/Content/MobileResources/HUD/DefaultVirtualJoysticks.uasset" 64
"../../../Engine/Content/MobileResources/HUD/DefaultVirtualJoysticks.uexp" 65
"../../../Engine/Content/EngineResources/GradientTexture0.uasset" 66
"../../../Engine/Content/EngineResources/GradientTexture0.uexp" 67
"../../../Engine/Content/EngineResources/Black.uasset" 68
"../../../Engine/Content/EngineResources/Black.uexp" 69
"../../../Engine/Content/EditorResources/S_Actor.ubulk" 70
"../../../Engine/Content/EditorResources/S_Actor.uasset" 71
"../../../Engine/Content/EditorResources/S_Actor.uexp" 72
"../../../Engine/Content/EditorResources/S_Trigger.ubulk" 73
"../../../Engine/Content/EditorResources/S_Trigger.uasset" 74
"../../../Engine/Content/EditorResources/S_Trigger.uexp" 75
"../../../Engine/Plugins/NNE/NNEDenoiser/Content/NNEDTOM_Output_Default.uasset" 76
"../../../Engine/Plugins/NNE/NNEDenoiser/Content/NNEDTOM_Output_Default.uexp" 77
"../../../Engine/Plugins/NNE/NNEDenoiser/Content/NNEDTOM_Output_Alpha.uasset" 78
"../../../Engine/Plugins/NNE/NNEDenoiser/Content/NNEDTOM_Output_Alpha.uexp" 79
"../../../Engine/Plugins/NNE/NNEDenoiser/Content/NNEDTIM_ColorAlbedoNormal_Default.uasset" 80
"../../../Engine/Plugins/NNE/NNEDenoiser/Content/NNEDTIM_ColorAlbedoNormal_Default.uexp" 81
"../../../Engine/Plugins/NNE/NNEDenoiser/Content/NNEDTIM_ColorAlbedoNormal_Alpha.uasset" 82
"../../../Engine/Plugins/NNE/NNEDenoiser/Content/NNEDTIM_ColorAlbedoNormal_Alpha.uexp" 83
"../../../Engine/Plugins/NNE/NNEDenoiser/Content/NNEDOM_Output_Default.uasset" 84
"../../../Engine/Plugins/NNE/NNEDenoiser/Content/NNEDOM_Output_Default.uexp" 85
"../../../Engine/Plugins/NNE/NNEDenoiser/Content/NNEDOM_Output_Alpha.uasset" 86
"../../../Engine/Plugins/NNE/NNEDenoiser/Content/NNEDOM_Output_Alpha.uexp" 87
"../../../Engine/Plugins/NNE/NNEDenoiser/Content/NNEDIM_HighQuality_Default.uasset" 88
"../../../Engine/Plugins/NNE/NNEDenoiser/Content/NNEDIM_HighQuality_Default.uexp" 89
"../../../Engine/Plugins/NNE/NNEDenoiser/Content/NNEDIM_HighQuality_Alpha.uasset" 90
"../../../Engine/Plugins/NNE/NNEDenoiser/Content/NNEDIM_HighQuality_Alpha.uexp" 91
"../../../Engine/Plugins/NNE/NNEDenoiser/Content/NNEDIM_ColorAlbedoNormal_Default.uasset" 92
"../../../Engine/Plugins/NNE/NNEDenoiser/Content/NNEDIM_ColorAlbedoNormal_Default.uexp" 93
"../../../Engine/Plugins/NNE/NNEDenoiser/Content/NNEDIM_ColorAlbedoNormal_Alpha.uasset" 94
"../../../Engine/Plugins/NNE/NNEDenoiser/Content/NNEDIM_ColorAlbedoNormal_Alpha.uexp" 95
"../../../Engine/Content/Functions/Engine_MaterialFunctions01/Opacity/CameraDepthFade.uasset" 96
"../../../Engine/Content/Functions/Engine_MaterialFunctions01/Opacity/CameraDepthFade.uexp" 97
"../../../Engine/Content/EngineMaterials/T_Default_Material_Grid_M.ubulk" 98
"../../../Engine/Content/EngineMaterials/T_Default_Material_Grid_M.uasset" 99
"../../../Engine/Content/EngineMaterials/T_Default_Material_Grid_M.uexp" 100
"../../../Engine/Content/EngineMaterials/T_Default_Material_Grid_N.ubulk" 101
"../../../Engine/Content/EngineMaterials/T_Default_Material_Grid_N.uasset" 102
"../../../Engine/Content/EngineMaterials/T_Default_Material_Grid_N.uexp" 103
"../../../Engine/Content/EngineMaterials/WorldGridMaterial.uasset" 104
"../../../Engine/Content/EngineMaterials/WorldGridMaterial.uexp" 105
"../../../Engine/Plugins/Media/MediaPlate/Content/SM_MediaPlateScreen.ubulk" 106
"../../../Engine/Plugins/Media/MediaPlate/Content/SM_MediaPlateScreen.uasset" 107
"../../../Engine/Plugins/Media/MediaPlate/Content/SM_MediaPlateScreen.uexp" 108
"../../../Engine/Content/Functions/Engine_MaterialFunctions02/WorldPositionOffset/CameraOffset.uasset" 109
"../../../Engine/Content/Functions/Engine_MaterialFunctions02/WorldPositionOffset/CameraOffset.uexp" 110
"../../../Engine/Plugins/Animation/ControlRig/Content/M_Manip.uasset" 111
"../../../Engine/Plugins/Animation/ControlRig/Content/M_Manip.uexp" 112
"D:/ProgrammazioneAvanzata/ImpetusFirstLevel/Content/Images/BackgroundLoadingScreen2.uasset" 113
"D:/ProgrammazioneAvanzata/ImpetusFirstLevel/Content/Images/BackgroundLoadingScreen2.uexp" 114
"D:/ProgrammazioneAvanzata/ImpetusFirstLevel/Content/Interfaces/BPI_GameInstance.uasset" 115
"D:/ProgrammazioneAvanzata/ImpetusFirstLevel/Content/Interfaces/BPI_GameInstance.uexp" 116
"../../../Engine/Content/Functions/Engine_MaterialFunctions02/Utility/MakeFloat3.uasset" 117
"../../../Engine/Content/Functions/Engine_MaterialFunctions02/Utility/MakeFloat3.uexp" 118
"../../../Engine/Content/Functions/Engine_MaterialFunctions02/Utility/BreakOutFloat3Components.uasset" 119
"../../../Engine/Content/Functions/Engine_MaterialFunctions02/Utility/BreakOutFloat3Components.uexp" 120
"../../../Engine/Plugins/Interchange/Assets/Content/gltf/Textures/T_White_srgb.uasset" 121
"../../../Engine/Plugins/Interchange/Assets/Content/gltf/Textures/T_White_srgb.uexp" 122
"../../../Engine/Plugins/Interchange/Assets/Content/gltf/MaterialFunctions/MF_BaseColor.uasset" 123
"../../../Engine/Plugins/Interchange/Assets/Content/gltf/MaterialFunctions/MF_BaseColor.uexp" 124
"../../../Engine/Plugins/Interchange/Assets/Content/gltf/MaterialFunctions/MF_RotateV2.uasset" 125
"../../../Engine/Plugins/Interchange/Assets/Content/gltf/MaterialFunctions/MF_RotateV2.uexp" 126
"../../../Engine/Plugins/Interchange/Assets/Content/gltf/MaterialFunctions/MF_TransformUVs.uasset" 127
"../../../Engine/Plugins/Interchange/Assets/Content/gltf/MaterialFunctions/MF_TransformUVs.uexp" 128
"../../../Engine/Plugins/Interchange/Assets/Content/gltf/MaterialFunctions/MF_IOR.uasset" 129
"../../../Engine/Plugins/Interchange/Assets/Content/gltf/MaterialFunctions/MF_IOR.uexp" 130
"../../../Engine/Plugins/Interchange/Assets/Content/Functions/MF_IridescenceNoLUT.uasset" 131
"../../../Engine/Plugins/Interchange/Assets/Content/Functions/MF_IridescenceNoLUT.uexp" 132
"../../../Engine/Plugins/Interchange/Assets/Content/gltf/MaterialFunctions/MF_Iridescence.uasset" 133
"../../../Engine/Plugins/Interchange/Assets/Content/gltf/MaterialFunctions/MF_Iridescence.uexp" 134
"../../../Engine/Plugins/Interchange/Assets/Content/gltf/Textures/T_White_Linear.uasset" 135
"../../../Engine/Plugins/Interchange/Assets/Content/gltf/Textures/T_White_Linear.uexp" 136
"../../../Engine/Plugins/Interchange/Assets/Content/gltf/MaterialFunctions/MF_MetallicRoughness.uasset" 137
"../../../Engine/Plugins/Interchange/Assets/Content/gltf/MaterialFunctions/MF_MetallicRoughness.uexp" 138
"../../../Engine/Content/Functions/Engine_MaterialFunctions02/Math/Transform3x3Matrix.uasset" 139
"../../../Engine/Content/Functions/Engine_MaterialFunctions02/Math/Transform3x3Matrix.uexp" 140
"../../../Engine/Plugins/Interchange/Assets/Content/gltf/MaterialFunctions/MF_RotateNormals_TS.uasset" 141
"../../../Engine/Plugins/Interchange/Assets/Content/gltf/MaterialFunctions/MF_RotateNormals_TS.uexp" 142
"../../../Engine/Plugins/Interchange/Assets/Content/gltf/MaterialFunctions/MF_ScaleNormal.uasset" 143
"../../../Engine/Plugins/Interchange/Assets/Content/gltf/MaterialFunctions/MF_ScaleNormal.uexp" 144
"../../../Engine/Plugins/Interchange/Assets/Content/gltf/Textures/T_Generic_N.uasset" 145
"../../../Engine/Plugins/Interchange/Assets/Content/gltf/Textures/T_Generic_N.uexp" 146
"../../../Engine/Plugins/Interchange/Assets/Content/gltf/MaterialFunctions/MF_Normals.uasset" 147
"../../../Engine/Plugins/Interchange/Assets/Content/gltf/MaterialFunctions/MF_Normals.uexp" 148
"../../../Engine/Plugins/Interchange/Assets/Content/gltf/MaterialFunctions/MF_Occlusion.uasset" 149
"../../../Engine/Plugins/Interchange/Assets/Content/gltf/MaterialFunctions/MF_Occlusion.uexp" 150
"../../../Engine/Plugins/Interchange/Assets/Content/gltf/MaterialFunctions/MF_Specular.uasset" 151
"../../../Engine/Plugins/Interchange/Assets/Content/gltf/MaterialFunctions/MF_Specular.uexp" 152
"../../../Engine/Plugins/Interchange/Assets/Content/gltf/Textures/T_Anisotropy_Direction_Linear.uasset" 153
"../../../Engine/Plugins/Interchange/Assets/Content/gltf/Textures/T_Anisotropy_Direction_Linear.uexp" 154
"../../../Engine/Plugins/Interchange/Assets/Content/gltf/MaterialFunctions/MF_SpecularAnisotropy.uasset" 155
"../../../Engine/Plugins/Interchange/Assets/Content/gltf/MaterialFunctions/MF_SpecularAnisotropy.uexp" 156
"../../../Engine/Plugins/Interchange/Assets/Content/gltf/MaterialFunctions/MF_Emissive.uasset" 157
"../../../Engine/Plugins/Interchange/Assets/Content/gltf/MaterialFunctions/MF_Emissive.uexp" 158
"../../../Engine/Plugins/Interchange/Assets/Content/gltf/MaterialBodies/MF_Default_Body.uasset" 159
"../../../Engine/Plugins/Interchange/Assets/Content/gltf/MaterialBodies/MF_Default_Body.uexp" 160
"../../../Engine/Plugins/Interchange/Assets/Content/gltf/M_Default.uasset" 161
"../../../Engine/Plugins/Interchange/Assets/Content/gltf/M_Default.uexp" 162
"../../../Engine/Plugins/Interchange/Assets/Content/gltf/MaterialInstances/MI_Default_Opaque_DS.uasset" 163
"../../../Engine/Plugins/Interchange/Assets/Content/gltf/MaterialInstances/MI_Default_Opaque_DS.uexp" 164
"D:/ProgrammazioneAvanzata/ImpetusFirstLevel/Content/Fab/Wooden_Log/wooded_log_1/Textures/wooded_log_1_texture_0.ubulk" 165
"D:/ProgrammazioneAvanzata/ImpetusFirstLevel/Content/Fab/Wooden_Log/wooded_log_1/Textures/wooded_log_1_texture_0.uasset" 166
"D:/ProgrammazioneAvanzata/ImpetusFirstLevel/Content/Fab/Wooden_Log/wooded_log_1/Textures/wooded_log_1_texture_0.uexp" 167
"D:/ProgrammazioneAvanzata/ImpetusFirstLevel/Content/Fab/Wooden_Log/wooded_log_1/Textures/wooded_log_1_texture_1.ubulk" 168
"D:/ProgrammazioneAvanzata/ImpetusFirstLevel/Content/Fab/Wooden_Log/wooded_log_1/Textures/wooded_log_1_texture_1.uasset" 169
"D:/ProgrammazioneAvanzata/ImpetusFirstLevel/Content/Fab/Wooden_Log/wooded_log_1/Textures/wooded_log_1_texture_1.uexp" 170
"D:/ProgrammazioneAvanzata/ImpetusFirstLevel/Content/Fab/Wooden_Log/wooded_log_1/Textures/wooded_log_1_texture_2.ubulk" 171
"D:/ProgrammazioneAvanzata/ImpetusFirstLevel/Content/Fab/Wooden_Log/wooded_log_1/Textures/wooded_log_1_texture_2.uasset" 172
"D:/ProgrammazioneAvanzata/ImpetusFirstLevel/Content/Fab/Wooden_Log/wooded_log_1/Textures/wooded_log_1_texture_2.uexp" 173
"D:/ProgrammazioneAvanzata/ImpetusFirstLevel/Content/Fab/Wooden_Log/wooded_log_1/Materials/Scene_-_Root.uasset" 174
"D:/ProgrammazioneAvanzata/ImpetusFirstLevel/Content/Fab/Wooden_Log/wooded_log_1/Materials/Scene_-_Root.uexp" 175
"D:/ProgrammazioneAvanzata/ImpetusFirstLevel/Content/Fab/Wooden_Log/wooded_log_1/StaticMeshes/wooded_log_1.ubulk" 176
"D:/ProgrammazioneAvanzata/ImpetusFirstLevel/Content/Fab/Wooden_Log/wooded_log_1/StaticMeshes/wooded_log_1.uasset" 177
"D:/ProgrammazioneAvanzata/ImpetusFirstLevel/Content/Fab/Wooden_Log/wooded_log_1/StaticMeshes/wooded_log_1.uexp" 178
"D:/ProgrammazioneAvanzata/ImpetusFirstLevel/Content/BP/WoodInHandBP.uasset" 179
"D:/ProgrammazioneAvanzata/ImpetusFirstLevel/Content/BP/WoodInHandBP.uexp" 180
"../../../Engine/Plugins/Fab/Content/MaterialFunctions/QMF_RoughnessAdjustments.uasset" 181
"../../../Engine/Plugins/Fab/Content/MaterialFunctions/QMF_RoughnessAdjustments.uexp" 182
"../../../Engine/Plugins/Fab/Content/MaterialFunctions/QMF_NormalAdjustments.uasset" 183
"../../../Engine/Plugins/Fab/Content/MaterialFunctions/QMF_NormalAdjustments.uexp" 184
"../../../Engine/Plugins/Fab/Content/MaterialFunctions/QMF_BaseColorAdjustments.uasset" 185
"../../../Engine/Plugins/Fab/Content/MaterialFunctions/QMF_BaseColorAdjustments.uexp" 186
"../../../Engine/Plugins/Fab/Content/MaterialFunctions/QMF_AOAdjustments.uasset" 187
"../../../Engine/Plugins/Fab/Content/MaterialFunctions/QMF_AOAdjustments.uexp" 188
"../../../Engine/Plugins/Fab/Content/Textures/Standard/T_DefaultNormal.uasset" 189
"../../../Engine/Plugins/Fab/Content/Textures/Standard/T_DefaultNormal.uexp" 190
"../../../Engine/Plugins/Fab/Content/Textures/Standard/T_DefaultMasks.uasset" 191
"../../../Engine/Plugins/Fab/Content/Textures/Standard/T_DefaultMasks.uexp" 192
"../../../Engine/Plugins/Fab/Content/Textures/Standard/T_DefaultDisplacement.uasset" 193
"../../../Engine/Plugins/Fab/Content/Textures/Standard/T_DefaultDisplacement.uexp" 194
"../../../Engine/Plugins/Fab/Content/Textures/Standard/T_DefaultColor.uasset" 195
"../../../Engine/Plugins/Fab/Content/Textures/Standard/T_DefaultColor.uexp" 196
"../../../Engine/Plugins/Fab/Content/Materials/Standard/M_MS_Base.uasset" 197
"../../../Engine/Plugins/Fab/Content/Materials/Standard/M_MS_Base.uexp" 198
"D:/ProgrammazioneAvanzata/ImpetusFirstLevel/Content/Vegetazione/T_shopk_2K_ORM.ubulk" 199
"D:/ProgrammazioneAvanzata/ImpetusFirstLevel/Content/Vegetazione/T_shopk_2K_ORM.uasset" 200
"D:/ProgrammazioneAvanzata/ImpetusFirstLevel/Content/Vegetazione/T_shopk_2K_ORM.uexp" 201
"D:/ProgrammazioneAvanzata/ImpetusFirstLevel/Content/Vegetazione/T_shopk_2K_N.ubulk" 202
"D:/ProgrammazioneAvanzata/ImpetusFirstLevel/Content/Vegetazione/T_shopk_2K_N.uasset" 203
"D:/ProgrammazioneAvanzata/ImpetusFirstLevel/Content/Vegetazione/T_shopk_2K_N.uexp" 204
"D:/ProgrammazioneAvanzata/ImpetusFirstLevel/Content/Vegetazione/T_shopk_2K_B.ubulk" 205
"D:/ProgrammazioneAvanzata/ImpetusFirstLevel/Content/Vegetazione/T_shopk_2K_B.uasset" 206
"D:/ProgrammazioneAvanzata/ImpetusFirstLevel/Content/Vegetazione/T_shopk_2K_B.uexp" 207
"D:/ProgrammazioneAvanzata/ImpetusFirstLevel/Content/Vegetazione/MI_shopk.uasset" 208
"D:/ProgrammazioneAvanzata/ImpetusFirstLevel/Content/Vegetazione/MI_shopk.uexp" 209
"D:/ProgrammazioneAvanzata/ImpetusFirstLevel/Content/Vegetazione/Rock.ubulk" 210
"D:/ProgrammazioneAvanzata/ImpetusFirstLevel/Content/Vegetazione/Rock.uasset" 211
"D:/ProgrammazioneAvanzata/ImpetusFirstLevel/Content/Vegetazione/Rock.uexp" 212
"D:/ProgrammazioneAvanzata/ImpetusFirstLevel/Content/BP/RockInHandBP.uasset" 213
"D:/ProgrammazioneAvanzata/ImpetusFirstLevel/Content/BP/RockInHandBP.uexp" 214
"D:/ProgrammazioneAvanzata/ImpetusFirstLevel/Content/V_Assets/Carne/BaseColorMeat.uasset" 215
"D:/ProgrammazioneAvanzata/ImpetusFirstLevel/Content/V_Assets/Carne/BaseColorMeat.uexp" 216
"D:/ProgrammazioneAvanzata/ImpetusFirstLevel/Content/V_Assets/Carne/MeatMaterial.uasset" 217
"D:/ProgrammazioneAvanzata/ImpetusFirstLevel/Content/V_Assets/Carne/MeatMaterial.uexp" 218
"../../../Engine/Plugins/Interchange/Assets/Content/Functions/MF_PhongToMetalRoughness.uasset" 219
"../../../Engine/Plugins/Interchange/Assets/Content/Functions/MF_PhongToMetalRoughness.uexp" 220
"D:/ProgrammazioneAvanzata/ImpetusFirstLevel/Content/V_Assets/Carne/White_Granite_001.uasset" 221
"D:/ProgrammazioneAvanzata/ImpetusFirstLevel/Content/V_Assets/Carne/White_Granite_001.uexp" 222
"D:/ProgrammazioneAvanzata/ImpetusFirstLevel/Content/V_Assets/Carne/White_Granite.uasset" 223
"D:/ProgrammazioneAvanzata/ImpetusFirstLevel/Content/V_Assets/Carne/White_Granite.uexp" 224
"../../../Engine/Content/EngineResources/DefaultTexture.ubulk" 225
"../../../Engine/Content/EngineResources/DefaultTexture.uasset" 226
"../../../Engine/Content/EngineResources/DefaultTexture.uexp" 227
"D:/ProgrammazioneAvanzata/ImpetusFirstLevel/Content/V_Assets/Carne/Meat_001.uasset" 228
"D:/ProgrammazioneAvanzata/ImpetusFirstLevel/Content/V_Assets/Carne/Meat_001.uexp" 229
"D:/ProgrammazioneAvanzata/ImpetusFirstLevel/Content/V_Assets/Carne/Meat.ubulk" 230
"D:/ProgrammazioneAvanzata/ImpetusFirstLevel/Content/V_Assets/Carne/Meat.uasset" 231
"D:/ProgrammazioneAvanzata/ImpetusFirstLevel/Content/V_Assets/Carne/Meat.uexp" 232
"D:/ProgrammazioneAvanzata/ImpetusFirstLevel/Content/BP/MeatInHandBP.uasset" 233
"D:/ProgrammazioneAvanzata/ImpetusFirstLevel/Content/BP/MeatInHandBP.uexp" 234
"D:/ProgrammazioneAvanzata/ImpetusFirstLevel/Content/V_Assets/Chiave/KeyBaseColor.ubulk" 235
"D:/ProgrammazioneAvanzata/ImpetusFirstLevel/Content/V_Assets/Chiave/KeyBaseColor.uasset" 236
"D:/ProgrammazioneAvanzata/ImpetusFirstLevel/Content/V_Assets/Chiave/KeyBaseColor.uexp" 237
"D:/ProgrammazioneAvanzata/ImpetusFirstLevel/Content/V_Assets/Chiave/KeyMaterial.uasset" 238
"D:/ProgrammazioneAvanzata/ImpetusFirstLevel/Content/V_Assets/Chiave/KeyMaterial.uexp" 239
"D:/ProgrammazioneAvanzata/ImpetusFirstLevel/Content/V_Assets/Chiave/Rust_Iron__Old_Iron_.uasset" 240
"D:/ProgrammazioneAvanzata/ImpetusFirstLevel/Content/V_Assets/Chiave/Rust_Iron__Old_Iron_.uexp" 241
"D:/ProgrammazioneAvanzata/ImpetusFirstLevel/Content/V_Assets/Chiave/Gold_Ore.uasset" 242
"D:/ProgrammazioneAvanzata/ImpetusFirstLevel/Content/V_Assets/Chiave/Gold_Ore.uexp" 243
"D:/ProgrammazioneAvanzata/ImpetusFirstLevel/Content/V_Assets/Chiave/KeyInHand.ubulk" 244
"D:/ProgrammazioneAvanzata/ImpetusFirstLevel/Content/V_Assets/Chiave/KeyInHand.uasset" 245
"D:/ProgrammazioneAvanzata/ImpetusFirstLevel/Content/V_Assets/Chiave/KeyInHand.uexp" 246
"D:/ProgrammazioneAvanzata/ImpetusFirstLevel/Content/BP/KeyInHandBP.uasset" 247
"D:/ProgrammazioneAvanzata/ImpetusFirstLevel/Content/BP/KeyInHandBP.uexp" 248
"D:/ProgrammazioneAvanzata/ImpetusFirstLevel/Content/Interfaces/BPI_PlayerStats.uasset" 249
"D:/ProgrammazioneAvanzata/ImpetusFirstLevel/Content/Interfaces/BPI_PlayerStats.uexp" 250
"D:/ProgrammazioneAvanzata/ImpetusFirstLevel/Content/Images/Cuore.uasset" 251
"D:/ProgrammazioneAvanzata/ImpetusFirstLevel/Content/Images/Cuore.uexp" 252
"D:/ProgrammazioneAvanzata/ImpetusFirstLevel/Content/BP/UI/WBP_HealthBar.uasset" 253
"D:/ProgrammazioneAvanzata/ImpetusFirstLevel/Content/BP/UI/WBP_HealthBar.uexp" 254
"D:/ProgrammazioneAvanzata/ImpetusFirstLevel/Content/BP/GameInstanceBP.uasset" 255
"D:/ProgrammazioneAvanzata/ImpetusFirstLevel/Content/BP/GameInstanceBP.uexp" 256
"../../../Engine/Content/EditorMaterials/PreviewShadowIndicator.ubulk" 257
"../../../Engine/Content/EditorMaterials/PreviewShadowIndicator.uasset" 258
"../../../Engine/Content/EditorMaterials/PreviewShadowIndicator.uexp" 259
"../../../Engine/Content/EditorMaterials/PreviewShadowIndicatorMaterial.uasset" 260
"../../../Engine/Content/EditorMaterials/PreviewShadowIndicatorMaterial.uexp" 261
"../../../Engine/Content/EditorMaterials/PhAT_UnselectedMaterial.uasset" 262
"../../../Engine/Content/EditorMaterials/PhAT_UnselectedMaterial.uexp" 263
"../../../Engine/Content/EditorMaterials/PhAT_NoCollisionMaterial.uasset" 264
"../../../Engine/Content/EditorMaterials/PhAT_NoCollisionMaterial.uexp" 265
"../../../Engine/Content/EditorLandscapeResources/SplineEditorMeshMat.uasset" 266
"../../../Engine/Content/EditorLandscapeResources/SplineEditorMeshMat.uexp" 267
"../../../Engine/Content/EditorLandscapeResources/SplineEditorMesh.ubulk" 268
"../../../Engine/Content/EditorLandscapeResources/SplineEditorMesh.uasset" 269
"../../../Engine/Content/EditorLandscapeResources/SplineEditorMesh.uexp" 270
"../../../Engine/Content/EditorLandscapeResources/WhiteSquareTexture.uasset" 271
"../../../Engine/Content/EditorLandscapeResources/WhiteSquareTexture.uexp" 272
"../../../Engine/Content/EditorLandscapeResources/LayerVisMaterial.uasset" 273
"../../../Engine/Content/EditorLandscapeResources/LayerVisMaterial.uexp" 274
"../../../Engine/Content/Functions/Engine_MaterialFunctions02/Utility/BreakOutFloat2Components.uasset" 275
"../../../Engine/Content/Functions/Engine_MaterialFunctions02/Utility/BreakOutFloat2Components.uexp" 276
"../../../Engine/Content/Functions/Engine_MaterialFunctions01/Texturing/ScaleUVsByCenter.uasset" 277
"../../../Engine/Content/Functions/Engine_MaterialFunctions01/Texturing/ScaleUVsByCenter.uexp" 278
"../../../Engine/Content/Functions/Engine_MaterialFunctions02/WorldPositionOffset/LocalPosition.uasset" 279
"../../../Engine/Content/Functions/Engine_MaterialFunctions02/WorldPositionOffset/LocalPosition.uexp" 280
"../../../Engine/Content/EngineMaterials/DefaultDiffuse.ubulk" 281
"../../../Engine/Content/EngineMaterials/DefaultDiffuse.uasset" 282
"../../../Engine/Content/EngineMaterials/DefaultDiffuse.uexp" 283
"../../../Engine/Content/Functions/Engine_MaterialFunctions01/Texturing/TextureCropping.uasset" 284
"../../../Engine/Content/Functions/Engine_MaterialFunctions01/Texturing/TextureCropping.uexp" 285
"../../../Engine/Content/Functions/Engine_MaterialFunctions02/ExampleContent/DebugNumberStrip.uasset" 286
"../../../Engine/Content/Functions/Engine_MaterialFunctions02/ExampleContent/DebugNumberStrip.uexp" 287
"../../../Engine/Content/Functions/Engine_MaterialFunctions01/Debug/DebugIntValues.uasset" 288
"../../../Engine/Content/Functions/Engine_MaterialFunctions01/Debug/DebugIntValues.uexp" 289
"../../../Engine/Content/EditorLandscapeResources/LandscapeLayerUsageMaterial.uasset" 290
"../../../Engine/Content/EditorLandscapeResources/LandscapeLayerUsageMaterial.uexp" 291
"../../../Engine/Content/EditorLandscapeResources/DefaultAlphaTexture.uasset" 292
"../../../Engine/Content/EditorLandscapeResources/DefaultAlphaTexture.uexp" 293
"../../../Engine/Content/EditorLandscapeResources/LandscapeDirtyMaterial.uasset" 294
"../../../Engine/Content/EditorLandscapeResources/LandscapeDirtyMaterial.uexp" 295
"../../../Engine/Content/EngineMaterials/DefaultMaterial.uasset" 296
"../../../Engine/Content/EngineMaterials/DefaultMaterial.uexp" 297
"../../../Engine/Content/BasicShapes/Sphere.ubulk" 298
"../../../Engine/Content/BasicShapes/Sphere.uasset" 299
"../../../Engine/Content/BasicShapes/Sphere.uexp" 300
"../../../Engine/Content/BasicShapes/Plane.ubulk" 301
"../../../Engine/Content/BasicShapes/Plane.uasset" 302
"../../../Engine/Content/BasicShapes/Plane.uexp" 303
"../../../Engine/Content/BasicShapes/Cylinder.ubulk" 304
"../../../Engine/Content/BasicShapes/Cylinder.uasset" 305
"../../../Engine/Content/BasicShapes/Cylinder.uexp" 306
"../../../Engine/Content/BasicShapes/Cube.ubulk" 307
"../../../Engine/Content/BasicShapes/Cube.uasset" 308
"../../../Engine/Content/BasicShapes/Cube.uexp" 309
"../../../Engine/Content/BasicShapes/Cone.ubulk" 310
"../../../Engine/Content/BasicShapes/Cone.uasset" 311
"../../../Engine/Content/BasicShapes/Cone.uexp" 312
"../../../Engine/Content/BasicShapes/BasicShapeMaterial.uasset" 313
"../../../Engine/Content/BasicShapes/BasicShapeMaterial.uexp" 314
"../../../Engine/Content/EditorResources/S_BoxReflectionCapture.uasset" 315
"../../../Engine/Content/EditorResources/S_BoxReflectionCapture.uexp" 316
"../../../Engine/Content/EngineMeshes/Sphere.ubulk" 317
"../../../Engine/Content/EngineMeshes/Sphere.uasset" 318
"../../../Engine/Content/EngineMeshes/Sphere.uexp" 319
"../../../Engine/Content/EngineMaterials/RemoveSurfaceMaterial.uasset" 320
"../../../Engine/Content/EngineMaterials/RemoveSurfaceMaterial.uexp" 321
"../../../Engine/Content/EngineMaterials/PreintegratedSkinBRDF.uasset" 322
"../../../Engine/Content/EngineMaterials/PreintegratedSkinBRDF.uexp" 323
"../../../Engine/Content/EngineMaterials/DefaultCalibrationGrayscale.uasset" 324
"../../../Engine/Content/EngineMaterials/DefaultCalibrationGrayscale.uexp" 325
"../../../Engine/Content/EngineMaterials/PPM_DefaultCalibrationGrayscale.uasset" 326
"../../../Engine/Content/EngineMaterials/PPM_DefaultCalibrationGrayscale.uexp" 327
"../../../Engine/Content/EngineMaterials/DefaultCalibrationColor.uasset" 328
"../../../Engine/Content/EngineMaterials/DefaultCalibrationColor.uexp" 329
"../../../Engine/Content/EngineMaterials/PPM_DefaultCalibrationColor.uasset" 330
"../../../Engine/Content/EngineMaterials/PPM_DefaultCalibrationColor.uexp" 331
"../../../Engine/Content/EngineMaterials/PhAT_JointLimitMaterial.uasset" 332
"../../../Engine/Content/EngineMaterials/PhAT_JointLimitMaterial.uexp" 333
"../../../Engine/Content/EngineMaterials/NaniteHiddenSectionMaterial.uasset" 334
"../../../Engine/Content/EngineMaterials/NaniteHiddenSectionMaterial.uexp" 335
"../../../Engine/Content/EngineMaterials/InvalidLightmapSettings.ubulk" 336
"../../../Engine/Content/EngineMaterials/InvalidLightmapSettings.uasset" 337
"../../../Engine/Content/EngineMaterials/InvalidLightmapSettings.uexp" 338
"../../../Engine/Content/EngineMaterials/M_InvalidLightmapSettings.uasset" 339
"../../../Engine/Content/EngineMaterials/M_InvalidLightmapSettings.uexp" 340
"../../../Engine/Content/EngineMaterials/MiniFont.uasset" 341
"../../../Engine/Content/EngineMaterials/MiniFont.uexp" 342
"../../../Engine/Content/EngineMaterials/GizmoMaterial.uasset" 343
"../../../Engine/Content/EngineMaterials/GizmoMaterial.uexp" 344
"../../../Engine/Content/EngineMaterials/BaseFlattenDiffuseMap_VT.ubulk" 345
"../../../Engine/Content/EngineMaterials/BaseFlattenDiffuseMap_VT.uasset" 346
"../../../Engine/Content/EngineMaterials/BaseFlattenDiffuseMap_VT.uexp" 347
"../../../Engine/Content/EngineMaterials/BaseFlattenEmissiveMap_VT.ubulk" 348
"../../../Engine/Content/EngineMaterials/BaseFlattenEmissiveMap_VT.uasset" 349
"../../../Engine/Content/EngineMaterials/BaseFlattenEmissiveMap_VT.uexp" 350
"../../../Engine/Content/EngineMaterials/BaseFlattenGrayscaleMap_VT.ubulk" 351
"../../../Engine/Content/EngineMaterials/BaseFlattenGrayscaleMap_VT.uasset" 352
"../../../Engine/Content/EngineMaterials/BaseFlattenGrayscaleMap_VT.uexp" 353
"../../../Engine/Content/EngineMaterials/BaseFlattenLinearColor_VT.ubulk" 354
"../../../Engine/Content/EngineMaterials/BaseFlattenLinearColor_VT.uasset" 355
"../../../Engine/Content/EngineMaterials/BaseFlattenLinearColor_VT.uexp" 356
"../../../Engine/Content/EngineMaterials/BaseFlattenNormalMap_VT.ubulk" 357
"../../../Engine/Content/EngineMaterials/BaseFlattenNormalMap_VT.uasset" 358
"../../../Engine/Content/EngineMaterials/BaseFlattenNormalMap_VT.uexp" 359
"../../../Engine/Content/EngineMaterials/Black_1x1_EXR_Texture_VT.ubulk" 360
"../../../Engine/Content/EngineMaterials/Black_1x1_EXR_Texture_VT.uasset" 361
"../../../Engine/Content/EngineMaterials/Black_1x1_EXR_Texture_VT.uexp" 362
"../../../Engine/Content/EngineMaterials/FlattenMaterial_WS_Normal_VT.uasset" 363
"../../../Engine/Content/EngineMaterials/FlattenMaterial_WS_Normal_VT.uexp" 364
"../../../Engine/Content/EngineMaterials/FlattenMaterial_VT.uasset" 365
"../../../Engine/Content/EngineMaterials/FlattenMaterial_VT.uexp" 366
"../../../Engine/Content/EngineMaterials/BaseFlattenNormalMap.uasset" 367
"../../../Engine/Content/EngineMaterials/BaseFlattenNormalMap.uexp" 368
"../../../Engine/Content/EngineMaterials/BaseFlattenDiffuseMap.uasset" 369
"../../../Engine/Content/EngineMaterials/BaseFlattenDiffuseMap.uexp" 370
"../../../Engine/Content/EngineMaterials/BaseFlattenEmissiveMap.uasset" 371
"../../../Engine/Content/EngineMaterials/BaseFlattenEmissiveMap.uexp" 372
"../../../Engine/Content/EngineMaterials/BaseFlattenGrayscaleMap.uasset" 373
"../../../Engine/Content/EngineMaterials/BaseFlattenGrayscaleMap.uexp" 374
"../../../Engine/Content/EngineMaterials/BaseFlattenLinearColor.uasset" 375
"../../../Engine/Content/EngineMaterials/BaseFlattenLinearColor.uexp" 376
"../../../Engine/Content/Functions/Engine_MaterialFunctions02/PivotPainter2/Black_1x1_EXR_Texture.uasset" 377
"../../../Engine/Content/Functions/Engine_MaterialFunctions02/PivotPainter2/Black_1x1_EXR_Texture.uexp" 378
"../../../Engine/Content/EngineMaterials/FlattenMaterial.uasset" 379
"../../../Engine/Content/EngineMaterials/FlattenMaterial.uexp" 380
"../../../Engine/Content/EngineMaterials/FastBlueNoise_vec2_128x128x64.uasset" 381
"../../../Engine/Content/EngineMaterials/FastBlueNoise_vec2_128x128x64.uexp" 382
"../../../Engine/Content/EngineMaterials/FastBlueNoise_scalar_128x128x8.uasset" 383
"../../../Engine/Content/EngineMaterials/FastBlueNoise_scalar_128x128x8.uexp" 384
"../../../Engine/Content/EngineMaterials/FastBlueNoise_scalar_128x128x64.uasset" 385
"../../../Engine/Content/EngineMaterials/FastBlueNoise_scalar_128x128x64.uexp" 386
"../../../Engine/Content/EngineMaterials/DefaultWhiteGrid_Low.uasset" 387
"../../../Engine/Content/EngineMaterials/DefaultWhiteGrid_Low.uexp" 388
"../../../Engine/Content/EngineMaterials/EmissiveMeshMaterial.uasset" 389
"../../../Engine/Content/EngineMaterials/EmissiveMeshMaterial.uexp" 390
"../../../Engine/Content/EngineMaterials/DefaultWhiteGrid.ubulk" 391
"../../../Engine/Content/EngineMaterials/DefaultWhiteGrid.uasset" 392
"../../../Engine/Content/EngineMaterials/DefaultWhiteGrid.uexp" 393
"../../../Engine/Content/EngineFonts/RobotoDistanceField.uasset" 394
"../../../Engine/Content/EngineFonts/RobotoDistanceField.uexp" 395
"../../../Engine/Content/EngineMaterials/DefaultTextMaterialOpaque.uasset" 396
"../../../Engine/Content/EngineMaterials/DefaultTextMaterialOpaque.uexp" 397
"../../../Engine/Content/EngineMaterials/DefaultPostProcessMaterial.uasset" 398
"../../../Engine/Content/EngineMaterials/DefaultPostProcessMaterial.uexp" 399
"../../../Engine/Content/EngineMaterials/DefaultLightFunctionMaterial.uasset" 400
"../../../Engine/Content/EngineMaterials/DefaultLightFunctionMaterial.uexp" 401
"../../../Engine/Content/EngineMaterials/DefaultDeferredDecalMaterial.uasset" 402
"../../../Engine/Content/EngineMaterials/DefaultDeferredDecalMaterial.uexp" 403
"../../../Engine/Content/EngineMaterials/DefaultBokeh.uasset" 404
"../../../Engine/Content/EngineMaterials/DefaultBokeh.uexp" 405
"../../../Engine/Content/EngineMaterials/DefaultBloomKernel.uasset" 406
"../../../Engine/Content/EngineMaterials/DefaultBloomKernel.uexp" 407
"../../../Engine/Content/Functions/Engine_MaterialFunctions02/Utility/CameraDirectionVector.uasset" 408
"../../../Engine/Content/Functions/Engine_MaterialFunctions02/Utility/CameraDirectionVector.uexp" 409
"../../../Engine/Content/EngineDebugMaterials/VolumeToRender.uasset" 410
"../../../Engine/Content/EngineDebugMaterials/VolumeToRender.uexp" 411
"../../../Engine/Content/EngineDebugMaterials/M_VolumeRenderSphereTracePP.uasset" 412
"../../../Engine/Content/EngineDebugMaterials/M_VolumeRenderSphereTracePP.uexp" 413
"../../../Engine/Content/EngineDebugMaterials/M_SimpleUnlitTranslucent.uasset" 414
"../../../Engine/Content/EngineDebugMaterials/M_SimpleUnlitTranslucent.uexp" 415
"../../../Engine/Content/EngineDebugMaterials/DebugMeshMaterial.uasset" 416
"../../../Engine/Content/EngineDebugMaterials/DebugMeshMaterial.uexp" 417
"../../../Engine/Content/EngineDebugMaterials/DebugEditorMaterial.uasset" 418
"../../../Engine/Content/EngineDebugMaterials/DebugEditorMaterial.uexp" 419
"../../../Engine/Content/EngineDamageTypes/DmgTypeBP_Environmental.uasset" 420
"../../../Engine/Content/EngineDamageTypes/DmgTypeBP_Environmental.uexp" 421
"../../../Engine/Content/EditorResources/S_TriggerSphere.uasset" 422
"../../../Engine/Content/EditorResources/S_TriggerSphere.uexp" 423
"../../../Engine/Content/EditorResources/S_TriggerCapsule.uasset" 424
"../../../Engine/Content/EditorResources/S_TriggerCapsule.uexp" 425
"../../../Engine/Content/EditorResources/S_TriggerBox.uasset" 426
"../../../Engine/Content/EditorResources/S_TriggerBox.uexp" 427
"../../../Engine/Content/EditorResources/S_Solver.ubulk" 428
"../../../Engine/Content/EditorResources/S_Solver.uasset" 429
"../../../Engine/Content/EditorResources/S_Solver.uexp" 430
"../../../Engine/Content/EditorResources/BSPVertex.uasset" 431
"../../../Engine/Content/EditorResources/BSPVertex.uexp" 432
"../../../Engine/Plugins/VirtualProduction/CameraCalibrationCore/Content/Materials/M_DefaultOddSquare.uasset" 433
"../../../Engine/Plugins/VirtualProduction/CameraCalibrationCore/Content/Materials/M_DefaultOddSquare.uexp" 434
"../../../Engine/Plugins/VirtualProduction/CameraCalibrationCore/Content/Materials/M_DefaultEvenSquare.uasset" 435
"../../../Engine/Plugins/VirtualProduction/CameraCalibrationCore/Content/Materials/M_DefaultEvenSquare.uexp" 436
"../../../Engine/Plugins/Runtime/HairStrands/Content/Materials/HairMeshesDefaultMaterial.uasset" 437
"../../../Engine/Plugins/Runtime/HairStrands/Content/Materials/HairMeshesDefaultMaterial.uexp" 438
"../../../Engine/Plugins/Runtime/HairStrands/Content/Materials/HairDefaultMaterial.uasset" 439
"../../../Engine/Plugins/Runtime/HairStrands/Content/Materials/HairDefaultMaterial.uexp" 440
"../../../Engine/Content/Functions/Engine_MaterialFunctions02/Utility/MakeFloat2.uasset" 441
"../../../Engine/Content/Functions/Engine_MaterialFunctions02/Utility/MakeFloat2.uexp" 442
"../../../Engine/Content/EngineMaterials/HairDebugColor.uasset" 443
"../../../Engine/Content/EngineMaterials/HairDebugColor.uexp" 444
"../../../Engine/Content/EngineMaterials/HairColorMap.uasset" 445
"../../../Engine/Content/EngineMaterials/HairColorMap.uexp" 446
"../../../Engine/Plugins/Runtime/HairStrands/Content/Materials/HairGroupColors.uasset" 447
"../../../Engine/Plugins/Runtime/HairStrands/Content/Materials/HairGroupColors.uexp" 448
"../../../Engine/Plugins/Runtime/HairStrands/Content/Materials/HairDebugMaterial.uasset" 449
"../../../Engine/Plugins/Runtime/HairStrands/Content/Materials/HairDebugMaterial.uexp" 450
"../../../Engine/Plugins/Runtime/HairStrands/Content/Materials/HairCardsDefaultMaterial.uasset" 451
"../../../Engine/Plugins/Runtime/HairStrands/Content/Materials/HairCardsDefaultMaterial.uexp" 452
"../../../Engine/Plugins/Runtime/AudioWidgets/Content/Resources/ScrubHandleDown_Clamped.uasset" 453
"../../../Engine/Plugins/Runtime/AudioWidgets/Content/Resources/ScrubHandleDown_Clamped.uexp" 454
"../../../Engine/Plugins/Interchange/Assets/Content/Functions/MX_UsdPreviewSurface.uasset" 455
"../../../Engine/Plugins/Interchange/Assets/Content/Functions/MX_UsdPreviewSurface.uexp" 456
"../../../Engine/Plugins/Interchange/Assets/Content/Functions/MX_UniformEDF.uasset" 457
"../../../Engine/Plugins/Interchange/Assets/Content/Functions/MX_UniformEDF.uexp" 458
"../../../Engine/Plugins/Interchange/Assets/Content/Functions/MX_TranslucentBSDF.uasset" 459
"../../../Engine/Plugins/Interchange/Assets/Content/Functions/MX_TranslucentBSDF.uexp" 460
"../../../Engine/Plugins/Interchange/Assets/Content/Functions/MX_ThinFilmBSDF.uasset" 461
"../../../Engine/Plugins/Interchange/Assets/Content/Functions/MX_ThinFilmBSDF.uexp" 462
"../../../Engine/Plugins/Interchange/Assets/Content/Functions/MX_SurfaceUnlit.uasset" 463
"../../../Engine/Plugins/Interchange/Assets/Content/Functions/MX_SurfaceUnlit.uexp" 464
"../../../Engine/Plugins/Interchange/Assets/Content/Functions/MX_Surface.uasset" 465
"../../../Engine/Plugins/Interchange/Assets/Content/Functions/MX_Surface.uexp" 466
"../../../Engine/Plugins/Interchange/Assets/Content/Functions/MX_SubsurfaceBSDF.uasset" 467
"../../../Engine/Plugins/Interchange/Assets/Content/Functions/MX_SubsurfaceBSDF.uexp" 468
"../../../Engine/Plugins/Interchange/Assets/Content/Functions/MX_SheenBSDF.uasset" 469
"../../../Engine/Plugins/Interchange/Assets/Content/Functions/MX_SheenBSDF.uexp" 470
"../../../Engine/Plugins/Interchange/Assets/Content/Functions/MX_OrenNayarBSDF.uasset" 471
"../../../Engine/Plugins/Interchange/Assets/Content/Functions/MX_OrenNayarBSDF.uexp" 472
"../../../Engine/Plugins/Interchange/Assets/Content/Functions/MX_StandardSurface.uasset" 473
"../../../Engine/Plugins/Interchange/Assets/Content/Functions/MX_StandardSurface.uexp" 474
"../../../Engine/Plugins/Interchange/Assets/Content/Functions/MX_TransmissionSurface.uasset" 475
"../../../Engine/Plugins/Interchange/Assets/Content/Functions/MX_TransmissionSurface.uexp" 476
"../../../Engine/Plugins/Interchange/Assets/Content/Functions/MX_OpenPBR_Translucent.uasset" 477
"../../../Engine/Plugins/Interchange/Assets/Content/Functions/MX_OpenPBR_Translucent.uexp" 478
"../../../Engine/Plugins/Interchange/Assets/Content/Functions/MX_OpenPBR_Opaque.uasset" 479
"../../../Engine/Plugins/Interchange/Assets/Content/Functions/MX_OpenPBR_Opaque.uexp" 480
"../../../Engine/Plugins/Interchange/Assets/Content/Functions/MX_MeasuredEDF.uasset" 481
"../../../Engine/Plugins/Interchange/Assets/Content/Functions/MX_MeasuredEDF.uexp" 482
"../../../Engine/Plugins/Interchange/Assets/Content/Functions/MX_GeneralizedSchlickBSDF.uasset" 483
"../../../Engine/Plugins/Interchange/Assets/Content/Functions/MX_GeneralizedSchlickBSDF.uexp" 484
"../../../Engine/Plugins/Interchange/Assets/Content/Functions/MX_Displacement.uasset" 485
"../../../Engine/Plugins/Interchange/Assets/Content/Functions/MX_Displacement.uexp" 486
"../../../Engine/Plugins/Interchange/Assets/Content/Functions/MX_DielectricBSDF.uasset" 487
"../../../Engine/Plugins/Interchange/Assets/Content/Functions/MX_DielectricBSDF.uexp" 488
"../../../Engine/Plugins/Interchange/Assets/Content/Functions/MX_ConicalEDF.uasset" 489
"../../../Engine/Plugins/Interchange/Assets/Content/Functions/MX_ConicalEDF.uexp" 490
"../../../Engine/Plugins/Interchange/Assets/Content/Functions/MX_ConductorBSDF.uasset" 491
"../../../Engine/Plugins/Interchange/Assets/Content/Functions/MX_ConductorBSDF.uexp" 492
"../../../Engine/Plugins/Interchange/Assets/Content/Functions/MX_BurleyDiffuseBSDF.uasset" 493
"../../../Engine/Plugins/Interchange/Assets/Content/Functions/MX_BurleyDiffuseBSDF.uexp" 494
"../../../Engine/Plugins/Interchange/Assets/Content/Functions/MX_AnisotropicVDF.uasset" 495
"../../../Engine/Plugins/Interchange/Assets/Content/Functions/MX_AnisotropicVDF.uexp" 496
"../../../Engine/Plugins/Interchange/Assets/Content/Functions/MX_AbsorptionVDF.uasset" 497
"../../../Engine/Plugins/Interchange/Assets/Content/Functions/MX_AbsorptionVDF.uexp" 498
"../../../Engine/Plugins/Experimental/Water/Content/Meshes/RiverMesh.ubulk" 499
"../../../Engine/Plugins/Experimental/Water/Content/Meshes/RiverMesh.uasset" 500
"../../../Engine/Plugins/Experimental/Water/Content/Meshes/RiverMesh.uexp" 501
"../../../Engine/Plugins/Experimental/Water/Content/Meshes/LakeMesh.ubulk" 502
"../../../Engine/Plugins/Experimental/Water/Content/Meshes/LakeMesh.uasset" 503
"../../../Engine/Plugins/Experimental/Water/Content/Meshes/LakeMesh.uexp" 504
"../../../Engine/Plugins/Experimental/Water/Content/Icons/WaterZoneActorSprite.ubulk" 505
"../../../Engine/Plugins/Experimental/Water/Content/Icons/WaterZoneActorSprite.uasset" 506
"../../../Engine/Plugins/Experimental/Water/Content/Icons/WaterZoneActorSprite.uexp" 507
"../../../Engine/Plugins/Experimental/Water/Content/Icons/WaterSprite.uasset" 508
"../../../Engine/Plugins/Experimental/Water/Content/Icons/WaterSprite.uexp" 509
"../../../Engine/Plugins/Experimental/Water/Content/Icons/WaterLandscapeBrushSprite.ubulk" 510
"../../../Engine/Plugins/Experimental/Water/Content/Icons/WaterLandscapeBrushSprite.uasset" 511
"../../../Engine/Plugins/Experimental/Water/Content/Icons/WaterLandscapeBrushSprite.uexp" 512
"../../../Engine/Plugins/Experimental/Water/Content/Icons/WaterErrorSprite.ubulk" 513
"../../../Engine/Plugins/Experimental/Water/Content/Icons/WaterErrorSprite.uasset" 514
"../../../Engine/Plugins/Experimental/Water/Content/Icons/WaterErrorSprite.uexp" 515
"../../../Engine/Plugins/Experimental/Water/Content/Icons/WaterBodyIslandSprite.uasset" 516
"../../../Engine/Plugins/Experimental/Water/Content/Icons/WaterBodyIslandSprite.uexp" 517
"../../../Engine/Plugins/Experimental/Water/Content/Icons/WaterBodyExclusionVolumeSprite.uasset" 518
"../../../Engine/Plugins/Experimental/Water/Content/Icons/WaterBodyExclusionVolumeSprite.uexp" 519
"../../../Engine/Plugins/Experimental/Water/Content/Curves/FloatCurve_WaterBodyIsland.uasset" 520
"../../../Engine/Plugins/Experimental/Water/Content/Curves/FloatCurve_WaterBodyIsland.uexp" 521
"../../../Engine/Plugins/Experimental/Water/Content/Curves/FloatCurve.uasset" 522
"../../../Engine/Plugins/Experimental/Water/Content/Curves/FloatCurve.uexp" 523
"../../../Engine/Content/Functions/Engine_MaterialFunctions02/Utility/VectorLength.uasset" 524
"../../../Engine/Content/Functions/Engine_MaterialFunctions02/Utility/VectorLength.uexp" 525
"../../../Engine/Content/Functions/Engine_MaterialFunctions02/WorldPositionOffset/ObjectScale.uasset" 526
"../../../Engine/Content/Functions/Engine_MaterialFunctions02/WorldPositionOffset/ObjectScale.uexp" 527
"../../../Engine/Content/Functions/Engine_MaterialFunctions02/SafeNormalize.uasset" 528
"../../../Engine/Content/Functions/Engine_MaterialFunctions02/SafeNormalize.uexp" 529
"../../../Engine/Plugins/Editor/SpeedTreeImporter/Content/SpeedTree9/UnpackInteger3.uasset" 530
"../../../Engine/Plugins/Editor/SpeedTreeImporter/Content/SpeedTree9/UnpackInteger3.uexp" 531
"../../../Engine/Plugins/Editor/SpeedTreeImporter/Content/SpeedTree9/UnpackDirection.uasset" 532
"../../../Engine/Plugins/Editor/SpeedTreeImporter/Content/SpeedTree9/UnpackDirection.uexp" 533
"../../../Engine/Plugins/Editor/SpeedTreeImporter/Content/SpeedTree9/game_wind_noise.ubulk" 534
"../../../Engine/Plugins/Editor/SpeedTreeImporter/Content/SpeedTree9/game_wind_noise.uasset" 535
"../../../Engine/Plugins/Editor/SpeedTreeImporter/Content/SpeedTree9/game_wind_noise.uexp" 536
"../../../Engine/Plugins/Editor/SpeedTreeImporter/Content/SpeedTree9/SpeedTreeWindMotion.uasset" 537
"../../../Engine/Plugins/Editor/SpeedTreeImporter/Content/SpeedTree9/SpeedTreeWindMotion.uexp" 538
"../../../Engine/Content/Functions/Engine_MaterialFunctions02/ObjectLocalBounds.uasset" 539
"../../../Engine/Content/Functions/Engine_MaterialFunctions02/ObjectLocalBounds.uexp" 540
"../../../Engine/Content/Functions/Engine_MaterialFunctions02/UVs/BoundingBoxBased_0-1_UVW.uasset" 541
"../../../Engine/Content/Functions/Engine_MaterialFunctions02/UVs/BoundingBoxBased_0-1_UVW.uexp" 542
"../../../Engine/Plugins/Editor/SpeedTreeImporter/Content/SpeedTree9/SpeedTreeBranchMotion.uasset" 543
"../../../Engine/Plugins/Editor/SpeedTreeImporter/Content/SpeedTree9/SpeedTreeBranchMotion.uexp" 544
"../../../Engine/Plugins/Editor/SpeedTreeImporter/Content/SpeedTree9/SpeedTreeWind.uasset" 545
"../../../Engine/Plugins/Editor/SpeedTreeImporter/Content/SpeedTree9/SpeedTreeWind.uexp" 546
"../../../Engine/Plugins/Editor/SpeedTreeImporter/Content/SpeedTree9/SpeedTreeCameraFacing.uasset" 547
"../../../Engine/Plugins/Editor/SpeedTreeImporter/Content/SpeedTree9/SpeedTreeCameraFacing.uexp" 548
"../../../Engine/Plugins/Editor/SpeedTreeImporter/Content/SpeedTree9/EmptyNormal.uasset" 549
"../../../Engine/Plugins/Editor/SpeedTreeImporter/Content/SpeedTree9/EmptyNormal.uexp" 550
"../../../Engine/Plugins/Editor/SpeedTreeImporter/Content/SpeedTree9/Empty.uasset" 551
"../../../Engine/Plugins/Editor/SpeedTreeImporter/Content/SpeedTree9/Empty.uexp" 552
"../../../Engine/Plugins/Editor/SpeedTreeImporter/Content/SpeedTree9/SpeedTreeMaster.uasset" 553
"../../../Engine/Plugins/Editor/SpeedTreeImporter/Content/SpeedTree9/SpeedTreeMaster.uexp" 554
"../../../Engine/Plugins/Editor/SpeedTreeImporter/Content/SpeedTree9/SpeedTreeBillboard.uasset" 555
"../../../Engine/Plugins/Editor/SpeedTreeImporter/Content/SpeedTree9/SpeedTreeBillboard.uexp" 556
"../../../Engine/Plugins/Editor/SpeedTreeImporter/Content/SpeedTree9/SpeedTreeBillboardMaster.uasset" 557
"../../../Engine/Plugins/Editor/SpeedTreeImporter/Content/SpeedTree9/SpeedTreeBillboardMaster.uexp" 558
"../../../Engine/Plugins/Animation/ControlRig/Content/Controls/ControlRig_Wedge_solid.ubulk" 559
"../../../Engine/Plugins/Animation/ControlRig/Content/Controls/ControlRig_Wedge_solid.uasset" 560
"../../../Engine/Plugins/Animation/ControlRig/Content/Controls/ControlRig_Wedge_solid.uexp" 561
"../../../Engine/Plugins/Animation/ControlRig/Content/Controls/ControlRig_Wedge_3mm.ubulk" 562
"../../../Engine/Plugins/Animation/ControlRig/Content/Controls/ControlRig_Wedge_3mm.uasset" 563
"../../../Engine/Plugins/Animation/ControlRig/Content/Controls/ControlRig_Wedge_3mm.uexp" 564
"../../../Engine/Plugins/Animation/ControlRig/Content/Controls/ControlRig_Wedge_1mm.ubulk" 565
"../../../Engine/Plugins/Animation/ControlRig/Content/Controls/ControlRig_Wedge_1mm.uasset" 566
"../../../Engine/Plugins/Animation/ControlRig/Content/Controls/ControlRig_Wedge_1mm.uexp" 567
"../../../Engine/Plugins/Animation/ControlRig/Content/Controls/ControlRig_Triangle_solid.ubulk" 568
"../../../Engine/Plugins/Animation/ControlRig/Content/Controls/ControlRig_Triangle_solid.uasset" 569
"../../../Engine/Plugins/Animation/ControlRig/Content/Controls/ControlRig_Triangle_solid.uexp" 570
"../../../Engine/Plugins/Animation/ControlRig/Content/Controls/ControlRig_Triangle_3mm.ubulk" 571
"../../../Engine/Plugins/Animation/ControlRig/Content/Controls/ControlRig_Triangle_3mm.uasset" 572
"../../../Engine/Plugins/Animation/ControlRig/Content/Controls/ControlRig_Triangle_3mm.uexp" 573
"../../../Engine/Plugins/Animation/ControlRig/Content/Controls/ControlRig_Triangle_1mm.ubulk" 574
"../../../Engine/Plugins/Animation/ControlRig/Content/Controls/ControlRig_Triangle_1mm.uasset" 575
"../../../Engine/Plugins/Animation/ControlRig/Content/Controls/ControlRig_Triangle_1mm.uexp" 576
"../../../Engine/Plugins/Animation/ControlRig/Content/Controls/ControlRig_Star4_solid.ubulk" 577
"../../../Engine/Plugins/Animation/ControlRig/Content/Controls/ControlRig_Star4_solid.uasset" 578
"../../../Engine/Plugins/Animation/ControlRig/Content/Controls/ControlRig_Star4_solid.uexp" 579
"../../../Engine/Plugins/Animation/ControlRig/Content/Controls/ControlRig_Star4_3mm.ubulk" 580
"../../../Engine/Plugins/Animation/ControlRig/Content/Controls/ControlRig_Star4_3mm.uasset" 581
"../../../Engine/Plugins/Animation/ControlRig/Content/Controls/ControlRig_Star4_3mm.uexp" 582
"../../../Engine/Plugins/Animation/ControlRig/Content/Controls/ControlRig_Star4_1mm.ubulk" 583
"../../../Engine/Plugins/Animation/ControlRig/Content/Controls/ControlRig_Star4_1mm.uasset" 584
"../../../Engine/Plugins/Animation/ControlRig/Content/Controls/ControlRig_Star4_1mm.uexp" 585
"../../../Engine/Plugins/Animation/ControlRig/Content/Controls/ControlRig_Square_solid.ubulk" 586
"../../../Engine/Plugins/Animation/ControlRig/Content/Controls/ControlRig_Square_solid.uasset" 587
"../../../Engine/Plugins/Animation/ControlRig/Content/Controls/ControlRig_Square_solid.uexp" 588
"../../../Engine/Plugins/Animation/ControlRig/Content/Controls/ControlRig_Square_3mm.ubulk" 589
"../../../Engine/Plugins/Animation/ControlRig/Content/Controls/ControlRig_Square_3mm.uasset" 590
"../../../Engine/Plugins/Animation/ControlRig/Content/Controls/ControlRig_Square_3mm.uexp" 591
"../../../Engine/Plugins/Animation/ControlRig/Content/Controls/ControlRig_Square_1mm.ubulk" 592
"../../../Engine/Plugins/Animation/ControlRig/Content/Controls/ControlRig_Square_1mm.uasset" 593
"../../../Engine/Plugins/Animation/ControlRig/Content/Controls/ControlRig_Square_1mm.uexp" 594
"../../../Engine/Plugins/Animation/ControlRig/Content/Controls/ControlRig_Sphere_solid.ubulk" 595
"../../../Engine/Plugins/Animation/ControlRig/Content/Controls/ControlRig_Sphere_solid.uasset" 596
"../../../Engine/Plugins/Animation/ControlRig/Content/Controls/ControlRig_Sphere_solid.uexp" 597
"../../../Engine/Plugins/Animation/ControlRig/Content/Controls/ControlRig_Sphere_3mm.ubulk" 598
"../../../Engine/Plugins/Animation/ControlRig/Content/Controls/ControlRig_Sphere_3mm.uasset" 599
"../../../Engine/Plugins/Animation/ControlRig/Content/Controls/ControlRig_Sphere_3mm.uexp" 600
"../../../Engine/Plugins/Animation/ControlRig/Content/Controls/ControlRig_Sphere_1mm.ubulk" 601
"../../../Engine/Plugins/Animation/ControlRig/Content/Controls/ControlRig_Sphere_1mm.uasset" 602
"../../../Engine/Plugins/Animation/ControlRig/Content/Controls/ControlRig_Sphere_1mm.uexp" 603
"../../../Engine/Plugins/Animation/ControlRig/Content/Controls/ControlRig_RoundedTriangle_solid.ubulk" 604
"../../../Engine/Plugins/Animation/ControlRig/Content/Controls/ControlRig_RoundedTriangle_solid.uasset" 605
"../../../Engine/Plugins/Animation/ControlRig/Content/Controls/ControlRig_RoundedTriangle_solid.uexp" 606
"../../../Engine/Plugins/Animation/ControlRig/Content/Controls/ControlRig_RoundedTriangle_3mm.ubulk" 607
"../../../Engine/Plugins/Animation/ControlRig/Content/Controls/ControlRig_RoundedTriangle_3mm.uasset" 608
"../../../Engine/Plugins/Animation/ControlRig/Content/Controls/ControlRig_RoundedTriangle_3mm.uexp" 609
"../../../Engine/Plugins/Animation/ControlRig/Content/Controls/ControlRig_RoundedTriangle_1mm.ubulk" 610
"../../../Engine/Plugins/Animation/ControlRig/Content/Controls/ControlRig_RoundedTriangle_1mm.uasset" 611
"../../../Engine/Plugins/Animation/ControlRig/Content/Controls/ControlRig_RoundedTriangle_1mm.uexp" 612
"../../../Engine/Plugins/Animation/ControlRig/Content/Controls/ControlRig_RoundedSquare_solid.ubulk" 613
"../../../Engine/Plugins/Animation/ControlRig/Content/Controls/ControlRig_RoundedSquare_solid.uasset" 614
"../../../Engine/Plugins/Animation/ControlRig/Content/Controls/ControlRig_RoundedSquare_solid.uexp" 615
"../../../Engine/Plugins/Animation/ControlRig/Content/Controls/ControlRig_RoundedSquare_3mm.ubulk" 616
"../../../Engine/Plugins/Animation/ControlRig/Content/Controls/ControlRig_RoundedSquare_3mm.uasset" 617
"../../../Engine/Plugins/Animation/ControlRig/Content/Controls/ControlRig_RoundedSquare_3mm.uexp" 618
"../../../Engine/Plugins/Animation/ControlRig/Content/Controls/ControlRig_RoundedSquare_1mm.ubulk" 619
"../../../Engine/Plugins/Animation/ControlRig/Content/Controls/ControlRig_RoundedSquare_1mm.uasset" 620
"../../../Engine/Plugins/Animation/ControlRig/Content/Controls/ControlRig_RoundedSquare_1mm.uexp" 621
"../../../Engine/Plugins/Animation/ControlRig/Content/Controls/ControlRig_QuarterCircle_solid.ubulk" 622
"../../../Engine/Plugins/Animation/ControlRig/Content/Controls/ControlRig_QuarterCircle_solid.uasset" 623
"../../../Engine/Plugins/Animation/ControlRig/Content/Controls/ControlRig_QuarterCircle_solid.uexp" 624
"../../../Engine/Plugins/Animation/ControlRig/Content/Controls/ControlRig_QuarterCircle_3mm.ubulk" 625
"../../../Engine/Plugins/Animation/ControlRig/Content/Controls/ControlRig_QuarterCircle_3mm.uasset" 626
"../../../Engine/Plugins/Animation/ControlRig/Content/Controls/ControlRig_QuarterCircle_3mm.uexp" 627
"../../../Engine/Plugins/Animation/ControlRig/Content/Controls/ControlRig_QuarterCircle_1mm.ubulk" 628
"../../../Engine/Plugins/Animation/ControlRig/Content/Controls/ControlRig_QuarterCircle_1mm.uasset" 629
"../../../Engine/Plugins/Animation/ControlRig/Content/Controls/ControlRig_QuarterCircle_1mm.uexp" 630
"../../../Engine/Plugins/Animation/ControlRig/Content/Controls/ControlRig_Pyramid_solid.ubulk" 631
"../../../Engine/Plugins/Animation/ControlRig/Content/Controls/ControlRig_Pyramid_solid.uasset" 632
"../../../Engine/Plugins/Animation/ControlRig/Content/Controls/ControlRig_Pyramid_solid.uexp" 633
"../../../Engine/Plugins/Animation/ControlRig/Content/Controls/ControlRig_Pyramid_3mm.ubulk" 634
"../../../Engine/Plugins/Animation/ControlRig/Content/Controls/ControlRig_Pyramid_3mm.uasset" 635
"../../../Engine/Plugins/Animation/ControlRig/Content/Controls/ControlRig_Pyramid_3mm.uexp" 636
"../../../Engine/Plugins/Animation/ControlRig/Content/Controls/ControlRig_Pyramid_1mm.ubulk" 637
"../../../Engine/Plugins/Animation/ControlRig/Content/Controls/ControlRig_Pyramid_1mm.uasset" 638
"../../../Engine/Plugins/Animation/ControlRig/Content/Controls/ControlRig_Pyramid_1mm.uexp" 639
"../../../Engine/Plugins/Animation/ControlRig/Content/Controls/ControlRig_Octagon_solid.ubulk" 640
"../../../Engine/Plugins/Animation/ControlRig/Content/Controls/ControlRig_Octagon_solid.uasset" 641
"../../../Engine/Plugins/Animation/ControlRig/Content/Controls/ControlRig_Octagon_solid.uexp" 642
"../../../Engine/Plugins/Animation/ControlRig/Content/Controls/ControlRig_Octagon_3mm.ubulk" 643
"../../../Engine/Plugins/Animation/ControlRig/Content/Controls/ControlRig_Octagon_3mm.uasset" 644
"../../../Engine/Plugins/Animation/ControlRig/Content/Controls/ControlRig_Octagon_3mm.uexp" 645
"../../../Engine/Plugins/Animation/ControlRig/Content/Controls/ControlRig_Octagon_1mm.ubulk" 646
"../../../Engine/Plugins/Animation/ControlRig/Content/Controls/ControlRig_Octagon_1mm.uasset" 647
"../../../Engine/Plugins/Animation/ControlRig/Content/Controls/ControlRig_Octagon_1mm.uexp" 648
"../../../Engine/Plugins/Animation/ControlRig/Content/Controls/ControlRig_Hexagon_solid.ubulk" 649
"../../../Engine/Plugins/Animation/ControlRig/Content/Controls/ControlRig_Hexagon_solid.uasset" 650
"../../../Engine/Plugins/Animation/ControlRig/Content/Controls/ControlRig_Hexagon_solid.uexp" 651
"../../../Engine/Plugins/Animation/ControlRig/Content/Controls/ControlRig_Hexagon_3mm.ubulk" 652
"../../../Engine/Plugins/Animation/ControlRig/Content/Controls/ControlRig_Hexagon_3mm.uasset" 653
"../../../Engine/Plugins/Animation/ControlRig/Content/Controls/ControlRig_Hexagon_3mm.uexp" 654
"../../../Engine/Plugins/Animation/ControlRig/Content/Controls/ControlRig_Hexagon_1mm.ubulk" 655
"../../../Engine/Plugins/Animation/ControlRig/Content/Controls/ControlRig_Hexagon_1mm.uasset" 656
"../../../Engine/Plugins/Animation/ControlRig/Content/Controls/ControlRig_Hexagon_1mm.uexp" 657
"../../../Engine/Plugins/Animation/ControlRig/Content/Controls/ControlRig_HalfCircle_solid.ubulk" 658
"../../../Engine/Plugins/Animation/ControlRig/Content/Controls/ControlRig_HalfCircle_solid.uasset" 659
"../../../Engine/Plugins/Animation/ControlRig/Content/Controls/ControlRig_HalfCircle_solid.uexp" 660
"../../../Engine/Plugins/Animation/ControlRig/Content/Controls/ControlRig_HalfCircle_3mm.ubulk" 661
"../../../Engine/Plugins/Animation/ControlRig/Content/Controls/ControlRig_HalfCircle_3mm.uasset" 662
"../../../Engine/Plugins/Animation/ControlRig/Content/Controls/ControlRig_HalfCircle_3mm.uexp" 663
"../../../Engine/Plugins/Animation/ControlRig/Content/Controls/ControlRig_HalfCircle_1mm.ubulk" 664
"../../../Engine/Plugins/Animation/ControlRig/Content/Controls/ControlRig_HalfCircle_1mm.uasset" 665
"../../../Engine/Plugins/Animation/ControlRig/Content/Controls/ControlRig_HalfCircle_1mm.uexp" 666
"../../../Engine/Plugins/Animation/ControlRig/Content/Controls/ControlRig_Diamond_solid.ubulk" 667
"../../../Engine/Plugins/Animation/ControlRig/Content/Controls/ControlRig_Diamond_solid.uasset" 668
"../../../Engine/Plugins/Animation/ControlRig/Content/Controls/ControlRig_Diamond_solid.uexp" 669
"../../../Engine/Plugins/Animation/ControlRig/Content/Controls/ControlRig_Diamond_3mm.ubulk" 670
"../../../Engine/Plugins/Animation/ControlRig/Content/Controls/ControlRig_Diamond_3mm.uasset" 671
"../../../Engine/Plugins/Animation/ControlRig/Content/Controls/ControlRig_Diamond_3mm.uexp" 672
"../../../Engine/Plugins/Animation/ControlRig/Content/Controls/ControlRig_Diamond_1mm.ubulk" 673
"../../../Engine/Plugins/Animation/ControlRig/Content/Controls/ControlRig_Diamond_1mm.uasset" 674
"../../../Engine/Plugins/Animation/ControlRig/Content/Controls/ControlRig_Diamond_1mm.uexp" 675
"../../../Engine/Plugins/Animation/ControlRig/Content/Controls/ControlRig_Circle_solid.ubulk" 676
"../../../Engine/Plugins/Animation/ControlRig/Content/Controls/ControlRig_Circle_solid.uasset" 677
"../../../Engine/Plugins/Animation/ControlRig/Content/Controls/ControlRig_Circle_solid.uexp" 678
"../../../Engine/Plugins/Animation/ControlRig/Content/Controls/ControlRig_Circle_3mm.ubulk" 679
"../../../Engine/Plugins/Animation/ControlRig/Content/Controls/ControlRig_Circle_3mm.uasset" 680
"../../../Engine/Plugins/Animation/ControlRig/Content/Controls/ControlRig_Circle_3mm.uexp" 681
"../../../Engine/Plugins/Animation/ControlRig/Content/Controls/ControlRig_Circle_1mm.ubulk" 682
"../../../Engine/Plugins/Animation/ControlRig/Content/Controls/ControlRig_Circle_1mm.uasset" 683
"../../../Engine/Plugins/Animation/ControlRig/Content/Controls/ControlRig_Circle_1mm.uexp" 684
"../../../Engine/Plugins/Animation/ControlRig/Content/Controls/ControlRig_Box_solid.ubulk" 685
"../../../Engine/Plugins/Animation/ControlRig/Content/Controls/ControlRig_Box_solid.uasset" 686
"../../../Engine/Plugins/Animation/ControlRig/Content/Controls/ControlRig_Box_solid.uexp" 687
"../../../Engine/Plugins/Animation/ControlRig/Content/Controls/ControlRig_Box_3mm.ubulk" 688
"../../../Engine/Plugins/Animation/ControlRig/Content/Controls/ControlRig_Box_3mm.uasset" 689
"../../../Engine/Plugins/Animation/ControlRig/Content/Controls/ControlRig_Box_3mm.uexp" 690
"../../../Engine/Plugins/Animation/ControlRig/Content/Controls/ControlRig_Box_1mm.ubulk" 691
"../../../Engine/Plugins/Animation/ControlRig/Content/Controls/ControlRig_Box_1mm.uasset" 692
"../../../Engine/Plugins/Animation/ControlRig/Content/Controls/ControlRig_Box_1mm.uexp" 693
"../../../Engine/Plugins/Animation/ControlRig/Content/Controls/ControlRig_Arrow_solid.ubulk" 694
"../../../Engine/Plugins/Animation/ControlRig/Content/Controls/ControlRig_Arrow_solid.uasset" 695
"../../../Engine/Plugins/Animation/ControlRig/Content/Controls/ControlRig_Arrow_solid.uexp" 696
"../../../Engine/Plugins/Animation/ControlRig/Content/Controls/ControlRig_Arrow_3mm.ubulk" 697
"../../../Engine/Plugins/Animation/ControlRig/Content/Controls/ControlRig_Arrow_3mm.uasset" 698
"../../../Engine/Plugins/Animation/ControlRig/Content/Controls/ControlRig_Arrow_3mm.uexp" 699
"../../../Engine/Plugins/Animation/ControlRig/Content/Controls/ControlRig_Arrow_1mm.ubulk" 700
"../../../Engine/Plugins/Animation/ControlRig/Content/Controls/ControlRig_Arrow_1mm.uasset" 701
"../../../Engine/Plugins/Animation/ControlRig/Content/Controls/ControlRig_Arrow_1mm.uexp" 702
"../../../Engine/Plugins/Animation/ControlRig/Content/Controls/ControlRig_Arrow4_solid.ubulk" 703
"../../../Engine/Plugins/Animation/ControlRig/Content/Controls/ControlRig_Arrow4_solid.uasset" 704
"../../../Engine/Plugins/Animation/ControlRig/Content/Controls/ControlRig_Arrow4_solid.uexp" 705
"../../../Engine/Plugins/Animation/ControlRig/Content/Controls/ControlRig_Arrow4_3mm.ubulk" 706
"../../../Engine/Plugins/Animation/ControlRig/Content/Controls/ControlRig_Arrow4_3mm.uasset" 707
"../../../Engine/Plugins/Animation/ControlRig/Content/Controls/ControlRig_Arrow4_3mm.uexp" 708
"../../../Engine/Plugins/Animation/ControlRig/Content/Controls/ControlRig_Arrow4_1mm.ubulk" 709
"../../../Engine/Plugins/Animation/ControlRig/Content/Controls/ControlRig_Arrow4_1mm.uasset" 710
"../../../Engine/Plugins/Animation/ControlRig/Content/Controls/ControlRig_Arrow4_1mm.uexp" 711
"../../../Engine/Plugins/Animation/ControlRig/Content/Controls/ControlRig_Arrow2_solid.ubulk" 712
"../../../Engine/Plugins/Animation/ControlRig/Content/Controls/ControlRig_Arrow2_solid.uasset" 713
"../../../Engine/Plugins/Animation/ControlRig/Content/Controls/ControlRig_Arrow2_solid.uexp" 714
"../../../Engine/Plugins/Animation/ControlRig/Content/Controls/ControlRig_Arrow2_3mm.ubulk" 715
"../../../Engine/Plugins/Animation/ControlRig/Content/Controls/ControlRig_Arrow2_3mm.uasset" 716
"../../../Engine/Plugins/Animation/ControlRig/Content/Controls/ControlRig_Arrow2_3mm.uexp" 717
"../../../Engine/Plugins/Animation/ControlRig/Content/Controls/ControlRig_Arrow2_1mm.ubulk" 718
"../../../Engine/Plugins/Animation/ControlRig/Content/Controls/ControlRig_Arrow2_1mm.uasset" 719
"../../../Engine/Plugins/Animation/ControlRig/Content/Controls/ControlRig_Arrow2_1mm.uexp" 720
"../../../Engine/Plugins/Animation/ControlRig/Content/Controls/ControlRigXRayMaterial.uasset" 721
"../../../Engine/Plugins/Animation/ControlRig/Content/Controls/ControlRigXRayMaterial.uexp" 722
"../../../Engine/Plugins/Animation/ControlRig/Content/Controls/ControlRigGizmoMaterial.uasset" 723
"../../../Engine/Plugins/Animation/ControlRig/Content/Controls/ControlRigGizmoMaterial.uexp" 724
"../../../Engine/Content/EngineResources/FilmGrains/Marcie_Grain_v3_128_M2_000.uasset" 725
"../../../Engine/Content/EngineResources/FilmGrains/Marcie_Grain_v3_128_M2_000.uexp" 726
"../../../Engine/Content/EngineResources/Development/ZenLogo_64.uasset" 727
"../../../Engine/Content/EngineResources/Development/ZenLogo_64.uexp" 728
"../../../Engine/Content/EngineMaterials/LTC/Sheen_LTC.uasset" 729
"../../../Engine/Content/EngineMaterials/LTC/Sheen_LTC.uexp" 730
"../../../Engine/Content/EngineMaterials/LTC/GGX_LTCMat.uasset" 731
"../../../Engine/Content/EngineMaterials/LTC/GGX_LTCMat.uexp" 732
"../../../Engine/Content/EngineMaterials/LTC/GGX_LTCAmp.uasset" 733
"../../../Engine/Content/EngineMaterials/LTC/GGX_LTCAmp.uexp" 734
"../../../Engine/Content/EngineMaterials/EnergyConservation/Sheen_Energy.uasset" 735
"../../../Engine/Content/EngineMaterials/EnergyConservation/Sheen_Energy.uexp" 736
"../../../Engine/Content/EngineMaterials/EnergyConservation/SheenLegacy_Energy.uasset" 737
"../../../Engine/Content/EngineMaterials/EnergyConservation/SheenLegacy_Energy.uexp" 738
"../../../Engine/Content/EngineMaterials/EnergyConservation/GGX_TransmissionEnergyArray.uasset" 739
"../../../Engine/Content/EngineMaterials/EnergyConservation/GGX_TransmissionEnergyArray.uexp" 740
"../../../Engine/Content/EngineMaterials/EnergyConservation/GGX_ReflectionEnergy.uasset" 741
"../../../Engine/Content/EngineMaterials/EnergyConservation/GGX_ReflectionEnergy.uexp" 742
"../../../Engine/Content/EngineMaterials/EnergyConservation/Diffuse_Energy.uasset" 743
"../../../Engine/Content/EngineMaterials/EnergyConservation/Diffuse_Energy.uexp" 744
"../../../Engine/Content/EditorResources/SequenceRecorder/RecordingIndicator.uasset" 745
"../../../Engine/Content/EditorResources/SequenceRecorder/RecordingIndicator.uexp" 746
"../../../Engine/Content/EditorResources/SequenceRecorder/Countdown.uasset" 747
"../../../Engine/Content/EditorResources/SequenceRecorder/Countdown.uexp" 748
"../../../Engine/Content/EditorMaterials/Camera/CineMat.uasset" 749
"../../../Engine/Content/EditorMaterials/Camera/CineMat.uexp" 750
"../../../Engine/Content/EditorMaterials/Camera/MI_CineMat_Rig.uasset" 751
"../../../Engine/Content/EditorMaterials/Camera/MI_CineMat_Rig.uexp" 752
"../../../Engine/Content/EditorMeshes/Camera/SM_RailRig_Track.ubulk" 753
"../../../Engine/Content/EditorMeshes/Camera/SM_RailRig_Track.uasset" 754
"../../../Engine/Content/EditorMeshes/Camera/SM_RailRig_Track.uexp" 755
"../../../Engine/Content/EditorMeshes/Camera/SM_RailRig_Mount.ubulk" 756
"../../../Engine/Content/EditorMeshes/Camera/SM_RailRig_Mount.uasset" 757
"../../../Engine/Content/EditorMeshes/Camera/SM_RailRig_Mount.uexp" 758
"../../../Engine/Content/EditorMeshes/Camera/SM_CraneRig_Mount.ubulk" 759
"../../../Engine/Content/EditorMeshes/Camera/SM_CraneRig_Mount.uasset" 760
"../../../Engine/Content/EditorMeshes/Camera/SM_CraneRig_Mount.uexp" 761
"../../../Engine/Content/EditorMeshes/Camera/SM_CraneRig_Body.ubulk" 762
"../../../Engine/Content/EditorMeshes/Camera/SM_CraneRig_Body.uasset" 763
"../../../Engine/Content/EditorMeshes/Camera/SM_CraneRig_Body.uexp" 764
"../../../Engine/Content/EditorMeshes/Camera/SM_CraneRig_Base.ubulk" 765
"../../../Engine/Content/EditorMeshes/Camera/SM_CraneRig_Base.uasset" 766
"../../../Engine/Content/EditorMeshes/Camera/SM_CraneRig_Base.uexp" 767
"../../../Engine/Content/EditorMeshes/Camera/SM_CraneRig_Arm.ubulk" 768
"../../../Engine/Content/EditorMeshes/Camera/SM_CraneRig_Arm.uasset" 769
"../../../Engine/Content/EditorMeshes/Camera/SM_CraneRig_Arm.uexp" 770
"../../../Engine/Content/EditorMaterials/ParticleSystems/PSysThumbnail_OOD.ubulk" 771
"../../../Engine/Content/EditorMaterials/ParticleSystems/PSysThumbnail_OOD.uasset" 772
"../../../Engine/Content/EditorMaterials/ParticleSystems/PSysThumbnail_OOD.uexp" 773
"../../../Engine/Content/EditorMaterials/ParticleSystems/PSysThumbnail_NoImage.ubulk" 774
"../../../Engine/Content/EditorMaterials/ParticleSystems/PSysThumbnail_NoImage.uasset" 775
"../../../Engine/Content/EditorMaterials/ParticleSystems/PSysThumbnail_NoImage.uexp" 776
"../../../Engine/Content/EditorMaterials/Dataflow/DataflowVertexMaterial.uasset" 777
"../../../Engine/Content/EditorMaterials/Dataflow/DataflowVertexMaterial.uexp" 778
"../../../Engine/Content/EditorMaterials/Dataflow/DataflowTwoSidedVertexMaterial.uasset" 779
"../../../Engine/Content/EditorMaterials/Dataflow/DataflowTwoSidedVertexMaterial.uexp" 780
"../../../Engine/Plugins/Experimental/Landmass/Content/Landscape/Meshes/S_SpritePlane.ubulk" 781
"../../../Engine/Plugins/Experimental/Landmass/Content/Landscape/Meshes/S_SpritePlane.uasset" 782
"../../../Engine/Plugins/Experimental/Landmass/Content/Landscape/Meshes/S_SpritePlane.uexp" 783
"../../../Engine/Content/VREditor/TransformGizmo/Xray.uasset" 784
"../../../Engine/Content/VREditor/TransformGizmo/Xray.uexp" 785
"../../../Engine/Content/VREditor/TransformGizmo/Main.uasset" 786
"../../../Engine/Content/VREditor/TransformGizmo/Main.uexp" 787
"../../../Engine/Content/VREditor/TransformGizmo/SM_Sequencer_Node.ubulk" 788
"../../../Engine/Content/VREditor/TransformGizmo/SM_Sequencer_Node.uasset" 789
"../../../Engine/Content/VREditor/TransformGizmo/SM_Sequencer_Node.uexp" 790
"../../../Engine/Content/VREditor/TransformGizmo/TranslucentTransformGizmoMaterial.uasset" 791
"../../../Engine/Content/VREditor/TransformGizmo/TranslucentTransformGizmoMaterial.uexp" 792
"../../../Engine/Content/VREditor/LaserPointer/VR_LaserPower_01.ubulk" 793
"../../../Engine/Content/VREditor/LaserPointer/VR_LaserPower_01.uasset" 794
"../../../Engine/Content/VREditor/LaserPointer/VR_LaserPower_01.uexp" 795
"../../../Engine/Content/VREditor/TransformGizmo/TransformGizmoMaterial.uasset" 796
"../../../Engine/Content/VREditor/TransformGizmo/TransformGizmoMaterial.uexp" 797
"../../../Engine/Content/VREditor/TransformGizmo/BoundingBoxEdge.ubulk" 798
"../../../Engine/Content/VREditor/TransformGizmo/BoundingBoxEdge.uasset" 799
"../../../Engine/Content/VREditor/TransformGizmo/BoundingBoxEdge.uexp" 800
"../../../Engine/Content/VREditor/TransformGizmo/BoundingBoxCorner.ubulk" 801
"../../../Engine/Content/VREditor/TransformGizmo/BoundingBoxCorner.uasset" 802
"../../../Engine/Content/VREditor/TransformGizmo/BoundingBoxCorner.uexp" 803
"../../../Engine/Content/ArtTools/RenderToTexture/Meshes/S_1_Unit_Plane.ubulk" 804
"../../../Engine/Content/ArtTools/RenderToTexture/Meshes/S_1_Unit_Plane.uasset" 805
"../../../Engine/Content/ArtTools/RenderToTexture/Meshes/S_1_Unit_Plane.uexp" 806
"D:/ProgrammazioneAvanzata/ImpetusFirstLevel/Content/Player/Mannequins/Meshes/SK_Mannequin.uasset" 807
"D:/ProgrammazioneAvanzata/ImpetusFirstLevel/Content/Player/Mannequins/Meshes/SK_Mannequin.uexp" 808
"../../../Engine/Content/EngineMaterials/Substrate/Glints2/AGlintTex2dArray2.uasset" 809
"../../../Engine/Content/EngineMaterials/Substrate/Glints2/AGlintTex2dArray2.uexp" 810
"../../../Engine/Content/EngineMaterials/Substrate/GLints/AGlintTex2dArray.uasset" 811
"../../../Engine/Content/EngineMaterials/Substrate/GLints/AGlintTex2dArray.uexp" 812
"../../../Engine/Content/Functions/Engine_MaterialFunctions01/Shading/PowerToRoughness.uasset" 813
"../../../Engine/Content/Functions/Engine_MaterialFunctions01/Shading/PowerToRoughness.uexp" 814
"../../../Engine/Content/Functions/Engine_MaterialFunctions01/Shading/ConvertFromDiffSpec.uasset" 815
"../../../Engine/Content/Functions/Engine_MaterialFunctions01/Shading/ConvertFromDiffSpec.uexp" 816
"../../../Engine/Content/EditorResources/S_Terrain.ubulk" 817
"../../../Engine/Content/EditorResources/S_Terrain.uasset" 818
"../../../Engine/Content/EditorResources/S_Terrain.uexp" 819
"../../../Engine/Content/Functions/Engine_MaterialFunctions02/WorldPositionOffset/ComponentPivotLocation.uasset" 820
"../../../Engine/Content/Functions/Engine_MaterialFunctions02/WorldPositionOffset/ComponentPivotLocation.uexp" 821
"../../../Engine/Content/Functions/Engine_MaterialFunctions02/WorldPositionOffset/V2/ObjectScale.uasset" 822
"../../../Engine/Content/Functions/Engine_MaterialFunctions02/WorldPositionOffset/V2/ObjectScale.uexp" 823
"../../../Engine/Content/Functions/Engine_MaterialFunctions02/WorldPositionOffset/Sprite.uasset" 824
"../../../Engine/Content/Functions/Engine_MaterialFunctions02/WorldPositionOffset/Sprite.uexp" 825
"../../../Engine/Plugins/Experimental/Landmass/Content/Landscape/BlueprintBrushes/Materials/Sprite/M_BrushSprite_01.uasset" 826
"../../../Engine/Plugins/Experimental/Landmass/Content/Landscape/BlueprintBrushes/Materials/Sprite/M_BrushSprite_01.uexp" 827
"../../../Engine/Content/EngineResources/Black_Low.uasset" 828
"../../../Engine/Content/EngineResources/Black_Low.uexp" 829
"../../../Engine/Content/EngineMaterials/BlendFunc_DefBlend.uasset" 830
"../../../Engine/Content/EngineMaterials/BlendFunc_DefBlend.uexp" 831
"../../../Engine/Content/EngineMaterials/BlendFunc_DefBase.uasset" 832
"../../../Engine/Content/EngineMaterials/BlendFunc_DefBase.uexp" 833
"../../../Engine/Content/Functions/Engine_MaterialFunctions03/Procedurals/ComputeFilterWidth.uasset" 834
"../../../Engine/Content/Functions/Engine_MaterialFunctions03/Procedurals/ComputeFilterWidth.uexp" 835
"../../../Engine/Content/EditorMaterials/TilingAALineIntegral.uasset" 836
"../../../Engine/Content/EditorMaterials/TilingAALineIntegral.uexp" 837
"../../../Engine/Content/EditorMaterials/TilingAALineBoxFiltered.uasset" 838
"../../../Engine/Content/EditorMaterials/TilingAALineBoxFiltered.uexp" 839
"../../../Engine/Content/Functions/Engine_MaterialFunctions03/Blends/Blend_Screen.uasset" 840
"../../../Engine/Content/Functions/Engine_MaterialFunctions03/Blends/Blend_Screen.uexp" 841
"../../../Engine/Content/EditorMaterials/TilingAAGrid.uasset" 842
"../../../Engine/Content/EditorMaterials/TilingAAGrid.uexp" 843
"../../../Engine/Plugins/Experimental/Landmass/Content/Landscape/BlueprintBrushes/MPC/MPC_Landscape.uasset" 844
"../../../Engine/Plugins/Experimental/Landmass/Content/Landscape/BlueprintBrushes/MPC/MPC_Landscape.uexp" 845
"../../../Engine/Plugins/Experimental/Landmass/Content/Landscape/BlueprintBrushes/MF/PointSampleLandscapeUVs.uasset" 846
"../../../Engine/Plugins/Experimental/Landmass/Content/Landscape/BlueprintBrushes/MF/PointSampleLandscapeUVs.uexp" 847
"../../../Engine/Content/Functions/Engine_MaterialFunctions01/ImageAdjustment/SCurve.uasset" 848
"../../../Engine/Content/Functions/Engine_MaterialFunctions01/ImageAdjustment/SCurve.uexp" 849
"../../../Engine/Content/ArtTools/RenderToTexture/Textures/T_EV_BlankWhite_01.uasset" 850
"../../../Engine/Content/ArtTools/RenderToTexture/Textures/T_EV_BlankWhite_01.uexp" 851
"../../../Engine/Plugins/Experimental/Landmass/Content/Landscape/OldPrototype_BP/Mats/MF/UnpackRG8Height.uasset" 852
"../../../Engine/Plugins/Experimental/Landmass/Content/Landscape/OldPrototype_BP/Mats/MF/UnpackRG8Height.uexp" 853
"../../../Engine/Plugins/Experimental/Landmass/Content/Landscape/BlueprintBrushes/MF/LandmassBrush_UVs.uasset" 854
"../../../Engine/Plugins/Experimental/Landmass/Content/Landscape/BlueprintBrushes/MF/LandmassBrush_UVs.uexp" 855
"../../../Engine/Plugins/Experimental/Landmass/Content/Landscape/BlueprintBrushes/MF/Landmass_BrushTilt.uasset" 856
"../../../Engine/Plugins/Experimental/Landmass/Content/Landscape/BlueprintBrushes/MF/Landmass_BrushTilt.uexp" 857
"../../../Engine/Plugins/Experimental/Landmass/Content/Landscape/BlueprintBrushes/MF/LandmassBrush_EdgeFalloff.uasset" 858
"../../../Engine/Plugins/Experimental/Landmass/Content/Landscape/BlueprintBrushes/MF/LandmassBrush_EdgeFalloff.uexp" 859
"../../../Engine/Plugins/Experimental/Landmass/Content/Landscape/BlueprintBrushes/MF/LandmassBrush_Noise.uasset" 860
"../../../Engine/Plugins/Experimental/Landmass/Content/Landscape/BlueprintBrushes/MF/LandmassBrush_Noise.uexp" 861
"../../../Engine/Plugins/Experimental/Landmass/Content/Landscape/BlueprintBrushes/Materials/BrushMaterials/BasicFunctions/LandmassBrush_ShapeMask.uasset" 862
"../../../Engine/Plugins/Experimental/Landmass/Content/Landscape/BlueprintBrushes/Materials/BrushMaterials/BasicFunctions/LandmassBrush_ShapeMask.uexp" 863
"../../../Engine/Plugins/Experimental/Landmass/Content/Landscape/BlueprintBrushes/Materials/Internal/BrushBounds.uasset" 864
"../../../Engine/Plugins/Experimental/Landmass/Content/Landscape/BlueprintBrushes/Materials/Internal/BrushBounds.uexp" 865
"../../../Engine/Content/EngineMaterials/Substrate/Volume/SubstrateSimpleVolumeEnvLUT3D.uasset" 866
"../../../Engine/Content/EngineMaterials/Substrate/Volume/SubstrateSimpleVolumeEnvLUT3D.uexp" 867
"../../../Engine/Content/EngineMaterials/Substrate/Volume/SubstrateSimpleVolumeLUT3D.uasset" 868
"../../../Engine/Content/EngineMaterials/Substrate/Volume/SubstrateSimpleVolumeLUT3D.uexp" 869
"../../../Engine/Plugins/Interchange/Assets/Content/Utilities/New_LUT.uasset" 870
"../../../Engine/Plugins/Interchange/Assets/Content/Utilities/New_LUT.uexp" 871
"../../../Engine/Content/Functions/Engine_MaterialFunctions03/Math/RemapValueRange.uasset" 872
"../../../Engine/Content/Functions/Engine_MaterialFunctions03/Math/RemapValueRange.uexp" 873
"../../../Engine/Plugins/Interchange/Assets/Content/Functions/MF_Iridescence.uasset" 874
"../../../Engine/Plugins/Interchange/Assets/Content/Functions/MF_Iridescence.uexp" 875
"../../../Engine/Content/Functions/Engine_MaterialFunctions01/Texturing/FlattenNormal.uasset" 876
"../../../Engine/Content/Functions/Engine_MaterialFunctions01/Texturing/FlattenNormal.uexp" 877
"../../../Engine/Plugins/Interchange/Assets/Content/gltf/MaterialFunctions/MF_Clearcoat.uasset" 878
"../../../Engine/Plugins/Interchange/Assets/Content/gltf/MaterialFunctions/MF_Clearcoat.uexp" 879
"../../../Engine/Plugins/Interchange/Assets/Content/gltf/MaterialBodies/MF_ClearCoat_Body.uasset" 880
"../../../Engine/Plugins/Interchange/Assets/Content/gltf/MaterialBodies/MF_ClearCoat_Body.uexp" 881
"../../../Engine/Plugins/Interchange/Assets/Content/gltf/M_ClearCoat.uasset" 882
"../../../Engine/Plugins/Interchange/Assets/Content/gltf/M_ClearCoat.uexp" 883
"../../../Engine/Plugins/Interchange/Assets/Content/gltf/MaterialInstances/MI_ClearCoat_Blend.uasset" 884
"../../../Engine/Plugins/Interchange/Assets/Content/gltf/MaterialInstances/MI_ClearCoat_Blend.uexp" 885
"../../../Engine/Plugins/Interchange/Assets/Content/gltf/MaterialInstances/MI_ClearCoat_Blend_DS.uasset" 886
"../../../Engine/Plugins/Interchange/Assets/Content/gltf/MaterialInstances/MI_ClearCoat_Blend_DS.uexp" 887
"../../../Engine/Plugins/Interchange/Assets/Content/gltf/MaterialInstances/MI_ClearCoat_Mask.uasset" 888
"../../../Engine/Plugins/Interchange/Assets/Content/gltf/MaterialInstances/MI_ClearCoat_Mask.uexp" 889
"../../../Engine/Plugins/Interchange/Assets/Content/gltf/MaterialInstances/MI_ClearCoat_Mask_DS.uasset" 890
"../../../Engine/Plugins/Interchange/Assets/Content/gltf/MaterialInstances/MI_ClearCoat_Mask_DS.uexp" 891
"../../../Engine/Plugins/Interchange/Assets/Content/gltf/MaterialInstances/MI_ClearCoat_Opaque.uasset" 892
"../../../Engine/Plugins/Interchange/Assets/Content/gltf/MaterialInstances/MI_ClearCoat_Opaque.uexp" 893
"../../../Engine/Plugins/Interchange/Assets/Content/gltf/MaterialInstances/MI_ClearCoat_Opaque_DS.uasset" 894
"../../../Engine/Plugins/Interchange/Assets/Content/gltf/MaterialInstances/MI_ClearCoat_Opaque_DS.uexp" 895
"../../../Engine/Plugins/Interchange/Assets/Content/gltf/MaterialInstances/MI_Default_Blend.uasset" 896
"../../../Engine/Plugins/Interchange/Assets/Content/gltf/MaterialInstances/MI_Default_Blend.uexp" 897
"../../../Engine/Plugins/Interchange/Assets/Content/gltf/MaterialInstances/MI_Default_Mask.uasset" 898
"../../../Engine/Plugins/Interchange/Assets/Content/gltf/MaterialInstances/MI_Default_Mask.uexp" 899
"../../../Engine/Plugins/Interchange/Assets/Content/gltf/MaterialInstances/MI_Default_Mask_DS.uasset" 900
"../../../Engine/Plugins/Interchange/Assets/Content/gltf/MaterialInstances/MI_Default_Mask_DS.uexp" 901
"../../../Engine/Plugins/Interchange/Assets/Content/gltf/MaterialInstances/MI_Default_Opaque.uasset" 902
"../../../Engine/Plugins/Interchange/Assets/Content/gltf/MaterialInstances/MI_Default_Opaque.uexp" 903
"../../../Engine/Plugins/Interchange/Assets/Content/gltf/MaterialFunctions/MF_Sheen.uasset" 904
"../../../Engine/Plugins/Interchange/Assets/Content/gltf/MaterialFunctions/MF_Sheen.uexp" 905
"../../../Engine/Plugins/Interchange/Assets/Content/gltf/MaterialBodies/MF_Sheen_Body.uasset" 906
"../../../Engine/Plugins/Interchange/Assets/Content/gltf/MaterialBodies/MF_Sheen_Body.uexp" 907
"../../../Engine/Plugins/Interchange/Assets/Content/gltf/M_Sheen.uasset" 908
"../../../Engine/Plugins/Interchange/Assets/Content/gltf/M_Sheen.uexp" 909
"../../../Engine/Plugins/Interchange/Assets/Content/gltf/MaterialInstances/MI_Sheen_Blend.uasset" 910
"../../../Engine/Plugins/Interchange/Assets/Content/gltf/MaterialInstances/MI_Sheen_Blend.uexp" 911
"../../../Engine/Plugins/Interchange/Assets/Content/gltf/MaterialInstances/MI_Sheen_Blend_DS.uasset" 912
"../../../Engine/Plugins/Interchange/Assets/Content/gltf/MaterialInstances/MI_Sheen_Blend_DS.uexp" 913
"../../../Engine/Plugins/Interchange/Assets/Content/gltf/MaterialInstances/MI_Sheen_Mask.uasset" 914
"../../../Engine/Plugins/Interchange/Assets/Content/gltf/MaterialInstances/MI_Sheen_Mask.uexp" 915
"../../../Engine/Plugins/Interchange/Assets/Content/gltf/MaterialInstances/MI_Sheen_Mask_DS.uasset" 916
"../../../Engine/Plugins/Interchange/Assets/Content/gltf/MaterialInstances/MI_Sheen_Mask_DS.uexp" 917
"../../../Engine/Plugins/Interchange/Assets/Content/gltf/MaterialInstances/MI_Sheen_Opaque.uasset" 918
"../../../Engine/Plugins/Interchange/Assets/Content/gltf/MaterialInstances/MI_Sheen_Opaque.uexp" 919
"../../../Engine/Plugins/Interchange/Assets/Content/gltf/MaterialInstances/MI_Sheen_Opaque_DS.uasset" 920
"../../../Engine/Plugins/Interchange/Assets/Content/gltf/MaterialInstances/MI_Sheen_Opaque_DS.uexp" 921
"../../../Engine/Content/Functions/Engine_MaterialFunctions02/Math/AddComponents.uasset" 922
"../../../Engine/Content/Functions/Engine_MaterialFunctions02/Math/AddComponents.uexp" 923
"../../../Engine/Plugins/Interchange/Assets/Content/gltf/MaterialFunctions/MF_DiffuseSpecGloss.uasset" 924
"../../../Engine/Plugins/Interchange/Assets/Content/gltf/MaterialFunctions/MF_DiffuseSpecGloss.uexp" 925
"../../../Engine/Plugins/Interchange/Assets/Content/gltf/MaterialFunctions/MF_MaxComponentValue.uasset" 926
"../../../Engine/Plugins/Interchange/Assets/Content/gltf/MaterialFunctions/MF_MaxComponentValue.uexp" 927
"../../../Engine/Plugins/Interchange/Assets/Content/gltf/MaterialFunctions/MF_PerceivedBrightness.uasset" 928
"../../../Engine/Plugins/Interchange/Assets/Content/gltf/MaterialFunctions/MF_PerceivedBrightness.uexp" 929
"../../../Engine/Plugins/Interchange/Assets/Content/gltf/MaterialFunctions/MF_SpecGlossToMetalRoughness.uasset" 930
"../../../Engine/Plugins/Interchange/Assets/Content/gltf/MaterialFunctions/MF_SpecGlossToMetalRoughness.uexp" 931
"../../../Engine/Plugins/Interchange/Assets/Content/gltf/MaterialBodies/MF_SpecularGlossiness_Body.uasset" 932
"../../../Engine/Plugins/Interchange/Assets/Content/gltf/MaterialBodies/MF_SpecularGlossiness_Body.uexp" 933
"../../../Engine/Plugins/Interchange/Assets/Content/gltf/M_SpecularGlossiness.uasset" 934
"../../../Engine/Plugins/Interchange/Assets/Content/gltf/M_SpecularGlossiness.uexp" 935
"../../../Engine/Plugins/Interchange/Assets/Content/gltf/MaterialInstances/MI_SpecularGlossiness_Blend.uasset" 936
"../../../Engine/Plugins/Interchange/Assets/Content/gltf/MaterialInstances/MI_SpecularGlossiness_Blend.uexp" 937
"../../../Engine/Plugins/Interchange/Assets/Content/gltf/MaterialInstances/MI_SpecularGlossiness_Blend_DS.uasset" 938
"../../../Engine/Plugins/Interchange/Assets/Content/gltf/MaterialInstances/MI_SpecularGlossiness_Blend_DS.uexp" 939
"../../../Engine/Plugins/Interchange/Assets/Content/gltf/MaterialInstances/MI_SpecularGlossiness_Mask.uasset" 940
"../../../Engine/Plugins/Interchange/Assets/Content/gltf/MaterialInstances/MI_SpecularGlossiness_Mask.uexp" 941
"../../../Engine/Plugins/Interchange/Assets/Content/gltf/MaterialInstances/MI_SpecularGlossiness_Mask_DS.uasset" 942
"../../../Engine/Plugins/Interchange/Assets/Content/gltf/MaterialInstances/MI_SpecularGlossiness_Mask_DS.uexp" 943
"../../../Engine/Plugins/Interchange/Assets/Content/gltf/MaterialInstances/MI_SpecularGlossiness_Opaque.uasset" 944
"../../../Engine/Plugins/Interchange/Assets/Content/gltf/MaterialInstances/MI_SpecularGlossiness_Opaque.uexp" 945
"../../../Engine/Plugins/Interchange/Assets/Content/gltf/MaterialInstances/MI_SpecularGlossiness_Opaque_DS.uasset" 946
"../../../Engine/Plugins/Interchange/Assets/Content/gltf/MaterialInstances/MI_SpecularGlossiness_Opaque_DS.uexp" 947
"../../../Engine/Content/EngineMaterials/Good64x64TilingNoiseHighFreq.uasset" 948
"../../../Engine/Content/EngineMaterials/Good64x64TilingNoiseHighFreq.uexp" 949
"../../../Engine/Content/Functions/Engine_MaterialFunctions02/Texturing/ScreenAlignedPixelToPixelUVs.uasset" 950
"../../../Engine/Content/Functions/Engine_MaterialFunctions02/Texturing/ScreenAlignedPixelToPixelUVs.uexp" 951
"../../../Engine/Plugins/Interchange/Assets/Content/gltf/MaterialFunctions/MF_Fresnel_DS.uasset" 952
"../../../Engine/Plugins/Interchange/Assets/Content/gltf/MaterialFunctions/MF_Fresnel_DS.uexp" 953
"../../../Engine/Plugins/Interchange/Assets/Content/gltf/MaterialFunctions/MF_Temporal_Blur.uasset" 954
"../../../Engine/Plugins/Interchange/Assets/Content/gltf/MaterialFunctions/MF_Temporal_Blur.uexp" 955
"../../../Engine/Plugins/Interchange/Assets/Content/gltf/MaterialFunctions/MF_Transmission.uasset" 956
"../../../Engine/Plugins/Interchange/Assets/Content/gltf/MaterialFunctions/MF_Transmission.uexp" 957
"../../../Engine/Plugins/Interchange/Assets/Content/gltf/MaterialBodies/MF_Transmission_Body.uasset" 958
"../../../Engine/Plugins/Interchange/Assets/Content/gltf/MaterialBodies/MF_Transmission_Body.uexp" 959
"../../../Engine/Plugins/Interchange/Assets/Content/gltf/M_Transmission.uasset" 960
"../../../Engine/Plugins/Interchange/Assets/Content/gltf/M_Transmission.uexp" 961
"../../../Engine/Plugins/Interchange/Assets/Content/gltf/MaterialInstances/MI_Transmission.uasset" 962
"../../../Engine/Plugins/Interchange/Assets/Content/gltf/MaterialInstances/MI_Transmission.uexp" 963
"../../../Engine/Plugins/Interchange/Assets/Content/gltf/MaterialInstances/MI_Transmission_DS.uasset" 964
"../../../Engine/Plugins/Interchange/Assets/Content/gltf/MaterialInstances/MI_Transmission_DS.uexp" 965
"../../../Engine/Plugins/Interchange/Assets/Content/gltf/MaterialBodies/MF_Unlit_Body.uasset" 966
"../../../Engine/Plugins/Interchange/Assets/Content/gltf/MaterialBodies/MF_Unlit_Body.uexp" 967
"../../../Engine/Plugins/Interchange/Assets/Content/gltf/M_Unlit.uasset" 968
"../../../Engine/Plugins/Interchange/Assets/Content/gltf/M_Unlit.uexp" 969
"../../../Engine/Plugins/Interchange/Assets/Content/gltf/MaterialInstances/MI_Unlit_Blend.uasset" 970
"../../../Engine/Plugins/Interchange/Assets/Content/gltf/MaterialInstances/MI_Unlit_Blend.uexp" 971
"../../../Engine/Plugins/Interchange/Assets/Content/gltf/MaterialInstances/MI_Unlit_Blend_DS.uasset" 972
"../../../Engine/Plugins/Interchange/Assets/Content/gltf/MaterialInstances/MI_Unlit_Blend_DS.uexp" 973
"../../../Engine/Plugins/Interchange/Assets/Content/gltf/MaterialInstances/MI_Unlit_Mask.uasset" 974
"../../../Engine/Plugins/Interchange/Assets/Content/gltf/MaterialInstances/MI_Unlit_Mask.uexp" 975
"../../../Engine/Plugins/Interchange/Assets/Content/gltf/MaterialInstances/MI_Unlit_Mask_DS.uasset" 976
"../../../Engine/Plugins/Interchange/Assets/Content/gltf/MaterialInstances/MI_Unlit_Mask_DS.uexp" 977
"../../../Engine/Plugins/Interchange/Assets/Content/gltf/MaterialInstances/MI_Unlit_Opaque.uasset" 978
"../../../Engine/Plugins/Interchange/Assets/Content/gltf/MaterialInstances/MI_Unlit_Opaque.uexp" 979
"../../../Engine/Plugins/Interchange/Assets/Content/gltf/MaterialInstances/MI_Unlit_Opaque_DS.uasset" 980
"../../../Engine/Plugins/Interchange/Assets/Content/gltf/MaterialInstances/MI_Unlit_Opaque_DS.uexp" 981
"../../../Engine/Content/EngineResources/DefaultTextureCube.uasset" 982
"../../../Engine/Content/EngineResources/DefaultTextureCube.uexp" 983
"../../../Engine/Content/EngineResources/WhiteSquareTexture.uasset" 984
"../../../Engine/Content/EngineResources/WhiteSquareTexture.uexp" 985
"../../../Engine/Content/EngineMaterials/Widget3DPassThrough.uasset" 986
"../../../Engine/Content/EngineMaterials/Widget3DPassThrough.uexp" 987
"../../../Engine/Content/EngineMaterials/Widget3DPassThrough_Masked.uasset" 988
"../../../Engine/Content/EngineMaterials/Widget3DPassThrough_Masked.uexp" 989
"../../../Engine/Content/EngineMaterials/Widget3DPassThrough_Opaque.uasset" 990
"../../../Engine/Content/EngineMaterials/Widget3DPassThrough_Opaque.uexp" 991
"../../../Engine/Content/EngineMaterials/Widget3DPassThrough_Masked_OneSided.uasset" 992
"../../../Engine/Content/EngineMaterials/Widget3DPassThrough_Masked_OneSided.uexp" 993
"../../../Engine/Content/EngineMaterials/Widget3DPassThrough_Opaque_OneSided.uasset" 994
"../../../Engine/Content/EngineMaterials/Widget3DPassThrough_Opaque_OneSided.uexp" 995
"../../../Engine/Content/EngineMaterials/Widget3DPassThrough_Translucent.uasset" 996
"../../../Engine/Content/EngineMaterials/Widget3DPassThrough_Translucent.uexp" 997
"../../../Engine/Content/EngineMaterials/Widget3DPassThrough_Translucent_OneSided.uasset" 998
"../../../Engine/Content/EngineMaterials/Widget3DPassThrough_Translucent_OneSided.uexp" 999
"../../../Engine/Content/EditorLandscapeResources/ColorMaskBrushMaterial.uasset" 1000
"../../../Engine/Content/EditorLandscapeResources/ColorMaskBrushMaterial.uexp" 1001
"../../../Engine/Content/EditorLandscapeResources/ColorMaskBrushMaterial_MaskedRegion.uasset" 1002
"../../../Engine/Content/EditorLandscapeResources/ColorMaskBrushMaterial_MaskedRegion.uexp" 1003
"../../../Engine/Content/Functions/Engine_MaterialFunctions03/Math/WithinRangeFloat2.uasset" 1004
"../../../Engine/Content/Functions/Engine_MaterialFunctions03/Math/WithinRangeFloat2.uexp" 1005
"../../../Engine/Content/EditorLandscapeResources/MaskBrushMaterial.uasset" 1006
"../../../Engine/Content/EditorLandscapeResources/MaskBrushMaterial.uexp" 1007
"../../../Engine/Content/EditorLandscapeResources/MaskBrushMaterial_MaskedRegion.uasset" 1008
"../../../Engine/Content/EditorLandscapeResources/MaskBrushMaterial_MaskedRegion.uexp" 1009
"../../../Engine/Content/EditorLandscapeResources/SelectBrushMaterial.uasset" 1010
"../../../Engine/Content/EditorLandscapeResources/SelectBrushMaterial.uexp" 1011
"../../../Engine/Content/EditorLandscapeResources/SelectBrushMaterial_Selected.uasset" 1012
"../../../Engine/Content/EditorLandscapeResources/SelectBrushMaterial_Selected.uexp" 1013
"../../../Engine/Content/EditorLandscapeResources/SelectBrushMaterial_SelectedRegion.uasset" 1014
"../../../Engine/Content/EditorLandscapeResources/SelectBrushMaterial_SelectedRegion.uexp" 1015
"../../../Engine/Plugins/2D/Paper2D/Content/DefaultSpriteMaterial.uasset" 1016
"../../../Engine/Plugins/2D/Paper2D/Content/DefaultSpriteMaterial.uexp" 1017
"../../../Engine/Plugins/2D/Paper2D/Content/MaskedUnlitSpriteMaterial.uasset" 1018
"../../../Engine/Plugins/2D/Paper2D/Content/MaskedUnlitSpriteMaterial.uexp" 1019
"../../../Engine/Plugins/2D/Paper2D/Content/OpaqueUnlitSpriteMaterial.uasset" 1020
"../../../Engine/Plugins/2D/Paper2D/Content/OpaqueUnlitSpriteMaterial.uexp" 1021
"../../../Engine/Plugins/NNE/NNEDenoiser/Content/NNE_oidn2-3-0_rt_hdr_calb_cnrm_large__dyn__fp16_opset11_ForwardAlpha.uasset" 1022
"../../../Engine/Plugins/NNE/NNEDenoiser/Content/NNE_oidn2-3-0_rt_hdr_calb_cnrm_large__dyn__fp16_opset11_ForwardAlpha.uexp" 1023
"../../../Engine/Plugins/NNE/NNEDenoiser/Content/NNE_oidn2-3-0_rt_hdr_calb_cnrm_large__dyn__fp16_opset11_DenoiseAlpha.uasset" 1024
"../../../Engine/Plugins/NNE/NNEDenoiser/Content/NNE_oidn2-3-0_rt_hdr_calb_cnrm_large__dyn__fp16_opset11_DenoiseAlpha.uexp" 1025
"../../../Engine/Plugins/NNE/NNEDenoiser/Content/NNE_oidn2-3-0_rt_hdr_alb_nrm__dyn__fp16_opset11_ForwardAlpha.uasset" 1026
"../../../Engine/Plugins/NNE/NNEDenoiser/Content/NNE_oidn2-3-0_rt_hdr_alb_nrm__dyn__fp16_opset11_ForwardAlpha.uexp" 1027
"../../../Engine/Plugins/NNE/NNEDenoiser/Content/NNE_oidn2-3-0_rt_hdr_alb_nrm__dyn__fp16_opset11_DenoiseAlpha.uasset" 1028
"../../../Engine/Plugins/NNE/NNEDenoiser/Content/NNE_oidn2-3-0_rt_hdr_alb_nrm__dyn__fp16_opset11_DenoiseAlpha.uexp" 1029
"../../../Engine/Plugins/NNE/NNEDenoiser/Content/NNE_oidn2-3-0_rt_hdr_alb_nrm_small__dyn__fp16_opset11_ForwardAlpha.uasset" 1030
"../../../Engine/Plugins/NNE/NNEDenoiser/Content/NNE_oidn2-3-0_rt_hdr_alb_nrm_small__dyn__fp16_opset11_ForwardAlpha.uexp" 1031
"../../../Engine/Plugins/NNE/NNEDenoiser/Content/NNE_oidn2-3-0_rt_hdr_alb_nrm_small__dyn__fp16_opset11_DenoiseAlpha.uasset" 1032
"../../../Engine/Plugins/NNE/NNEDenoiser/Content/NNE_oidn2-3-0_rt_hdr_alb_nrm_small__dyn__fp16_opset11_DenoiseAlpha.uexp" 1033
"../../../Engine/Plugins/NNE/NNEDenoiser/Content/NNED_Oidn2-3_HighQuality_Alpha.uasset" 1034
"../../../Engine/Plugins/NNE/NNEDenoiser/Content/NNED_Oidn2-3_HighQuality_Alpha.uexp" 1035
"../../../Engine/Plugins/NNE/NNEDenoiser/Content/NNED_Oidn2-3_HighQuality.uasset" 1036
"../../../Engine/Plugins/NNE/NNEDenoiser/Content/NNED_Oidn2-3_HighQuality.uexp" 1037
"../../../Engine/Plugins/NNE/NNEDenoiser/Content/NNED_Oidn2-3_Fast_Alpha.uasset" 1038
"../../../Engine/Plugins/NNE/NNEDenoiser/Content/NNED_Oidn2-3_Fast_Alpha.uexp" 1039
"../../../Engine/Plugins/NNE/NNEDenoiser/Content/NNED_Oidn2-3_Fast.uasset" 1040
"../../../Engine/Plugins/NNE/NNEDenoiser/Content/NNED_Oidn2-3_Fast.uexp" 1041
"../../../Engine/Plugins/NNE/NNEDenoiser/Content/NNED_Oidn2-3_Balanced_Alpha.uasset" 1042
"../../../Engine/Plugins/NNE/NNEDenoiser/Content/NNED_Oidn2-3_Balanced_Alpha.uexp" 1043
"../../../Engine/Plugins/NNE/NNEDenoiser/Content/NNED_Oidn2-3_Balanced.uasset" 1044
"../../../Engine/Plugins/NNE/NNEDenoiser/Content/NNED_Oidn2-3_Balanced.uexp" 1045
"../../../Engine/Plugins/NNE/NNEDenoiser/Content/NNEDT_Oidn2-3_Balanced_Alpha.uasset" 1046
"../../../Engine/Plugins/NNE/NNEDenoiser/Content/NNEDT_Oidn2-3_Balanced_Alpha.uexp" 1047
"../../../Engine/Plugins/NNE/NNEDenoiser/Content/NNEDT_Oidn2-3_Balanced.uasset" 1048
"../../../Engine/Plugins/NNE/NNEDenoiser/Content/NNEDT_Oidn2-3_Balanced.uexp" 1049
"../../../Engine/Content/EngineResources/LandscapeVisibilityLayerInfo.uasset" 1050
"../../../Engine/Content/EngineResources/LandscapeVisibilityLayerInfo.uexp" 1051
"../../../Engine/Plugins/Animation/DeformerGraph/Content/DeformerFunctions/DG_Function_LinearBlendSkin_Morph_Cloth_PositionOnly.uasset" 1052
"../../../Engine/Plugins/Animation/DeformerGraph/Content/DeformerFunctions/DG_Function_LinearBlendSkin_Morph_Cloth_PositionOnly.uexp" 1053
"../../../Engine/Plugins/Animation/DeformerGraph/Content/DeformerFunctions/DG_Function_ComputeNormalsTangents.uasset" 1054
"../../../Engine/Plugins/Animation/DeformerGraph/Content/DeformerFunctions/DG_Function_ComputeNormalsTangents.uexp" 1055
"../../../Engine/Plugins/Animation/DeformerGraph/Content/Deformers/DG_LinearBlendSkin_Morph_Cloth_RecomputeNormals.uasset" 1056
"../../../Engine/Plugins/Animation/DeformerGraph/Content/Deformers/DG_LinearBlendSkin_Morph_Cloth_RecomputeNormals.uexp" 1057
"../../../Engine/Plugins/Animation/DeformerGraph/Content/DeformerFunctions/DG_Function_LinearBlendSkin_Morph_Cloth.uasset" 1058
"../../../Engine/Plugins/Animation/DeformerGraph/Content/DeformerFunctions/DG_Function_LinearBlendSkin_Morph_Cloth.uexp" 1059
"../../../Engine/Plugins/Animation/DeformerGraph/Content/Deformers/DG_LinearBlendSkin_Morph_Cloth.uasset" 1060
"../../../Engine/Plugins/Animation/DeformerGraph/Content/Deformers/DG_LinearBlendSkin_Morph_Cloth.uexp" 1061
"../../../Engine/Content/VREditor/Sounds/UI/Drop_Item_From_ContentBrowser.ubulk" 1062
"../../../Engine/Content/VREditor/Sounds/UI/Drop_Item_From_ContentBrowser.uasset" 1063
"../../../Engine/Content/VREditor/Sounds/UI/Drop_Item_From_ContentBrowser.uexp" 1064
"../../../Engine/Content/VREditor/TransformGizmo/TransformGizmoMaterial_Inst.uasset" 1065
"../../../Engine/Content/VREditor/TransformGizmo/TransformGizmoMaterial_Inst.uexp" 1066
"../../../Engine/Content/VREditor/TransformGizmo/TranslucentTransformGizmoMaterial_Inst.uasset" 1067
"../../../Engine/Content/VREditor/TransformGizmo/TranslucentTransformGizmoMaterial_Inst.uexp" 1068
"../../../Engine/Content/Functions/Engine_MaterialFunctions02/SplitComponents.uasset" 1069
"../../../Engine/Content/Functions/Engine_MaterialFunctions02/SplitComponents.uexp" 1070
"../../../Engine/Content/VREditor/SnapGrid/SnapGridMaterial.uasset" 1071
"../../../Engine/Content/VREditor/SnapGrid/SnapGridMaterial.uexp" 1072
"../../../Engine/Content/VREditor/SnapGrid/SnapGridPlaneMesh.ubulk" 1073
"../../../Engine/Content/VREditor/SnapGrid/SnapGridPlaneMesh.uasset" 1074
"../../../Engine/Content/VREditor/SnapGrid/SnapGridPlaneMesh.uexp" 1075
"../../../Engine/Content/VREditor/Sounds/UI/Gizmo_Handle_Clicked.ubulk" 1076
"../../../Engine/Content/VREditor/Sounds/UI/Gizmo_Handle_Clicked.uasset" 1077
"../../../Engine/Content/VREditor/Sounds/UI/Gizmo_Handle_Clicked.uexp" 1078
"../../../Engine/Content/VREditor/Sounds/UI/Object_PickUp.ubulk" 1079
"../../../Engine/Content/VREditor/Sounds/UI/Object_PickUp.uasset" 1080
"../../../Engine/Content/VREditor/Sounds/UI/Object_PickUp.uexp" 1081
"../../../Engine/Content/VREditor/Sounds/UI/Object_Snaps_To_Another_Actor.ubulk" 1082
"../../../Engine/Content/VREditor/Sounds/UI/Object_Snaps_To_Another_Actor.uasset" 1083
"../../../Engine/Content/VREditor/Sounds/UI/Object_Snaps_To_Another_Actor.uexp" 1084
"../../../Engine/Content/VREditor/Sounds/UI/Object_Snaps_To_Grid.ubulk" 1085
"../../../Engine/Content/VREditor/Sounds/UI/Object_Snaps_To_Grid.uasset" 1086
"../../../Engine/Content/VREditor/Sounds/UI/Object_Snaps_To_Grid.uexp" 1087
"../../../Engine/Content/VREditor/Sounds/UI/Scaling_Down.ubulk" 1088
"../../../Engine/Content/VREditor/Sounds/UI/Scaling_Down.uasset" 1089
"../../../Engine/Content/VREditor/Sounds/UI/Scaling_Down.uexp" 1090
"../../../Engine/Content/VREditor/Sounds/UI/Scaling_Up.ubulk" 1091
"../../../Engine/Content/VREditor/Sounds/UI/Scaling_Up.uasset" 1092
"../../../Engine/Content/VREditor/Sounds/UI/Scaling_Up.uexp" 1093
"../../../Engine/Content/VREditor/Sounds/UI/Selection_Changes.ubulk" 1094
"../../../Engine/Content/VREditor/Sounds/UI/Selection_Changes.uasset" 1095
"../../../Engine/Content/VREditor/Sounds/UI/Selection_Changes.uexp" 1096
"../../../Engine/Content/VREditor/TransformGizmo/PlaneTranslationHandle.ubulk" 1097
"../../../Engine/Content/VREditor/TransformGizmo/PlaneTranslationHandle.uasset" 1098
"../../../Engine/Content/VREditor/TransformGizmo/PlaneTranslationHandle.uexp" 1099
"../../../Engine/Content/VREditor/TransformGizmo/RotationHandleFull.ubulk" 1100
"../../../Engine/Content/VREditor/TransformGizmo/RotationHandleFull.uasset" 1101
"../../../Engine/Content/VREditor/TransformGizmo/RotationHandleFull.uexp" 1102
"../../../Engine/Content/VREditor/TransformGizmo/RotationHandleIndicator.ubulk" 1103
"../../../Engine/Content/VREditor/TransformGizmo/RotationHandleIndicator.uasset" 1104
"../../../Engine/Content/VREditor/TransformGizmo/RotationHandleIndicator.uexp" 1105
"../../../Engine/Content/VREditor/TransformGizmo/RotationHandleQuarter.ubulk" 1106
"../../../Engine/Content/VREditor/TransformGizmo/RotationHandleQuarter.uasset" 1107
"../../../Engine/Content/VREditor/TransformGizmo/RotationHandleQuarter.uexp" 1108
"../../../Engine/Content/VREditor/TransformGizmo/StartRotationHandleIndicator.ubulk" 1109
"../../../Engine/Content/VREditor/TransformGizmo/StartRotationHandleIndicator.uasset" 1110
"../../../Engine/Content/VREditor/TransformGizmo/StartRotationHandleIndicator.uexp" 1111
"../../../Engine/Content/VREditor/TransformGizmo/TransformGizmoFreeRotation.ubulk" 1112
"../../../Engine/Content/VREditor/TransformGizmo/TransformGizmoFreeRotation.uasset" 1113
"../../../Engine/Content/VREditor/TransformGizmo/TransformGizmoFreeRotation.uexp" 1114
"../../../Engine/Content/VREditor/TransformGizmo/TranslateArrowHandle.ubulk" 1115
"../../../Engine/Content/VREditor/TransformGizmo/TranslateArrowHandle.uasset" 1116
"../../../Engine/Content/VREditor/TransformGizmo/TranslateArrowHandle.uexp" 1117
"../../../Engine/Content/VREditor/TransformGizmo/UniformScaleHandle.ubulk" 1118
"../../../Engine/Content/VREditor/TransformGizmo/UniformScaleHandle.uasset" 1119
"../../../Engine/Content/VREditor/TransformGizmo/UniformScaleHandle.uexp" 1120
"D:/ProgrammazioneAvanzata/ImpetusFirstLevel/Content/Audio/Hunter_X_Hunter_2011_Ost_3_-_Riot_Extended__mp3_pm_.ubulk" 1121
"D:/ProgrammazioneAvanzata/ImpetusFirstLevel/Content/Audio/Hunter_X_Hunter_2011_Ost_3_-_Riot_Extended__mp3_pm_.uasset" 1122
"D:/ProgrammazioneAvanzata/ImpetusFirstLevel/Content/Audio/Hunter_X_Hunter_2011_Ost_3_-_Riot_Extended__mp3_pm_.uexp" 1123
"D:/ProgrammazioneAvanzata/ImpetusFirstLevel/Content/BP/GM_MainMenuBP.uasset" 1124
"D:/ProgrammazioneAvanzata/ImpetusFirstLevel/Content/BP/GM_MainMenuBP.uexp" 1125
"D:/ProgrammazioneAvanzata/ImpetusFirstLevel/Content/Images/MainMenuBackground.uasset" 1126
"D:/ProgrammazioneAvanzata/ImpetusFirstLevel/Content/Images/MainMenuBackground.uexp" 1127
"D:/ProgrammazioneAvanzata/ImpetusFirstLevel/Content/Images/WhiteX.ubulk" 1128
"D:/ProgrammazioneAvanzata/ImpetusFirstLevel/Content/Images/WhiteX.uasset" 1129
"D:/ProgrammazioneAvanzata/ImpetusFirstLevel/Content/Images/WhiteX.uexp" 1130
"D:/ProgrammazioneAvanzata/ImpetusFirstLevel/Content/BP/UI/WBP_GraphicSettings.uasset" 1131
"D:/ProgrammazioneAvanzata/ImpetusFirstLevel/Content/BP/UI/WBP_GraphicSettings.uexp" 1132
"D:/ProgrammazioneAvanzata/ImpetusFirstLevel/Content/BP/UI/WBP_MainMenu.uasset" 1133
"D:/ProgrammazioneAvanzata/ImpetusFirstLevel/Content/BP/UI/WBP_MainMenu.uexp" 1134
"D:/ProgrammazioneAvanzata/ImpetusFirstLevel/Content/Levels/MainMenu.uexp" 1135
"D:/ProgrammazioneAvanzata/ImpetusFirstLevel/Content/Levels/MainMenu.umap" 1136
"../../../Engine/Content/EngineMaterials/DefaultPhysicalMaterial.uasset" 1137
"../../../Engine/Content/EngineMaterials/DefaultPhysicalMaterial.uexp" 1138
"../../../Engine/Content/EngineSky/VolumetricClouds/VT_PerlinWorley_Balanced.uasset" 1139
"../../../Engine/Content/EngineSky/VolumetricClouds/VT_PerlinWorley_Balanced.uexp" 1140
"../../../Engine/Content/EngineSky/VolumetricClouds/T_Profile_08.ubulk" 1141
"../../../Engine/Content/EngineSky/VolumetricClouds/T_Profile_08.uasset" 1142
"../../../Engine/Content/EngineSky/VolumetricClouds/T_Profile_08.uexp" 1143
"../../../Engine/Content/EngineSky/VolumetricClouds/T_CloudPattern.ubulk" 1144
"../../../Engine/Content/EngineSky/VolumetricClouds/T_CloudPattern.uasset" 1145
"../../../Engine/Content/EngineSky/VolumetricClouds/T_CloudPattern.uexp" 1146
"../../../Engine/Content/EngineSky/VolumetricClouds/T_CloudMask.ubulk" 1147
"../../../Engine/Content/EngineSky/VolumetricClouds/T_CloudMask.uasset" 1148
"../../../Engine/Content/EngineSky/VolumetricClouds/T_CloudMask.uexp" 1149
"../../../Engine/Content/Functions/Engine_MaterialFunctions02/Utility/BreakOutFloat4Components.uasset" 1150
"../../../Engine/Content/Functions/Engine_MaterialFunctions02/Utility/BreakOutFloat4Components.uexp" 1151
"../../../Engine/Content/EngineResources/DefaultVolumeTexture2D.uasset" 1152
"../../../Engine/Content/EngineResources/DefaultVolumeTexture2D.uexp" 1153
"../../../Engine/Content/EngineResources/DefaultVolumeTexture.uasset" 1154
"../../../Engine/Content/EngineResources/DefaultVolumeTexture.uexp" 1155
"../../../Engine/Content/Functions/Engine_MaterialFunctions02/Utility/MakeFloat4.uasset" 1156
"../../../Engine/Content/Functions/Engine_MaterialFunctions02/Utility/MakeFloat4.uexp" 1157
"../../../Engine/Content/EngineSky/VolumetricClouds/VT_Lightning.uasset" 1158
"../../../Engine/Content/EngineSky/VolumetricClouds/VT_Lightning.uexp" 1159
"../../../Engine/Content/Functions/Engine_MaterialFunctions01/Units/Km-to-Cm.uasset" 1160
"../../../Engine/Content/Functions/Engine_MaterialFunctions01/Units/Km-to-Cm.uexp" 1161
"../../../Engine/Content/EngineSky/VolumetricClouds/m_SimpleVolumetricCloud.uasset" 1162
"../../../Engine/Content/EngineSky/VolumetricClouds/m_SimpleVolumetricCloud.uexp" 1163
"../../../Engine/Content/EngineSky/VolumetricClouds/m_SimpleVolumetricCloud_Inst.uasset" 1164
"../../../Engine/Content/EngineSky/VolumetricClouds/m_SimpleVolumetricCloud_Inst.uexp" 1165
"D:/ProgrammazioneAvanzata/ImpetusFirstLevel/Content/V_Assets/SpadaDiLegno/NormalMapWoodenSword.ubulk" 1166
"D:/ProgrammazioneAvanzata/ImpetusFirstLevel/Content/V_Assets/SpadaDiLegno/NormalMapWoodenSword.uasset" 1167
"D:/ProgrammazioneAvanzata/ImpetusFirstLevel/Content/V_Assets/SpadaDiLegno/NormalMapWoodenSword.uexp" 1168
"D:/ProgrammazioneAvanzata/ImpetusFirstLevel/Content/V_Assets/SpadaDiLegno/BaseColorWoodenSword.ubulk" 1169
"D:/ProgrammazioneAvanzata/ImpetusFirstLevel/Content/V_Assets/SpadaDiLegno/BaseColorWoodenSword.uasset" 1170
"D:/ProgrammazioneAvanzata/ImpetusFirstLevel/Content/V_Assets/SpadaDiLegno/BaseColorWoodenSword.uexp" 1171
"D:/ProgrammazioneAvanzata/ImpetusFirstLevel/Content/V_Assets/SpadaDiLegno/WoodenSwordMaterial.uasset" 1172
"D:/ProgrammazioneAvanzata/ImpetusFirstLevel/Content/V_Assets/SpadaDiLegno/WoodenSwordMaterial.uexp" 1173
"D:/ProgrammazioneAvanzata/ImpetusFirstLevel/Content/V_Assets/Corona/CrownRoughness.ubulk" 1174
"D:/ProgrammazioneAvanzata/ImpetusFirstLevel/Content/V_Assets/Corona/CrownRoughness.uasset" 1175
"D:/ProgrammazioneAvanzata/ImpetusFirstLevel/Content/V_Assets/Corona/CrownRoughness.uexp" 1176
"D:/ProgrammazioneAvanzata/ImpetusFirstLevel/Content/V_Assets/Corona/CrownNormal.ubulk" 1177
"D:/ProgrammazioneAvanzata/ImpetusFirstLevel/Content/V_Assets/Corona/CrownNormal.uasset" 1178
"D:/ProgrammazioneAvanzata/ImpetusFirstLevel/Content/V_Assets/Corona/CrownNormal.uexp" 1179
"D:/ProgrammazioneAvanzata/ImpetusFirstLevel/Content/V_Assets/Corona/CrownMetallic.ubulk" 1180
"D:/ProgrammazioneAvanzata/ImpetusFirstLevel/Content/V_Assets/Corona/CrownMetallic.uasset" 1181
"D:/ProgrammazioneAvanzata/ImpetusFirstLevel/Content/V_Assets/Corona/CrownMetallic.uexp" 1182
"D:/ProgrammazioneAvanzata/ImpetusFirstLevel/Content/V_Assets/Corona/CrownBaseColor.ubulk" 1183
"D:/ProgrammazioneAvanzata/ImpetusFirstLevel/Content/V_Assets/Corona/CrownBaseColor.uasset" 1184
"D:/ProgrammazioneAvanzata/ImpetusFirstLevel/Content/V_Assets/Corona/CrownBaseColor.uexp" 1185
"D:/ProgrammazioneAvanzata/ImpetusFirstLevel/Content/V_Assets/Corona/CrownMaterial.uasset" 1186
"D:/ProgrammazioneAvanzata/ImpetusFirstLevel/Content/V_Assets/Corona/CrownMaterial.uexp" 1187
"D:/ProgrammazioneAvanzata/ImpetusFirstLevel/Content/V_Assets/Trono/Throne.ubulk" 1188
"D:/ProgrammazioneAvanzata/ImpetusFirstLevel/Content/V_Assets/Trono/Throne.uasset" 1189
"D:/ProgrammazioneAvanzata/ImpetusFirstLevel/Content/V_Assets/Trono/Throne.uexp" 1190
"../../../Engine/Content/EngineMaterials/WeightMapPlaceholderTexture.uasset" 1191
"../../../Engine/Content/EngineMaterials/WeightMapPlaceholderTexture.uexp" 1192
"../../../Engine/Content/EngineMaterials/WeightMapArrayPlaceholderTexture.uasset" 1193
"../../../Engine/Content/EngineMaterials/WeightMapArrayPlaceholderTexture.uexp" 1194
"../../../Engine/Content/EngineMaterials/DefaultNormal_Uncompressed.ubulk" 1195
"../../../Engine/Content/EngineMaterials/DefaultNormal_Uncompressed.uasset" 1196
"../../../Engine/Content/EngineMaterials/DefaultNormal_Uncompressed.uexp" 1197
"../../../Engine/Content/Functions/Engine_MaterialFunctions02/Math/CreateThirdOrthogonalVector.uasset" 1198
"../../../Engine/Content/Functions/Engine_MaterialFunctions02/Math/CreateThirdOrthogonalVector.uexp" 1199
"../../../Engine/Content/Functions/Engine_MaterialFunctions01/Gradient/LinearGradient.uasset" 1200
"../../../Engine/Content/Functions/Engine_MaterialFunctions01/Gradient/LinearGradient.uexp" 1201
"../../../Engine/Content/Functions/Engine_MaterialFunctions01/ImageAdjustment/CheapContrast.uasset" 1202
"../../../Engine/Content/Functions/Engine_MaterialFunctions01/ImageAdjustment/CheapContrast.uexp" 1203
"../../../Engine/Content/Functions/Engine_MaterialFunctions01/Texturing/WorldAlignedTexture.uasset" 1204
"../../../Engine/Content/Functions/Engine_MaterialFunctions01/Texturing/WorldAlignedTexture.uexp" 1205
"../../../Engine/Content/Functions/Engine_MaterialFunctions02/WorldAlignedNormals_HighQuality.uasset" 1206
"../../../Engine/Content/Functions/Engine_MaterialFunctions02/WorldAlignedNormals_HighQuality.uexp" 1207
"../../../Engine/Content/Functions/Engine_MaterialFunctions01/Texturing/WorldAlignedNormal.uasset" 1208
"../../../Engine/Content/Functions/Engine_MaterialFunctions01/Texturing/WorldAlignedNormal.uexp" 1209
"D:/ProgrammazioneAvanzata/ImpetusFirstLevel/Content/Materials/Terrain/Functions/WorldAlignedTexture_16b.uasset" 1210
"D:/ProgrammazioneAvanzata/ImpetusFirstLevel/Content/Materials/Terrain/Functions/WorldAlignedTexture_16b.uexp" 1211
"D:/ProgrammazioneAvanzata/ImpetusFirstLevel/Content/Fab/Megascans/Surfaces/Ground_Rubble_vl3jbbcg/High/vl3jbbcg_tier_1/Textures/T_vl3jbbcg_4K_B.ubulk" 1212
"D:/ProgrammazioneAvanzata/ImpetusFirstLevel/Content/Fab/Megascans/Surfaces/Ground_Rubble_vl3jbbcg/High/vl3jbbcg_tier_1/Textures/T_vl3jbbcg_4K_B.uasset" 1213
"D:/ProgrammazioneAvanzata/ImpetusFirstLevel/Content/Fab/Megascans/Surfaces/Ground_Rubble_vl3jbbcg/High/vl3jbbcg_tier_1/Textures/T_vl3jbbcg_4K_B.uexp" 1214
"D:/ProgrammazioneAvanzata/ImpetusFirstLevel/Content/Fab/Megascans/Surfaces/Ground_Rubble_vl3jbbcg/High/vl3jbbcg_tier_1/Textures/T_vl3jbbcg_4K_H.ubulk" 1215
"D:/ProgrammazioneAvanzata/ImpetusFirstLevel/Content/Fab/Megascans/Surfaces/Ground_Rubble_vl3jbbcg/High/vl3jbbcg_tier_1/Textures/T_vl3jbbcg_4K_H.uasset" 1216
"D:/ProgrammazioneAvanzata/ImpetusFirstLevel/Content/Fab/Megascans/Surfaces/Ground_Rubble_vl3jbbcg/High/vl3jbbcg_tier_1/Textures/T_vl3jbbcg_4K_H.uexp" 1217
"D:/ProgrammazioneAvanzata/ImpetusFirstLevel/Content/Fab/Megascans/Surfaces/Ground_Rubble_vl3jbbcg/High/vl3jbbcg_tier_1/Textures/T_vl3jbbcg_4K_N.ubulk" 1218
"D:/ProgrammazioneAvanzata/ImpetusFirstLevel/Content/Fab/Megascans/Surfaces/Ground_Rubble_vl3jbbcg/High/vl3jbbcg_tier_1/Textures/T_vl3jbbcg_4K_N.uasset" 1219
"D:/ProgrammazioneAvanzata/ImpetusFirstLevel/Content/Fab/Megascans/Surfaces/Ground_Rubble_vl3jbbcg/High/vl3jbbcg_tier_1/Textures/T_vl3jbbcg_4K_N.uexp" 1220
"D:/ProgrammazioneAvanzata/ImpetusFirstLevel/Content/Fab/Megascans/Surfaces/Ground_Rubble_vl3jbbcg/High/vl3jbbcg_tier_1/Textures/T_vl3jbbcg_4K_ORM.ubulk" 1221
"D:/ProgrammazioneAvanzata/ImpetusFirstLevel/Content/Fab/Megascans/Surfaces/Ground_Rubble_vl3jbbcg/High/vl3jbbcg_tier_1/Textures/T_vl3jbbcg_4K_ORM.uasset" 1222
"D:/ProgrammazioneAvanzata/ImpetusFirstLevel/Content/Fab/Megascans/Surfaces/Ground_Rubble_vl3jbbcg/High/vl3jbbcg_tier_1/Textures/T_vl3jbbcg_4K_ORM.uexp" 1223
"D:/ProgrammazioneAvanzata/ImpetusFirstLevel/Content/Fab/Megascans/Surfaces/Rock_Cliff_xccibbi/High/xccibbi_tier_1/Textures/T_xccibbi_4K_B.ubulk" 1224
"D:/ProgrammazioneAvanzata/ImpetusFirstLevel/Content/Fab/Megascans/Surfaces/Rock_Cliff_xccibbi/High/xccibbi_tier_1/Textures/T_xccibbi_4K_B.uasset" 1225
"D:/ProgrammazioneAvanzata/ImpetusFirstLevel/Content/Fab/Megascans/Surfaces/Rock_Cliff_xccibbi/High/xccibbi_tier_1/Textures/T_xccibbi_4K_B.uexp" 1226
"D:/ProgrammazioneAvanzata/ImpetusFirstLevel/Content/Fab/Megascans/Surfaces/Rock_Cliff_xccibbi/High/xccibbi_tier_1/Textures/T_xccibbi_4K_H.ubulk" 1227
"D:/ProgrammazioneAvanzata/ImpetusFirstLevel/Content/Fab/Megascans/Surfaces/Rock_Cliff_xccibbi/High/xccibbi_tier_1/Textures/T_xccibbi_4K_H.uasset" 1228
"D:/ProgrammazioneAvanzata/ImpetusFirstLevel/Content/Fab/Megascans/Surfaces/Rock_Cliff_xccibbi/High/xccibbi_tier_1/Textures/T_xccibbi_4K_H.uexp" 1229
"D:/ProgrammazioneAvanzata/ImpetusFirstLevel/Content/Fab/Megascans/Surfaces/Rock_Cliff_xccibbi/High/xccibbi_tier_1/Textures/T_xccibbi_4K_N.ubulk" 1230
"D:/ProgrammazioneAvanzata/ImpetusFirstLevel/Content/Fab/Megascans/Surfaces/Rock_Cliff_xccibbi/High/xccibbi_tier_1/Textures/T_xccibbi_4K_N.uasset" 1231
"D:/ProgrammazioneAvanzata/ImpetusFirstLevel/Content/Fab/Megascans/Surfaces/Rock_Cliff_xccibbi/High/xccibbi_tier_1/Textures/T_xccibbi_4K_N.uexp" 1232
"D:/ProgrammazioneAvanzata/ImpetusFirstLevel/Content/Fab/Megascans/Surfaces/Rock_Cliff_xccibbi/High/xccibbi_tier_1/Textures/T_xccibbi_4K_ORM.ubulk" 1233
"D:/ProgrammazioneAvanzata/ImpetusFirstLevel/Content/Fab/Megascans/Surfaces/Rock_Cliff_xccibbi/High/xccibbi_tier_1/Textures/T_xccibbi_4K_ORM.uasset" 1234
"D:/ProgrammazioneAvanzata/ImpetusFirstLevel/Content/Fab/Megascans/Surfaces/Rock_Cliff_xccibbi/High/xccibbi_tier_1/Textures/T_xccibbi_4K_ORM.uexp" 1235
"D:/ProgrammazioneAvanzata/ImpetusFirstLevel/Content/Fab/Megascans/Surfaces/Uncut_Grass_oilpt20/High/oilpt20_tier_1/Textures/T_oilpt20_4K_B.ubulk" 1236
"D:/ProgrammazioneAvanzata/ImpetusFirstLevel/Content/Fab/Megascans/Surfaces/Uncut_Grass_oilpt20/High/oilpt20_tier_1/Textures/T_oilpt20_4K_B.uasset" 1237
"D:/ProgrammazioneAvanzata/ImpetusFirstLevel/Content/Fab/Megascans/Surfaces/Uncut_Grass_oilpt20/High/oilpt20_tier_1/Textures/T_oilpt20_4K_B.uexp" 1238
"D:/ProgrammazioneAvanzata/ImpetusFirstLevel/Content/Fab/Megascans/Surfaces/Uncut_Grass_oilpt20/High/oilpt20_tier_1/Textures/T_oilpt20_4K_H.ubulk" 1239
"D:/ProgrammazioneAvanzata/ImpetusFirstLevel/Content/Fab/Megascans/Surfaces/Uncut_Grass_oilpt20/High/oilpt20_tier_1/Textures/T_oilpt20_4K_H.uasset" 1240
"D:/ProgrammazioneAvanzata/ImpetusFirstLevel/Content/Fab/Megascans/Surfaces/Uncut_Grass_oilpt20/High/oilpt20_tier_1/Textures/T_oilpt20_4K_H.uexp" 1241
"D:/ProgrammazioneAvanzata/ImpetusFirstLevel/Content/Fab/Megascans/Surfaces/Uncut_Grass_oilpt20/High/oilpt20_tier_1/Textures/T_oilpt20_4K_N.ubulk" 1242
"D:/ProgrammazioneAvanzata/ImpetusFirstLevel/Content/Fab/Megascans/Surfaces/Uncut_Grass_oilpt20/High/oilpt20_tier_1/Textures/T_oilpt20_4K_N.uasset" 1243
"D:/ProgrammazioneAvanzata/ImpetusFirstLevel/Content/Fab/Megascans/Surfaces/Uncut_Grass_oilpt20/High/oilpt20_tier_1/Textures/T_oilpt20_4K_N.uexp" 1244
"D:/ProgrammazioneAvanzata/ImpetusFirstLevel/Content/Fab/Megascans/Surfaces/Uncut_Grass_oilpt20/High/oilpt20_tier_1/Textures/T_oilpt20_4K_ORM.ubulk" 1245
"D:/ProgrammazioneAvanzata/ImpetusFirstLevel/Content/Fab/Megascans/Surfaces/Uncut_Grass_oilpt20/High/oilpt20_tier_1/Textures/T_oilpt20_4K_ORM.uasset" 1246
"D:/ProgrammazioneAvanzata/ImpetusFirstLevel/Content/Fab/Megascans/Surfaces/Uncut_Grass_oilpt20/High/oilpt20_tier_1/Textures/T_oilpt20_4K_ORM.uexp" 1247
"D:/ProgrammazioneAvanzata/ImpetusFirstLevel/Content/Materials/Terrain/Lelellvel2_Terrain_Material.uasset" 1248
"D:/ProgrammazioneAvanzata/ImpetusFirstLevel/Content/Materials/Terrain/Lelellvel2_Terrain_Material.uexp" 1249
"D:/ProgrammazioneAvanzata/ImpetusFirstLevel/Content/Interfaces/BPI_Death.uasset" 1250
"D:/ProgrammazioneAvanzata/ImpetusFirstLevel/Content/Interfaces/BPI_Death.uexp" 1251
"D:/ProgrammazioneAvanzata/ImpetusFirstLevel/Content/Fab/Brute/phong4.uasset" 1252
"D:/ProgrammazioneAvanzata/ImpetusFirstLevel/Content/Fab/Brute/phong4.uexp" 1253
"D:/ProgrammazioneAvanzata/ImpetusFirstLevel/Content/Fab/Brute/MaleBruteA_Shoes_specular.ubulk" 1254
"D:/ProgrammazioneAvanzata/ImpetusFirstLevel/Content/Fab/Brute/MaleBruteA_Shoes_specular.uasset" 1255
"D:/ProgrammazioneAvanzata/ImpetusFirstLevel/Content/Fab/Brute/MaleBruteA_Shoes_specular.uexp" 1256
"D:/ProgrammazioneAvanzata/ImpetusFirstLevel/Content/Fab/Brute/MaleBruteA_Shoes_normal.ubulk" 1257
"D:/ProgrammazioneAvanzata/ImpetusFirstLevel/Content/Fab/Brute/MaleBruteA_Shoes_normal.uasset" 1258
"D:/ProgrammazioneAvanzata/ImpetusFirstLevel/Content/Fab/Brute/MaleBruteA_Shoes_normal.uexp" 1259
"D:/ProgrammazioneAvanzata/ImpetusFirstLevel/Content/Fab/Brute/MaleBruteA_Shoes_diffuse1.ubulk" 1260
"D:/ProgrammazioneAvanzata/ImpetusFirstLevel/Content/Fab/Brute/MaleBruteA_Shoes_diffuse1.uasset" 1261
"D:/ProgrammazioneAvanzata/ImpetusFirstLevel/Content/Fab/Brute/MaleBruteA_Shoes_diffuse1.uexp" 1262
"D:/ProgrammazioneAvanzata/ImpetusFirstLevel/Content/Fab/Brute/MaleBruteA_Shoes6.uasset" 1263
"D:/ProgrammazioneAvanzata/ImpetusFirstLevel/Content/Fab/Brute/MaleBruteA_Shoes6.uexp" 1264
"../../../Engine/Content/Functions/Engine_MaterialFunctions03/Procedurals/NormalFromHeightmap.uasset" 1265
"../../../Engine/Content/Functions/Engine_MaterialFunctions03/Procedurals/NormalFromHeightmap.uexp" 1266
"D:/ProgrammazioneAvanzata/ImpetusFirstLevel/Content/Fab/Brute/MaleBruteA_Moustache_specular.ubulk" 1267
"D:/ProgrammazioneAvanzata/ImpetusFirstLevel/Content/Fab/Brute/MaleBruteA_Moustache_specular.uasset" 1268
"D:/ProgrammazioneAvanzata/ImpetusFirstLevel/Content/Fab/Brute/MaleBruteA_Moustache_specular.uexp" 1269
"D:/ProgrammazioneAvanzata/ImpetusFirstLevel/Content/Fab/Brute/MaleBruteA_Moustache_normal.ubulk" 1270
"D:/ProgrammazioneAvanzata/ImpetusFirstLevel/Content/Fab/Brute/MaleBruteA_Moustache_normal.uasset" 1271
"D:/ProgrammazioneAvanzata/ImpetusFirstLevel/Content/Fab/Brute/MaleBruteA_Moustache_normal.uexp" 1272
"D:/ProgrammazioneAvanzata/ImpetusFirstLevel/Content/Fab/Brute/MaleBruteA_Moustache_diffuse.ubulk" 1273
"D:/ProgrammazioneAvanzata/ImpetusFirstLevel/Content/Fab/Brute/MaleBruteA_Moustache_diffuse.uasset" 1274
"D:/ProgrammazioneAvanzata/ImpetusFirstLevel/Content/Fab/Brute/MaleBruteA_Moustache_diffuse.uexp" 1275
"D:/ProgrammazioneAvanzata/ImpetusFirstLevel/Content/Fab/Brute/MaleBruteA_Moustache5.uasset" 1276
"D:/ProgrammazioneAvanzata/ImpetusFirstLevel/Content/Fab/Brute/MaleBruteA_Moustache5.uexp" 1277
"D:/ProgrammazioneAvanzata/ImpetusFirstLevel/Content/Fab/Brute/MaleBruteA_Hair_specular.ubulk" 1278
"D:/ProgrammazioneAvanzata/ImpetusFirstLevel/Content/Fab/Brute/MaleBruteA_Hair_specular.uasset" 1279
"D:/ProgrammazioneAvanzata/ImpetusFirstLevel/Content/Fab/Brute/MaleBruteA_Hair_specular.uexp" 1280
"D:/ProgrammazioneAvanzata/ImpetusFirstLevel/Content/Fab/Brute/MaleBruteA_Hair_normal.ubulk" 1281
"D:/ProgrammazioneAvanzata/ImpetusFirstLevel/Content/Fab/Brute/MaleBruteA_Hair_normal.uasset" 1282
"D:/ProgrammazioneAvanzata/ImpetusFirstLevel/Content/Fab/Brute/MaleBruteA_Hair_normal.uexp" 1283
"D:/ProgrammazioneAvanzata/ImpetusFirstLevel/Content/Fab/Brute/MaleBruteA_Hair_diffuse.ubulk" 1284
"D:/ProgrammazioneAvanzata/ImpetusFirstLevel/Content/Fab/Brute/MaleBruteA_Hair_diffuse.uasset" 1285
"D:/ProgrammazioneAvanzata/ImpetusFirstLevel/Content/Fab/Brute/MaleBruteA_Hair_diffuse.uexp" 1286
"D:/ProgrammazioneAvanzata/ImpetusFirstLevel/Content/Fab/Brute/MaleBruteA_Hair6.uasset" 1287
"D:/ProgrammazioneAvanzata/ImpetusFirstLevel/Content/Fab/Brute/MaleBruteA_Hair6.uexp" 1288
"D:/ProgrammazioneAvanzata/ImpetusFirstLevel/Content/Fab/Brute/MaleBruteA_Bottom_specular.ubulk" 1289
"D:/ProgrammazioneAvanzata/ImpetusFirstLevel/Content/Fab/Brute/MaleBruteA_Bottom_specular.uasset" 1290
"D:/ProgrammazioneAvanzata/ImpetusFirstLevel/Content/Fab/Brute/MaleBruteA_Bottom_specular.uexp" 1291
"D:/ProgrammazioneAvanzata/ImpetusFirstLevel/Content/Fab/Brute/MaleBruteA_Bottom_normal.ubulk" 1292
"D:/ProgrammazioneAvanzata/ImpetusFirstLevel/Content/Fab/Brute/MaleBruteA_Bottom_normal.uasset" 1293
"D:/ProgrammazioneAvanzata/ImpetusFirstLevel/Content/Fab/Brute/MaleBruteA_Bottom_normal.uexp" 1294
"D:/ProgrammazioneAvanzata/ImpetusFirstLevel/Content/Fab/Brute/MaleBruteA_Bottom_diffuse1.ubulk" 1295
"D:/ProgrammazioneAvanzata/ImpetusFirstLevel/Content/Fab/Brute/MaleBruteA_Bottom_diffuse1.uasset" 1296
"D:/ProgrammazioneAvanzata/ImpetusFirstLevel/Content/Fab/Brute/MaleBruteA_Bottom_diffuse1.uexp" 1297
"D:/ProgrammazioneAvanzata/ImpetusFirstLevel/Content/Fab/Brute/MaleBruteA_Bottom5.uasset" 1298
"D:/ProgrammazioneAvanzata/ImpetusFirstLevel/Content/Fab/Brute/MaleBruteA_Bottom5.uexp" 1299
"D:/ProgrammazioneAvanzata/ImpetusFirstLevel/Content/Fab/Brute/MaleBruteA_Body_diffuse.ubulk" 1300
"D:/ProgrammazioneAvanzata/ImpetusFirstLevel/Content/Fab/Brute/MaleBruteA_Body_diffuse.uasset" 1301
"D:/ProgrammazioneAvanzata/ImpetusFirstLevel/Content/Fab/Brute/MaleBruteA_Body_diffuse.uexp" 1302
"D:/ProgrammazioneAvanzata/ImpetusFirstLevel/Content/Fab/Brute/Lashes_MAT4.uasset" 1303
"D:/ProgrammazioneAvanzata/ImpetusFirstLevel/Content/Fab/Brute/Lashes_MAT4.uexp" 1304
"D:/ProgrammazioneAvanzata/ImpetusFirstLevel/Content/Fab/Brute/MaleBruteA_StdNM.ubulk" 1305
"D:/ProgrammazioneAvanzata/ImpetusFirstLevel/Content/Fab/Brute/MaleBruteA_StdNM.uasset" 1306
"D:/ProgrammazioneAvanzata/ImpetusFirstLevel/Content/Fab/Brute/MaleBruteA_StdNM.uexp" 1307
"D:/ProgrammazioneAvanzata/ImpetusFirstLevel/Content/Fab/Brute/MaleBruteA_Body_diffuse1.ubulk" 1308
"D:/ProgrammazioneAvanzata/ImpetusFirstLevel/Content/Fab/Brute/MaleBruteA_Body_diffuse1.uasset" 1309
"D:/ProgrammazioneAvanzata/ImpetusFirstLevel/Content/Fab/Brute/MaleBruteA_Body_diffuse1.uexp" 1310
"D:/ProgrammazioneAvanzata/ImpetusFirstLevel/Content/Fab/Brute/EyeSpec_MAT4.uasset" 1311
"D:/ProgrammazioneAvanzata/ImpetusFirstLevel/Content/Fab/Brute/EyeSpec_MAT4.uexp" 1312
"D:/ProgrammazioneAvanzata/ImpetusFirstLevel/Content/Fab/Brute/EyeSpec_MAT2.uasset" 1313
"D:/ProgrammazioneAvanzata/ImpetusFirstLevel/Content/Fab/Brute/EyeSpec_MAT2.uexp" 1314
"D:/ProgrammazioneAvanzata/ImpetusFirstLevel/Content/Fab/Brute/Brute_Skeleton.uasset" 1315
"D:/ProgrammazioneAvanzata/ImpetusFirstLevel/Content/Fab/Brute/Brute_Skeleton.uexp" 1316
"D:/ProgrammazioneAvanzata/ImpetusFirstLevel/Content/Fab/Brute/Brute_PhysicsAsset.uasset" 1317
"D:/ProgrammazioneAvanzata/ImpetusFirstLevel/Content/Fab/Brute/Brute_PhysicsAsset.uexp" 1318
"D:/ProgrammazioneAvanzata/ImpetusFirstLevel/Content/Fab/Brute/Body_MAT4.uasset" 1319
"D:/ProgrammazioneAvanzata/ImpetusFirstLevel/Content/Fab/Brute/Body_MAT4.uexp" 1320
"D:/ProgrammazioneAvanzata/ImpetusFirstLevel/Content/Fab/Brute/axe_SPEC.ubulk" 1321
"D:/ProgrammazioneAvanzata/ImpetusFirstLevel/Content/Fab/Brute/axe_SPEC.uasset" 1322
"D:/ProgrammazioneAvanzata/ImpetusFirstLevel/Content/Fab/Brute/axe_SPEC.uexp" 1323
"D:/ProgrammazioneAvanzata/ImpetusFirstLevel/Content/Fab/Brute/axe_NM2.ubulk" 1324
"D:/ProgrammazioneAvanzata/ImpetusFirstLevel/Content/Fab/Brute/axe_NM2.uasset" 1325
"D:/ProgrammazioneAvanzata/ImpetusFirstLevel/Content/Fab/Brute/axe_NM2.uexp" 1326
"D:/ProgrammazioneAvanzata/ImpetusFirstLevel/Content/Fab/Brute/axe_DIF2.ubulk" 1327
"D:/ProgrammazioneAvanzata/ImpetusFirstLevel/Content/Fab/Brute/axe_DIF2.uasset" 1328
"D:/ProgrammazioneAvanzata/ImpetusFirstLevel/Content/Fab/Brute/axe_DIF2.uexp" 1329
"D:/ProgrammazioneAvanzata/ImpetusFirstLevel/Content/Fab/Brute/blinn7.uasset" 1330
"D:/ProgrammazioneAvanzata/ImpetusFirstLevel/Content/Fab/Brute/blinn7.uexp" 1331
"D:/ProgrammazioneAvanzata/ImpetusFirstLevel/Content/Fab/Brute/Brute.uasset" 1332
"D:/ProgrammazioneAvanzata/ImpetusFirstLevel/Content/Fab/Brute/Brute.uexp" 1333
"D:/ProgrammazioneAvanzata/ImpetusFirstLevel/Content/BP/PickUpObjectsBP.uasset" 1334
"D:/ProgrammazioneAvanzata/ImpetusFirstLevel/Content/BP/PickUpObjectsBP.uexp" 1335
"D:/ProgrammazioneAvanzata/ImpetusFirstLevel/Content/BP/FloatingComponent.uasset" 1336
"D:/ProgrammazioneAvanzata/ImpetusFirstLevel/Content/BP/FloatingComponent.uexp" 1337
"D:/ProgrammazioneAvanzata/ImpetusFirstLevel/Content/BP/FloatingRockBP.uasset" 1338
"D:/ProgrammazioneAvanzata/ImpetusFirstLevel/Content/BP/FloatingRockBP.uexp" 1339
"D:/ProgrammazioneAvanzata/ImpetusFirstLevel/Content/Audio/sword-blade-slicing-flesh-352708.ubulk" 1340
"D:/ProgrammazioneAvanzata/ImpetusFirstLevel/Content/Audio/sword-blade-slicing-flesh-352708.uasset" 1341
"D:/ProgrammazioneAvanzata/ImpetusFirstLevel/Content/Audio/sword-blade-slicing-flesh-352708.uexp" 1342
"D:/ProgrammazioneAvanzata/ImpetusFirstLevel/Content/Interfaces/BPI_Player.uasset" 1343
"D:/ProgrammazioneAvanzata/ImpetusFirstLevel/Content/Interfaces/BPI_Player.uexp" 1344
"D:/ProgrammazioneAvanzata/ImpetusFirstLevel/Content/Interfaces/BPI_Inventory.uasset" 1345
"D:/ProgrammazioneAvanzata/ImpetusFirstLevel/Content/Interfaces/BPI_Inventory.uexp" 1346
"D:/ProgrammazioneAvanzata/ImpetusFirstLevel/Content/BP/RockToBeThrownBP.uasset" 1347
"D:/ProgrammazioneAvanzata/ImpetusFirstLevel/Content/BP/RockToBeThrownBP.uexp" 1348
"D:/ProgrammazioneAvanzata/ImpetusFirstLevel/Content/Fab/Viking/Mesh/SK_Viking_Skeleton.uasset" 1349
"D:/ProgrammazioneAvanzata/ImpetusFirstLevel/Content/Fab/Viking/Mesh/SK_Viking_Skeleton.uexp" 1350
"D:/ProgrammazioneAvanzata/ImpetusFirstLevel/Content/Fab/Viking/Mesh/Phy_Viking_PhysicsAsset.uasset" 1351
"D:/ProgrammazioneAvanzata/ImpetusFirstLevel/Content/Fab/Viking/Mesh/Phy_Viking_PhysicsAsset.uexp" 1352
"../../../Engine/Content/Functions/Engine_MaterialFunctions02/Utility/DitherTemporalAA.uasset" 1353
"../../../Engine/Content/Functions/Engine_MaterialFunctions02/Utility/DitherTemporalAA.uexp" 1354
"D:/ProgrammazioneAvanzata/ImpetusFirstLevel/Content/Fab/Viking/Textures/Armor_Weapon/T_Viking_top_armor_Roughness.ubulk" 1355
"D:/ProgrammazioneAvanzata/ImpetusFirstLevel/Content/Fab/Viking/Textures/Armor_Weapon/T_Viking_top_armor_Roughness.uasset" 1356
"D:/ProgrammazioneAvanzata/ImpetusFirstLevel/Content/Fab/Viking/Textures/Armor_Weapon/T_Viking_top_armor_Roughness.uexp" 1357
"D:/ProgrammazioneAvanzata/ImpetusFirstLevel/Content/Fab/Viking/Textures/Armor_Weapon/T_Viking_top_armor_Opasity.ubulk" 1358
"D:/ProgrammazioneAvanzata/ImpetusFirstLevel/Content/Fab/Viking/Textures/Armor_Weapon/T_Viking_top_armor_Opasity.uasset" 1359
"D:/ProgrammazioneAvanzata/ImpetusFirstLevel/Content/Fab/Viking/Textures/Armor_Weapon/T_Viking_top_armor_Opasity.uexp" 1360
"D:/ProgrammazioneAvanzata/ImpetusFirstLevel/Content/Fab/Viking/Textures/Armor_Weapon/T_Viking_top_armor_Normal.ubulk" 1361
"D:/ProgrammazioneAvanzata/ImpetusFirstLevel/Content/Fab/Viking/Textures/Armor_Weapon/T_Viking_top_armor_Normal.uasset" 1362
"D:/ProgrammazioneAvanzata/ImpetusFirstLevel/Content/Fab/Viking/Textures/Armor_Weapon/T_Viking_top_armor_Normal.uexp" 1363
"D:/ProgrammazioneAvanzata/ImpetusFirstLevel/Content/Fab/Viking/Textures/Armor_Weapon/T_Viking_top_armor_Metalness.ubulk" 1364
"D:/ProgrammazioneAvanzata/ImpetusFirstLevel/Content/Fab/Viking/Textures/Armor_Weapon/T_Viking_top_armor_Metalness.uasset" 1365
"D:/ProgrammazioneAvanzata/ImpetusFirstLevel/Content/Fab/Viking/Textures/Armor_Weapon/T_Viking_top_armor_Metalness.uexp" 1366
"D:/ProgrammazioneAvanzata/ImpetusFirstLevel/Content/Fab/Viking/Textures/Armor_Weapon/T_Viking_top_armor_Albedo.ubulk" 1367
"D:/ProgrammazioneAvanzata/ImpetusFirstLevel/Content/Fab/Viking/Textures/Armor_Weapon/T_Viking_top_armor_Albedo.uasset" 1368
"D:/ProgrammazioneAvanzata/ImpetusFirstLevel/Content/Fab/Viking/Textures/Armor_Weapon/T_Viking_top_armor_Albedo.uexp" 1369
"D:/ProgrammazioneAvanzata/ImpetusFirstLevel/Content/Fab/Viking/Materials/Mat_top_armor.uasset" 1370
"D:/ProgrammazioneAvanzata/ImpetusFirstLevel/Content/Fab/Viking/Materials/Mat_top_armor.uexp" 1371
"D:/ProgrammazioneAvanzata/ImpetusFirstLevel/Content/Fab/Viking/Textures/Armor_Weapon/T_Viking_shield_Roughness.ubulk" 1372
"D:/ProgrammazioneAvanzata/ImpetusFirstLevel/Content/Fab/Viking/Textures/Armor_Weapon/T_Viking_shield_Roughness.uasset" 1373
"D:/ProgrammazioneAvanzata/ImpetusFirstLevel/Content/Fab/Viking/Textures/Armor_Weapon/T_Viking_shield_Roughness.uexp" 1374
"D:/ProgrammazioneAvanzata/ImpetusFirstLevel/Content/Fab/Viking/Textures/Armor_Weapon/T_Viking_shield_Normal.ubulk" 1375
"D:/ProgrammazioneAvanzata/ImpetusFirstLevel/Content/Fab/Viking/Textures/Armor_Weapon/T_Viking_shield_Normal.uasset" 1376
"D:/ProgrammazioneAvanzata/ImpetusFirstLevel/Content/Fab/Viking/Textures/Armor_Weapon/T_Viking_shield_Normal.uexp" 1377
"D:/ProgrammazioneAvanzata/ImpetusFirstLevel/Content/Fab/Viking/Textures/Armor_Weapon/T_Viking_shield_Metalness.ubulk" 1378
"D:/ProgrammazioneAvanzata/ImpetusFirstLevel/Content/Fab/Viking/Textures/Armor_Weapon/T_Viking_shield_Metalness.uasset" 1379
"D:/ProgrammazioneAvanzata/ImpetusFirstLevel/Content/Fab/Viking/Textures/Armor_Weapon/T_Viking_shield_Metalness.uexp" 1380
"D:/ProgrammazioneAvanzata/ImpetusFirstLevel/Content/Fab/Viking/Textures/Armor_Weapon/T_Viking_shield_Albedo.ubulk" 1381
"D:/ProgrammazioneAvanzata/ImpetusFirstLevel/Content/Fab/Viking/Textures/Armor_Weapon/T_Viking_shield_Albedo.uasset" 1382
"D:/ProgrammazioneAvanzata/ImpetusFirstLevel/Content/Fab/Viking/Textures/Armor_Weapon/T_Viking_shield_Albedo.uexp" 1383
"D:/ProgrammazioneAvanzata/ImpetusFirstLevel/Content/Fab/Viking/Materials/Mat_shield.uasset" 1384
"D:/ProgrammazioneAvanzata/ImpetusFirstLevel/Content/Fab/Viking/Materials/Mat_shield.uexp" 1385
"D:/ProgrammazioneAvanzata/ImpetusFirstLevel/Content/Fab/Viking/Materials/Mat_sclera.uasset" 1386
"D:/ProgrammazioneAvanzata/ImpetusFirstLevel/Content/Fab/Viking/Materials/Mat_sclera.uexp" 1387
"D:/ProgrammazioneAvanzata/ImpetusFirstLevel/Content/Fab/Viking/Textures/Armor_Weapon/T_Viking_low_armor_Roughness.ubulk" 1388
"D:/ProgrammazioneAvanzata/ImpetusFirstLevel/Content/Fab/Viking/Textures/Armor_Weapon/T_Viking_low_armor_Roughness.uasset" 1389
"D:/ProgrammazioneAvanzata/ImpetusFirstLevel/Content/Fab/Viking/Textures/Armor_Weapon/T_Viking_low_armor_Roughness.uexp" 1390
"D:/ProgrammazioneAvanzata/ImpetusFirstLevel/Content/Fab/Viking/Textures/Armor_Weapon/T_Viking_low_armor_Opasity.ubulk" 1391
"D:/ProgrammazioneAvanzata/ImpetusFirstLevel/Content/Fab/Viking/Textures/Armor_Weapon/T_Viking_low_armor_Opasity.uasset" 1392
"D:/ProgrammazioneAvanzata/ImpetusFirstLevel/Content/Fab/Viking/Textures/Armor_Weapon/T_Viking_low_armor_Opasity.uexp" 1393
"D:/ProgrammazioneAvanzata/ImpetusFirstLevel/Content/Fab/Viking/Textures/Armor_Weapon/T_Viking_low_armor_Normal.ubulk" 1394
"D:/ProgrammazioneAvanzata/ImpetusFirstLevel/Content/Fab/Viking/Textures/Armor_Weapon/T_Viking_low_armor_Normal.uasset" 1395
"D:/ProgrammazioneAvanzata/ImpetusFirstLevel/Content/Fab/Viking/Textures/Armor_Weapon/T_Viking_low_armor_Normal.uexp" 1396
"D:/ProgrammazioneAvanzata/ImpetusFirstLevel/Content/Fab/Viking/Textures/Armor_Weapon/T_Viking_low_armor_Metalness.ubulk" 1397
"D:/ProgrammazioneAvanzata/ImpetusFirstLevel/Content/Fab/Viking/Textures/Armor_Weapon/T_Viking_low_armor_Metalness.uasset" 1398
"D:/ProgrammazioneAvanzata/ImpetusFirstLevel/Content/Fab/Viking/Textures/Armor_Weapon/T_Viking_low_armor_Metalness.uexp" 1399
"D:/ProgrammazioneAvanzata/ImpetusFirstLevel/Content/Fab/Viking/Textures/Armor_Weapon/T_Viking_low_armor_Albedo.ubulk" 1400
"D:/ProgrammazioneAvanzata/ImpetusFirstLevel/Content/Fab/Viking/Textures/Armor_Weapon/T_Viking_low_armor_Albedo.uasset" 1401
"D:/ProgrammazioneAvanzata/ImpetusFirstLevel/Content/Fab/Viking/Textures/Armor_Weapon/T_Viking_low_armor_Albedo.uexp" 1402
"D:/ProgrammazioneAvanzata/ImpetusFirstLevel/Content/Fab/Viking/Materials/Mat_low_armor.uasset" 1403
"D:/ProgrammazioneAvanzata/ImpetusFirstLevel/Content/Fab/Viking/Materials/Mat_low_armor.uexp" 1404
"D:/ProgrammazioneAvanzata/ImpetusFirstLevel/Content/Fab/Viking/Textures/Head_Hands_Eyes/T_Head_Roughness.ubulk" 1405
"D:/ProgrammazioneAvanzata/ImpetusFirstLevel/Content/Fab/Viking/Textures/Head_Hands_Eyes/T_Head_Roughness.uasset" 1406
"D:/ProgrammazioneAvanzata/ImpetusFirstLevel/Content/Fab/Viking/Textures/Head_Hands_Eyes/T_Head_Roughness.uexp" 1407
"D:/ProgrammazioneAvanzata/ImpetusFirstLevel/Content/Fab/Viking/Textures/Head_Hands_Eyes/T_Head_Normal.ubulk" 1408
"D:/ProgrammazioneAvanzata/ImpetusFirstLevel/Content/Fab/Viking/Textures/Head_Hands_Eyes/T_Head_Normal.uasset" 1409
"D:/ProgrammazioneAvanzata/ImpetusFirstLevel/Content/Fab/Viking/Textures/Head_Hands_Eyes/T_Head_Normal.uexp" 1410
"D:/ProgrammazioneAvanzata/ImpetusFirstLevel/Content/Fab/Viking/Textures/Head_Hands_Eyes/T_Head_Albedo.ubulk" 1411
"D:/ProgrammazioneAvanzata/ImpetusFirstLevel/Content/Fab/Viking/Textures/Head_Hands_Eyes/T_Head_Albedo.uasset" 1412
"D:/ProgrammazioneAvanzata/ImpetusFirstLevel/Content/Fab/Viking/Textures/Head_Hands_Eyes/T_Head_Albedo.uexp" 1413
"D:/ProgrammazioneAvanzata/ImpetusFirstLevel/Content/Fab/Viking/Materials/SP_Skin_SSS_Profile.uasset" 1414
"D:/ProgrammazioneAvanzata/ImpetusFirstLevel/Content/Fab/Viking/Materials/SP_Skin_SSS_Profile.uexp" 1415
"D:/ProgrammazioneAvanzata/ImpetusFirstLevel/Content/Fab/Viking/Materials/Mat_head.uasset" 1416
"D:/ProgrammazioneAvanzata/ImpetusFirstLevel/Content/Fab/Viking/Materials/Mat_head.uexp" 1417
"D:/ProgrammazioneAvanzata/ImpetusFirstLevel/Content/Fab/Viking/Textures/Head_Hands_Eyes/T_Hand_Roughness.ubulk" 1418
"D:/ProgrammazioneAvanzata/ImpetusFirstLevel/Content/Fab/Viking/Textures/Head_Hands_Eyes/T_Hand_Roughness.uasset" 1419
"D:/ProgrammazioneAvanzata/ImpetusFirstLevel/Content/Fab/Viking/Textures/Head_Hands_Eyes/T_Hand_Roughness.uexp" 1420
"D:/ProgrammazioneAvanzata/ImpetusFirstLevel/Content/Fab/Viking/Textures/Head_Hands_Eyes/T_Hand_Normal.ubulk" 1421
"D:/ProgrammazioneAvanzata/ImpetusFirstLevel/Content/Fab/Viking/Textures/Head_Hands_Eyes/T_Hand_Normal.uasset" 1422
"D:/ProgrammazioneAvanzata/ImpetusFirstLevel/Content/Fab/Viking/Textures/Head_Hands_Eyes/T_Hand_Normal.uexp" 1423
"D:/ProgrammazioneAvanzata/ImpetusFirstLevel/Content/Fab/Viking/Textures/Head_Hands_Eyes/T_Hand_Albedo.ubulk" 1424
"D:/ProgrammazioneAvanzata/ImpetusFirstLevel/Content/Fab/Viking/Textures/Head_Hands_Eyes/T_Hand_Albedo.uasset" 1425
"D:/ProgrammazioneAvanzata/ImpetusFirstLevel/Content/Fab/Viking/Textures/Head_Hands_Eyes/T_Hand_Albedo.uexp" 1426
"D:/ProgrammazioneAvanzata/ImpetusFirstLevel/Content/Fab/Viking/Materials/Mat_hands.uasset" 1427
"D:/ProgrammazioneAvanzata/ImpetusFirstLevel/Content/Fab/Viking/Materials/Mat_hands.uexp" 1428
"D:/ProgrammazioneAvanzata/ImpetusFirstLevel/Content/Fab/Viking/Textures/Hair_Fur/T_Hair_Root.uexp" 1429
"D:/ProgrammazioneAvanzata/ImpetusFirstLevel/Content/Fab/Viking/Textures/Hair_Fur/T_Hair_Root.ubulk" 1430
"D:/ProgrammazioneAvanzata/ImpetusFirstLevel/Content/Fab/Viking/Textures/Hair_Fur/T_Hair_Root.uasset" 1431
"D:/ProgrammazioneAvanzata/ImpetusFirstLevel/Content/Fab/Viking/Textures/Hair_Fur/T_Hair_Root.uptnl" 1432
"D:/ProgrammazioneAvanzata/ImpetusFirstLevel/Content/Fab/Viking/Textures/Hair_Fur/T_Hair_Normal.uexp" 1433
"D:/ProgrammazioneAvanzata/ImpetusFirstLevel/Content/Fab/Viking/Textures/Hair_Fur/T_Hair_Normal.ubulk" 1434
"D:/ProgrammazioneAvanzata/ImpetusFirstLevel/Content/Fab/Viking/Textures/Hair_Fur/T_Hair_Normal.uasset" 1435
"D:/ProgrammazioneAvanzata/ImpetusFirstLevel/Content/Fab/Viking/Textures/Hair_Fur/T_Hair_Normal.uptnl" 1436
"D:/ProgrammazioneAvanzata/ImpetusFirstLevel/Content/Fab/Viking/Textures/Hair_Fur/T_Hair_Mask.uexp" 1437
"D:/ProgrammazioneAvanzata/ImpetusFirstLevel/Content/Fab/Viking/Textures/Hair_Fur/T_Hair_Mask.ubulk" 1438
"D:/ProgrammazioneAvanzata/ImpetusFirstLevel/Content/Fab/Viking/Textures/Hair_Fur/T_Hair_Mask.uasset" 1439
"D:/ProgrammazioneAvanzata/ImpetusFirstLevel/Content/Fab/Viking/Textures/Hair_Fur/T_Hair_Mask.uptnl" 1440
"D:/ProgrammazioneAvanzata/ImpetusFirstLevel/Content/Fab/Viking/Textures/Hair_Fur/T_Hair_Depth.uexp" 1441
"D:/ProgrammazioneAvanzata/ImpetusFirstLevel/Content/Fab/Viking/Textures/Hair_Fur/T_Hair_Depth.ubulk" 1442
"D:/ProgrammazioneAvanzata/ImpetusFirstLevel/Content/Fab/Viking/Textures/Hair_Fur/T_Hair_Depth.uasset" 1443
"D:/ProgrammazioneAvanzata/ImpetusFirstLevel/Content/Fab/Viking/Textures/Hair_Fur/T_Hair_Depth.uptnl" 1444
"D:/ProgrammazioneAvanzata/ImpetusFirstLevel/Content/Fab/Viking/Textures/Hair_Fur/T_Hair_Albedo.uexp" 1445
"D:/ProgrammazioneAvanzata/ImpetusFirstLevel/Content/Fab/Viking/Textures/Hair_Fur/T_Hair_Albedo.ubulk" 1446
"D:/ProgrammazioneAvanzata/ImpetusFirstLevel/Content/Fab/Viking/Textures/Hair_Fur/T_Hair_Albedo.uasset" 1447
"D:/ProgrammazioneAvanzata/ImpetusFirstLevel/Content/Fab/Viking/Textures/Hair_Fur/T_Hair_Albedo.uptnl" 1448
"D:/ProgrammazioneAvanzata/ImpetusFirstLevel/Content/Fab/Viking/Materials/Mat_hair.uasset" 1449
"D:/ProgrammazioneAvanzata/ImpetusFirstLevel/Content/Fab/Viking/Materials/Mat_hair.uexp" 1450
"D:/ProgrammazioneAvanzata/ImpetusFirstLevel/Content/Fab/Viking/Textures/Hair_Fur/T_Fur_Root.ubulk" 1451
"D:/ProgrammazioneAvanzata/ImpetusFirstLevel/Content/Fab/Viking/Textures/Hair_Fur/T_Fur_Root.uasset" 1452
"D:/ProgrammazioneAvanzata/ImpetusFirstLevel/Content/Fab/Viking/Textures/Hair_Fur/T_Fur_Root.uexp" 1453
"D:/ProgrammazioneAvanzata/ImpetusFirstLevel/Content/Fab/Viking/Textures/Hair_Fur/T_Fur_Normal.ubulk" 1454
"D:/ProgrammazioneAvanzata/ImpetusFirstLevel/Content/Fab/Viking/Textures/Hair_Fur/T_Fur_Normal.uasset" 1455
"D:/ProgrammazioneAvanzata/ImpetusFirstLevel/Content/Fab/Viking/Textures/Hair_Fur/T_Fur_Normal.uexp" 1456
"D:/ProgrammazioneAvanzata/ImpetusFirstLevel/Content/Fab/Viking/Textures/Hair_Fur/T_Fur_Mask.ubulk" 1457
"D:/ProgrammazioneAvanzata/ImpetusFirstLevel/Content/Fab/Viking/Textures/Hair_Fur/T_Fur_Mask.uasset" 1458
"D:/ProgrammazioneAvanzata/ImpetusFirstLevel/Content/Fab/Viking/Textures/Hair_Fur/T_Fur_Mask.uexp" 1459
"D:/ProgrammazioneAvanzata/ImpetusFirstLevel/Content/Fab/Viking/Textures/Hair_Fur/T_Fur_Albedo.ubulk" 1460
"D:/ProgrammazioneAvanzata/ImpetusFirstLevel/Content/Fab/Viking/Textures/Hair_Fur/T_Fur_Albedo.uasset" 1461
"D:/ProgrammazioneAvanzata/ImpetusFirstLevel/Content/Fab/Viking/Textures/Hair_Fur/T_Fur_Albedo.uexp" 1462
"D:/ProgrammazioneAvanzata/ImpetusFirstLevel/Content/Fab/Viking/Materials/Mat_fur.uasset" 1463
"D:/ProgrammazioneAvanzata/ImpetusFirstLevel/Content/Fab/Viking/Materials/Mat_fur.uexp" 1464
"D:/ProgrammazioneAvanzata/ImpetusFirstLevel/Content/Fab/Viking/Textures/Head_Hands_Eyes/T_Eye_Roughness.ubulk" 1465
"D:/ProgrammazioneAvanzata/ImpetusFirstLevel/Content/Fab/Viking/Textures/Head_Hands_Eyes/T_Eye_Roughness.uasset" 1466
"D:/ProgrammazioneAvanzata/ImpetusFirstLevel/Content/Fab/Viking/Textures/Head_Hands_Eyes/T_Eye_Roughness.uexp" 1467
"D:/ProgrammazioneAvanzata/ImpetusFirstLevel/Content/Fab/Viking/Textures/Head_Hands_Eyes/T_Eye_Normal.ubulk" 1468
"D:/ProgrammazioneAvanzata/ImpetusFirstLevel/Content/Fab/Viking/Textures/Head_Hands_Eyes/T_Eye_Normal.uasset" 1469
"D:/ProgrammazioneAvanzata/ImpetusFirstLevel/Content/Fab/Viking/Textures/Head_Hands_Eyes/T_Eye_Normal.uexp" 1470
"D:/ProgrammazioneAvanzata/ImpetusFirstLevel/Content/Fab/Viking/Textures/Head_Hands_Eyes/T_Eye_Albedo.ubulk" 1471
"D:/ProgrammazioneAvanzata/ImpetusFirstLevel/Content/Fab/Viking/Textures/Head_Hands_Eyes/T_Eye_Albedo.uasset" 1472
"D:/ProgrammazioneAvanzata/ImpetusFirstLevel/Content/Fab/Viking/Textures/Head_Hands_Eyes/T_Eye_Albedo.uexp" 1473
"D:/ProgrammazioneAvanzata/ImpetusFirstLevel/Content/Fab/Viking/Materials/Mat_eyes.uasset" 1474
"D:/ProgrammazioneAvanzata/ImpetusFirstLevel/Content/Fab/Viking/Materials/Mat_eyes.uexp" 1475
"D:/ProgrammazioneAvanzata/ImpetusFirstLevel/Content/Fab/Viking/Textures/Armor_Weapon/T_Viking_axe_Roughness.ubulk" 1476
"D:/ProgrammazioneAvanzata/ImpetusFirstLevel/Content/Fab/Viking/Textures/Armor_Weapon/T_Viking_axe_Roughness.uasset" 1477
"D:/ProgrammazioneAvanzata/ImpetusFirstLevel/Content/Fab/Viking/Textures/Armor_Weapon/T_Viking_axe_Roughness.uexp" 1478
"D:/ProgrammazioneAvanzata/ImpetusFirstLevel/Content/Fab/Viking/Textures/Armor_Weapon/T_Viking_axe_Normal.ubulk" 1479
"D:/ProgrammazioneAvanzata/ImpetusFirstLevel/Content/Fab/Viking/Textures/Armor_Weapon/T_Viking_axe_Normal.uasset" 1480
"D:/ProgrammazioneAvanzata/ImpetusFirstLevel/Content/Fab/Viking/Textures/Armor_Weapon/T_Viking_axe_Normal.uexp" 1481
"D:/ProgrammazioneAvanzata/ImpetusFirstLevel/Content/Fab/Viking/Textures/Armor_Weapon/T_Viking_axe_Metalness.ubulk" 1482
"D:/ProgrammazioneAvanzata/ImpetusFirstLevel/Content/Fab/Viking/Textures/Armor_Weapon/T_Viking_axe_Metalness.uasset" 1483
"D:/ProgrammazioneAvanzata/ImpetusFirstLevel/Content/Fab/Viking/Textures/Armor_Weapon/T_Viking_axe_Metalness.uexp" 1484
"D:/ProgrammazioneAvanzata/ImpetusFirstLevel/Content/Fab/Viking/Textures/Armor_Weapon/T_Viking_axe_Albedo.ubulk" 1485
"D:/ProgrammazioneAvanzata/ImpetusFirstLevel/Content/Fab/Viking/Textures/Armor_Weapon/T_Viking_axe_Albedo.uasset" 1486
"D:/ProgrammazioneAvanzata/ImpetusFirstLevel/Content/Fab/Viking/Textures/Armor_Weapon/T_Viking_axe_Albedo.uexp" 1487
"D:/ProgrammazioneAvanzata/ImpetusFirstLevel/Content/Fab/Viking/Materials/Mat_axe.uasset" 1488
"D:/ProgrammazioneAvanzata/ImpetusFirstLevel/Content/Fab/Viking/Materials/Mat_axe.uexp" 1489
"D:/ProgrammazioneAvanzata/ImpetusFirstLevel/Content/Fab/Viking/Mesh/SK_Viking.uasset" 1490
"D:/ProgrammazioneAvanzata/ImpetusFirstLevel/Content/Fab/Viking/Mesh/SK_Viking.uexp" 1491
"../../../Engine/Plugins/Animation/ACLPlugin/Content/ACLAnimCurveCompressionSettings.uasset" 1492
"../../../Engine/Plugins/Animation/ACLPlugin/Content/ACLAnimCurveCompressionSettings.uexp" 1493
"../../../Engine/Plugins/Animation/ACLPlugin/Content/ACLAnimBoneCompressionSettings.uasset" 1494
"../../../Engine/Plugins/Animation/ACLPlugin/Content/ACLAnimBoneCompressionSettings.uexp" 1495
"../../../Engine/Content/Animation/DefaultVariableFrameStrippingSettings.uasset" 1496
"../../../Engine/Content/Animation/DefaultVariableFrameStrippingSettings.uexp" 1497
"D:/ProgrammazioneAvanzata/ImpetusFirstLevel/Content/Fab/Viking/Animations/Viking_Victory.uasset" 1498
"D:/ProgrammazioneAvanzata/ImpetusFirstLevel/Content/Fab/Viking/Animations/Viking_Victory.uexp" 1499
"D:/ProgrammazioneAvanzata/ImpetusFirstLevel/Content/Fab/Viking/Animations/VikingVictoryMontage.uasset" 1500
"D:/ProgrammazioneAvanzata/ImpetusFirstLevel/Content/Fab/Viking/Animations/VikingVictoryMontage.uexp" 1501
"D:/ProgrammazioneAvanzata/ImpetusFirstLevel/Content/Fab/Viking/Animations/Anim_Viking_death.uasset" 1502
"D:/ProgrammazioneAvanzata/ImpetusFirstLevel/Content/Fab/Viking/Animations/Anim_Viking_death.uexp" 1503
"D:/ProgrammazioneAvanzata/ImpetusFirstLevel/Content/Fab/Viking/Animations/VikingDeath.uasset" 1504
"D:/ProgrammazioneAvanzata/ImpetusFirstLevel/Content/Fab/Viking/Animations/VikingDeath.uexp" 1505
"D:/ProgrammazioneAvanzata/ImpetusFirstLevel/Content/Fab/Viking/Animations/VikingsThrow_Anim.uasset" 1506
"D:/ProgrammazioneAvanzata/ImpetusFirstLevel/Content/Fab/Viking/Animations/VikingsThrow_Anim.uexp" 1507
"D:/ProgrammazioneAvanzata/ImpetusFirstLevel/Content/Fab/Viking/Animations/ThrowRock.uasset" 1508
"D:/ProgrammazioneAvanzata/ImpetusFirstLevel/Content/Fab/Viking/Animations/ThrowRock.uexp" 1509
"D:/ProgrammazioneAvanzata/ImpetusFirstLevel/Content/Fab/Viking/Animations/Anim_Viking_attack2.uasset" 1510
"D:/ProgrammazioneAvanzata/ImpetusFirstLevel/Content/Fab/Viking/Animations/Anim_Viking_attack2.uexp" 1511
"D:/ProgrammazioneAvanzata/ImpetusFirstLevel/Content/Fab/Viking/Animations/AxeSwordAttack.uasset" 1512
"D:/ProgrammazioneAvanzata/ImpetusFirstLevel/Content/Fab/Viking/Animations/AxeSwordAttack.uexp" 1513
"D:/ProgrammazioneAvanzata/ImpetusFirstLevel/Content/Fab/Viking/Animations/Anim_Viking_backwalk.uasset" 1514
"D:/ProgrammazioneAvanzata/ImpetusFirstLevel/Content/Fab/Viking/Animations/Anim_Viking_backwalk.uexp" 1515
"D:/ProgrammazioneAvanzata/ImpetusFirstLevel/Content/Fab/Viking/Animations/Anim_Viking_idle1.uasset" 1516
"D:/ProgrammazioneAvanzata/ImpetusFirstLevel/Content/Fab/Viking/Animations/Anim_Viking_idle1.uexp" 1517
"D:/ProgrammazioneAvanzata/ImpetusFirstLevel/Content/Audio/st3-footstep-sfx-323056.ubulk" 1518
"D:/ProgrammazioneAvanzata/ImpetusFirstLevel/Content/Audio/st3-footstep-sfx-323056.uasset" 1519
"D:/ProgrammazioneAvanzata/ImpetusFirstLevel/Content/Audio/st3-footstep-sfx-323056.uexp" 1520
"D:/ProgrammazioneAvanzata/ImpetusFirstLevel/Content/Audio/st2-footstep-sfx-323055.ubulk" 1521
"D:/ProgrammazioneAvanzata/ImpetusFirstLevel/Content/Audio/st2-footstep-sfx-323055.uasset" 1522
"D:/ProgrammazioneAvanzata/ImpetusFirstLevel/Content/Audio/st2-footstep-sfx-323055.uexp" 1523
"D:/ProgrammazioneAvanzata/ImpetusFirstLevel/Content/Audio/st1-footstep-sfx-323053.ubulk" 1524
"D:/ProgrammazioneAvanzata/ImpetusFirstLevel/Content/Audio/st1-footstep-sfx-323053.uasset" 1525
"D:/ProgrammazioneAvanzata/ImpetusFirstLevel/Content/Audio/st1-footstep-sfx-323053.uexp" 1526
"D:/ProgrammazioneAvanzata/ImpetusFirstLevel/Content/Audio/SC_PlayerFootsteps.uasset" 1527
"D:/ProgrammazioneAvanzata/ImpetusFirstLevel/Content/Audio/SC_PlayerFootsteps.uexp" 1528
"D:/ProgrammazioneAvanzata/ImpetusFirstLevel/Content/Fab/Viking/Animations/Anim_Viking_leftwalk.uasset" 1529
"D:/ProgrammazioneAvanzata/ImpetusFirstLevel/Content/Fab/Viking/Animations/Anim_Viking_leftwalk.uexp" 1530
"D:/ProgrammazioneAvanzata/ImpetusFirstLevel/Content/Fab/Viking/Animations/Anim_Viking_rightwalk.uasset" 1531
"D:/ProgrammazioneAvanzata/ImpetusFirstLevel/Content/Fab/Viking/Animations/Anim_Viking_rightwalk.uexp" 1532
"D:/ProgrammazioneAvanzata/ImpetusFirstLevel/Content/Fab/Viking/Animations/Anim_Viking_walk.uasset" 1533
"D:/ProgrammazioneAvanzata/ImpetusFirstLevel/Content/Fab/Viking/Animations/Anim_Viking_walk.uexp" 1534
"D:/ProgrammazioneAvanzata/ImpetusFirstLevel/Content/MyPlayerBlendSpace.uasset" 1535
"D:/ProgrammazioneAvanzata/ImpetusFirstLevel/Content/MyPlayerBlendSpace.uexp" 1536
"D:/ProgrammazioneAvanzata/ImpetusFirstLevel/Content/Fab/Viking/Animations/Viking_Swimming_Anim.uasset" 1537
"D:/ProgrammazioneAvanzata/ImpetusFirstLevel/Content/Fab/Viking/Animations/Viking_Swimming_Anim.uexp" 1538
"D:/ProgrammazioneAvanzata/ImpetusFirstLevel/Content/Fab/Viking/Animations/Anim_Viking_run.uasset" 1539
"D:/ProgrammazioneAvanzata/ImpetusFirstLevel/Content/Fab/Viking/Animations/Anim_Viking_run.uexp" 1540
"D:/ProgrammazioneAvanzata/ImpetusFirstLevel/Content/Fab/Viking/Animations/Anim_Viking_jump.uasset" 1541
"D:/ProgrammazioneAvanzata/ImpetusFirstLevel/Content/Fab/Viking/Animations/Anim_Viking_jump.uexp" 1542
"D:/ProgrammazioneAvanzata/ImpetusFirstLevel/Content/BP/MyPlayerAnimInstanceBP.uasset" 1543
"D:/ProgrammazioneAvanzata/ImpetusFirstLevel/Content/BP/MyPlayerAnimInstanceBP.uexp" 1544
"D:/ProgrammazioneAvanzata/ImpetusFirstLevel/Content/Fab/Realistic_tree/realistic_tree_texture_0.uexp" 1545
"D:/ProgrammazioneAvanzata/ImpetusFirstLevel/Content/Fab/Realistic_tree/realistic_tree_texture_0.ubulk" 1546
"D:/ProgrammazioneAvanzata/ImpetusFirstLevel/Content/Fab/Realistic_tree/realistic_tree_texture_0.uasset" 1547
"D:/ProgrammazioneAvanzata/ImpetusFirstLevel/Content/Fab/Realistic_tree/realistic_tree_texture_0.uptnl" 1548
"D:/ProgrammazioneAvanzata/ImpetusFirstLevel/Content/Fab/Realistic_tree/realistic_tree_texture_1.uexp" 1549
"D:/ProgrammazioneAvanzata/ImpetusFirstLevel/Content/Fab/Realistic_tree/realistic_tree_texture_1.ubulk" 1550
"D:/ProgrammazioneAvanzata/ImpetusFirstLevel/Content/Fab/Realistic_tree/realistic_tree_texture_1.uasset" 1551
"D:/ProgrammazioneAvanzata/ImpetusFirstLevel/Content/Fab/Realistic_tree/realistic_tree_texture_1.uptnl" 1552
"D:/ProgrammazioneAvanzata/ImpetusFirstLevel/Content/Fab/Realistic_tree/realistic_tree_texture_2.uexp" 1553
"D:/ProgrammazioneAvanzata/ImpetusFirstLevel/Content/Fab/Realistic_tree/realistic_tree_texture_2.ubulk" 1554
"D:/ProgrammazioneAvanzata/ImpetusFirstLevel/Content/Fab/Realistic_tree/realistic_tree_texture_2.uasset" 1555
"D:/ProgrammazioneAvanzata/ImpetusFirstLevel/Content/Fab/Realistic_tree/realistic_tree_texture_2.uptnl" 1556
"D:/ProgrammazioneAvanzata/ImpetusFirstLevel/Content/Fab/Realistic_tree/MT_PM_V60_Alnus_cremastogyne_01_Trunk_01_010.uasset" 1557
"D:/ProgrammazioneAvanzata/ImpetusFirstLevel/Content/Fab/Realistic_tree/MT_PM_V60_Alnus_cremastogyne_01_Trunk_01_010.uexp" 1558
"D:/ProgrammazioneAvanzata/ImpetusFirstLevel/Content/Fab/Realistic_tree/realistic_tree_texture_3.ubulk" 1559
"D:/ProgrammazioneAvanzata/ImpetusFirstLevel/Content/Fab/Realistic_tree/realistic_tree_texture_3.uasset" 1560
"D:/ProgrammazioneAvanzata/ImpetusFirstLevel/Content/Fab/Realistic_tree/realistic_tree_texture_3.uexp" 1561
"D:/ProgrammazioneAvanzata/ImpetusFirstLevel/Content/Fab/Realistic_tree/realistic_tree_texture_4.ubulk" 1562
"D:/ProgrammazioneAvanzata/ImpetusFirstLevel/Content/Fab/Realistic_tree/realistic_tree_texture_4.uasset" 1563
"D:/ProgrammazioneAvanzata/ImpetusFirstLevel/Content/Fab/Realistic_tree/realistic_tree_texture_4.uexp" 1564
"D:/ProgrammazioneAvanzata/ImpetusFirstLevel/Content/Fab/Realistic_tree/realistic_tree_texture_5.ubulk" 1565
"D:/ProgrammazioneAvanzata/ImpetusFirstLevel/Content/Fab/Realistic_tree/realistic_tree_texture_5.uasset" 1566
"D:/ProgrammazioneAvanzata/ImpetusFirstLevel/Content/Fab/Realistic_tree/realistic_tree_texture_5.uexp" 1567
"D:/ProgrammazioneAvanzata/ImpetusFirstLevel/Content/Fab/Realistic_tree/MT_PM_V60_Alnus_cremastogyne_01_Petiole_01_010.uasset" 1568
"D:/ProgrammazioneAvanzata/ImpetusFirstLevel/Content/Fab/Realistic_tree/MT_PM_V60_Alnus_cremastogyne_01_Petiole_01_010.uexp" 1569
"D:/ProgrammazioneAvanzata/ImpetusFirstLevel/Content/Fab/Realistic_tree/realistic_tree_texture_6.ubulk" 1570
"D:/ProgrammazioneAvanzata/ImpetusFirstLevel/Content/Fab/Realistic_tree/realistic_tree_texture_6.uasset" 1571
"D:/ProgrammazioneAvanzata/ImpetusFirstLevel/Content/Fab/Realistic_tree/realistic_tree_texture_6.uexp" 1572
"D:/ProgrammazioneAvanzata/ImpetusFirstLevel/Content/Fab/Realistic_tree/realistic_tree_texture_7.ubulk" 1573
"D:/ProgrammazioneAvanzata/ImpetusFirstLevel/Content/Fab/Realistic_tree/realistic_tree_texture_7.uasset" 1574
"D:/ProgrammazioneAvanzata/ImpetusFirstLevel/Content/Fab/Realistic_tree/realistic_tree_texture_7.uexp" 1575
"D:/ProgrammazioneAvanzata/ImpetusFirstLevel/Content/Fab/Realistic_tree/realistic_tree_texture_8.ubulk" 1576
"D:/ProgrammazioneAvanzata/ImpetusFirstLevel/Content/Fab/Realistic_tree/realistic_tree_texture_8.uasset" 1577
"D:/ProgrammazioneAvanzata/ImpetusFirstLevel/Content/Fab/Realistic_tree/realistic_tree_texture_8.uexp" 1578
"D:/ProgrammazioneAvanzata/ImpetusFirstLevel/Content/Fab/Realistic_tree/MT_PM_V60_Alnus_cremastogyne_01_Leaf_01_010.uasset" 1579
"D:/ProgrammazioneAvanzata/ImpetusFirstLevel/Content/Fab/Realistic_tree/MT_PM_V60_Alnus_cremastogyne_01_Leaf_01_010.uexp" 1580
"D:/ProgrammazioneAvanzata/ImpetusFirstLevel/Content/Fab/Realistic_tree/realistic_tree.ubulk" 1581
"D:/ProgrammazioneAvanzata/ImpetusFirstLevel/Content/Fab/Realistic_tree/realistic_tree.uasset" 1582
"D:/ProgrammazioneAvanzata/ImpetusFirstLevel/Content/Fab/Realistic_tree/realistic_tree.uexp" 1583
"D:/ProgrammazioneAvanzata/ImpetusFirstLevel/Content/BP/FloatingWoodBP.uasset" 1584
"D:/ProgrammazioneAvanzata/ImpetusFirstLevel/Content/BP/FloatingWoodBP.uexp" 1585
"D:/ProgrammazioneAvanzata/ImpetusFirstLevel/Content/Audio/chopping-tree-root-212654.ubulk" 1586
"D:/ProgrammazioneAvanzata/ImpetusFirstLevel/Content/Audio/chopping-tree-root-212654.uasset" 1587
"D:/ProgrammazioneAvanzata/ImpetusFirstLevel/Content/Audio/chopping-tree-root-212654.uexp" 1588
"D:/ProgrammazioneAvanzata/ImpetusFirstLevel/Content/BP/SubstituteTreeBP.uasset" 1589
"D:/ProgrammazioneAvanzata/ImpetusFirstLevel/Content/BP/SubstituteTreeBP.uexp" 1590
"D:/ProgrammazioneAvanzata/ImpetusFirstLevel/Content/Fab/Axe/axe/Textures/axe_texture_0.ubulk" 1591
"D:/ProgrammazioneAvanzata/ImpetusFirstLevel/Content/Fab/Axe/axe/Textures/axe_texture_0.uasset" 1592
"D:/ProgrammazioneAvanzata/ImpetusFirstLevel/Content/Fab/Axe/axe/Textures/axe_texture_0.uexp" 1593
"D:/ProgrammazioneAvanzata/ImpetusFirstLevel/Content/Fab/Axe/axe/Textures/axe_texture_1.ubulk" 1594
"D:/ProgrammazioneAvanzata/ImpetusFirstLevel/Content/Fab/Axe/axe/Textures/axe_texture_1.uasset" 1595
"D:/ProgrammazioneAvanzata/ImpetusFirstLevel/Content/Fab/Axe/axe/Textures/axe_texture_1.uexp" 1596
"D:/ProgrammazioneAvanzata/ImpetusFirstLevel/Content/Fab/Axe/axe/Textures/axe_texture_2.ubulk" 1597
"D:/ProgrammazioneAvanzata/ImpetusFirstLevel/Content/Fab/Axe/axe/Textures/axe_texture_2.uasset" 1598
"D:/ProgrammazioneAvanzata/ImpetusFirstLevel/Content/Fab/Axe/axe/Textures/axe_texture_2.uexp" 1599
"D:/ProgrammazioneAvanzata/ImpetusFirstLevel/Content/Fab/Axe/axe/Materials/MI_Axe.uasset" 1600
"D:/ProgrammazioneAvanzata/ImpetusFirstLevel/Content/Fab/Axe/axe/Materials/MI_Axe.uexp" 1601
"D:/ProgrammazioneAvanzata/ImpetusFirstLevel/Content/Fab/Axe/axe/StaticMeshes/axe.ubulk" 1602
"D:/ProgrammazioneAvanzata/ImpetusFirstLevel/Content/Fab/Axe/axe/StaticMeshes/axe.uasset" 1603
"D:/ProgrammazioneAvanzata/ImpetusFirstLevel/Content/Fab/Axe/axe/StaticMeshes/axe.uexp" 1604
"D:/ProgrammazioneAvanzata/ImpetusFirstLevel/Content/BP/MyAxeBP.uasset" 1605
"D:/ProgrammazioneAvanzata/ImpetusFirstLevel/Content/BP/MyAxeBP.uexp" 1606
"D:/ProgrammazioneAvanzata/ImpetusFirstLevel/Content/Images/pietra.uasset" 1607
"D:/ProgrammazioneAvanzata/ImpetusFirstLevel/Content/Images/pietra.uexp" 1608
"D:/ProgrammazioneAvanzata/ImpetusFirstLevel/Content/Images/Legno.uasset" 1609
"D:/ProgrammazioneAvanzata/ImpetusFirstLevel/Content/Images/Legno.uexp" 1610
"D:/ProgrammazioneAvanzata/ImpetusFirstLevel/Content/Images/Carne.uasset" 1611
"D:/ProgrammazioneAvanzata/ImpetusFirstLevel/Content/Images/Carne.uexp" 1612
"D:/ProgrammazioneAvanzata/ImpetusFirstLevel/Content/BP/UI/WBP_InventoryCounter.uasset" 1613
"D:/ProgrammazioneAvanzata/ImpetusFirstLevel/Content/BP/UI/WBP_InventoryCounter.uexp" 1614
"D:/ProgrammazioneAvanzata/ImpetusFirstLevel/Content/V_Assets/SpadaDiLegno/Rusty_black_metal.uasset" 1615
"D:/ProgrammazioneAvanzata/ImpetusFirstLevel/Content/V_Assets/SpadaDiLegno/Rusty_black_metal.uexp" 1616
"D:/ProgrammazioneAvanzata/ImpetusFirstLevel/Content/V_Assets/SpadaDiLegno/Green_Fabric_001.uasset" 1617
"D:/ProgrammazioneAvanzata/ImpetusFirstLevel/Content/V_Assets/SpadaDiLegno/Green_Fabric_001.uexp" 1618
"D:/ProgrammazioneAvanzata/ImpetusFirstLevel/Content/V_Assets/SpadaDiLegno/WoodenSword.ubulk" 1619
"D:/ProgrammazioneAvanzata/ImpetusFirstLevel/Content/V_Assets/SpadaDiLegno/WoodenSword.uasset" 1620
"D:/ProgrammazioneAvanzata/ImpetusFirstLevel/Content/V_Assets/SpadaDiLegno/WoodenSword.uexp" 1621
"D:/ProgrammazioneAvanzata/ImpetusFirstLevel/Content/V_Assets/SpadaDiLegno/BaseColorLaccioWoodenSword.uasset" 1622
"D:/ProgrammazioneAvanzata/ImpetusFirstLevel/Content/V_Assets/SpadaDiLegno/BaseColorLaccioWoodenSword.uexp" 1623
"D:/ProgrammazioneAvanzata/ImpetusFirstLevel/Content/V_Assets/SpadaDiLegno/MaterialLaccioWoodenSword.uasset" 1624
"D:/ProgrammazioneAvanzata/ImpetusFirstLevel/Content/V_Assets/SpadaDiLegno/MaterialLaccioWoodenSword.uexp" 1625
"D:/ProgrammazioneAvanzata/ImpetusFirstLevel/Content/BP/Objects/BPI_Interactable.uasset" 1626
"D:/ProgrammazioneAvanzata/ImpetusFirstLevel/Content/BP/Objects/BPI_Interactable.uexp" 1627
"D:/ProgrammazioneAvanzata/ImpetusFirstLevel/Content/BP/Objects/BPE_ObjectType.uasset" 1628
"D:/ProgrammazioneAvanzata/ImpetusFirstLevel/Content/BP/Objects/BPE_ObjectType.uexp" 1629
"D:/ProgrammazioneAvanzata/ImpetusFirstLevel/Content/BP/Objects/BP_InteractableObject.uasset" 1630
"D:/ProgrammazioneAvanzata/ImpetusFirstLevel/Content/BP/Objects/BP_InteractableObject.uexp" 1631
"D:/ProgrammazioneAvanzata/ImpetusFirstLevel/Content/BP/Objects/Weapons/Weapon.uasset" 1632
"D:/ProgrammazioneAvanzata/ImpetusFirstLevel/Content/BP/Objects/Weapons/Weapon.uexp" 1633
"D:/ProgrammazioneAvanzata/ImpetusFirstLevel/Content/BP/Objects/Weapons/WoodenSwordBP.uasset" 1634
"D:/ProgrammazioneAvanzata/ImpetusFirstLevel/Content/BP/Objects/Weapons/WoodenSwordBP.uexp" 1635
"D:/ProgrammazioneAvanzata/ImpetusFirstLevel/Content/V_Assets/Corona/Light_iron.uasset" 1636
"D:/ProgrammazioneAvanzata/ImpetusFirstLevel/Content/V_Assets/Corona/Light_iron.uexp" 1637
"D:/ProgrammazioneAvanzata/ImpetusFirstLevel/Content/V_Assets/Corona/Crown.ubulk" 1638
"D:/ProgrammazioneAvanzata/ImpetusFirstLevel/Content/V_Assets/Corona/Crown.uasset" 1639
"D:/ProgrammazioneAvanzata/ImpetusFirstLevel/Content/V_Assets/Corona/Crown.uexp" 1640
"D:/ProgrammazioneAvanzata/ImpetusFirstLevel/Content/BP/CrownBP.uasset" 1641
"D:/ProgrammazioneAvanzata/ImpetusFirstLevel/Content/BP/CrownBP.uexp" 1642
"D:/ProgrammazioneAvanzata/ImpetusFirstLevel/Content/V_Assets/SpadaMitica/Skull_Texture.uasset" 1643
"D:/ProgrammazioneAvanzata/ImpetusFirstLevel/Content/V_Assets/SpadaMitica/Skull_Texture.uexp" 1644
"D:/ProgrammazioneAvanzata/ImpetusFirstLevel/Content/Fab/SpadaLeggendaria/fur-2_normal_normal.ubulk" 1645
"D:/ProgrammazioneAvanzata/ImpetusFirstLevel/Content/Fab/SpadaLeggendaria/fur-2_normal_normal.uasset" 1646
"D:/ProgrammazioneAvanzata/ImpetusFirstLevel/Content/Fab/SpadaLeggendaria/fur-2_normal_normal.uexp" 1647
"D:/ProgrammazioneAvanzata/ImpetusFirstLevel/Content/Fab/SpadaLeggendaria/fur-2.ubulk" 1648
"D:/ProgrammazioneAvanzata/ImpetusFirstLevel/Content/Fab/SpadaLeggendaria/fur-2.uasset" 1649
"D:/ProgrammazioneAvanzata/ImpetusFirstLevel/Content/Fab/SpadaLeggendaria/fur-2.uexp" 1650
"D:/ProgrammazioneAvanzata/ImpetusFirstLevel/Content/Fab/SpadaLeggendaria/Animal_Fur_001.uasset" 1651
"D:/ProgrammazioneAvanzata/ImpetusFirstLevel/Content/Fab/SpadaLeggendaria/Animal_Fur_001.uexp" 1652
"D:/ProgrammazioneAvanzata/ImpetusFirstLevel/Content/V_Assets/SpadaMitica/Metal_Silver_Light.uasset" 1653
"D:/ProgrammazioneAvanzata/ImpetusFirstLevel/Content/V_Assets/SpadaMitica/Metal_Silver_Light.uexp" 1654
"D:/ProgrammazioneAvanzata/ImpetusFirstLevel/Content/V_Assets/SpadaMitica/Metal_Silver_Dark.uasset" 1655
"D:/ProgrammazioneAvanzata/ImpetusFirstLevel/Content/V_Assets/SpadaMitica/Metal_Silver_Dark.uexp" 1656
"D:/ProgrammazioneAvanzata/ImpetusFirstLevel/Content/V_Assets/SpadaMitica/red.uasset" 1657
"D:/ProgrammazioneAvanzata/ImpetusFirstLevel/Content/V_Assets/SpadaMitica/red.uexp" 1658
"D:/ProgrammazioneAvanzata/ImpetusFirstLevel/Content/V_Assets/SpadaMitica/MaterialLaccioMythicSword.uasset" 1659
"D:/ProgrammazioneAvanzata/ImpetusFirstLevel/Content/V_Assets/SpadaMitica/MaterialLaccioMythicSword.uexp" 1660
"D:/ProgrammazioneAvanzata/ImpetusFirstLevel/Content/V_Assets/SpadaMitica/MythicSword.ubulk" 1661
"D:/ProgrammazioneAvanzata/ImpetusFirstLevel/Content/V_Assets/SpadaMitica/MythicSword.uasset" 1662
"D:/ProgrammazioneAvanzata/ImpetusFirstLevel/Content/V_Assets/SpadaMitica/MythicSword.uexp" 1663
"D:/ProgrammazioneAvanzata/ImpetusFirstLevel/Content/BP/Objects/Weapons/MythicSwordBP.uasset" 1664
"D:/ProgrammazioneAvanzata/ImpetusFirstLevel/Content/BP/Objects/Weapons/MythicSwordBP.uexp" 1665
"D:/ProgrammazioneAvanzata/ImpetusFirstLevel/Content/BP/UI/WBP_GraphicSettingsPauseMenu.uasset" 1666
"D:/ProgrammazioneAvanzata/ImpetusFirstLevel/Content/BP/UI/WBP_GraphicSettingsPauseMenu.uexp" 1667
"D:/ProgrammazioneAvanzata/ImpetusFirstLevel/Content/BP/UI/WBP_PauseMenu.uasset" 1668
"D:/ProgrammazioneAvanzata/ImpetusFirstLevel/Content/BP/UI/WBP_PauseMenu.uexp" 1669
"D:/ProgrammazioneAvanzata/ImpetusFirstLevel/Content/Images/DefeatScreenBackground.uasset" 1670
"D:/ProgrammazioneAvanzata/ImpetusFirstLevel/Content/Images/DefeatScreenBackground.uexp" 1671
"D:/ProgrammazioneAvanzata/ImpetusFirstLevel/Content/BP/UI/WBP_DefeatScreen.uasset" 1672
"D:/ProgrammazioneAvanzata/ImpetusFirstLevel/Content/BP/UI/WBP_DefeatScreen.uexp" 1673
"D:/ProgrammazioneAvanzata/ImpetusFirstLevel/Content/Images/VictoryScreenBackground.uasset" 1674
"D:/ProgrammazioneAvanzata/ImpetusFirstLevel/Content/Images/VictoryScreenBackground.uexp" 1675
"D:/ProgrammazioneAvanzata/ImpetusFirstLevel/Content/BP/UI/WBP_WinScreen.uasset" 1676
"D:/ProgrammazioneAvanzata/ImpetusFirstLevel/Content/BP/UI/WBP_WinScreen.uexp" 1677
"D:/ProgrammazioneAvanzata/ImpetusFirstLevel/Content/Audio/epic-flute-reveal-logo-201062.ubulk" 1678
"D:/ProgrammazioneAvanzata/ImpetusFirstLevel/Content/Audio/epic-flute-reveal-logo-201062.uasset" 1679
"D:/ProgrammazioneAvanzata/ImpetusFirstLevel/Content/Audio/epic-flute-reveal-logo-201062.uexp" 1680
"D:/ProgrammazioneAvanzata/ImpetusFirstLevel/Content/Audio/heal-up-39285.ubulk" 1681
"D:/ProgrammazioneAvanzata/ImpetusFirstLevel/Content/Audio/heal-up-39285.uasset" 1682
"D:/ProgrammazioneAvanzata/ImpetusFirstLevel/Content/Audio/heal-up-39285.uexp" 1683
"D:/ProgrammazioneAvanzata/ImpetusFirstLevel/Content/BP/MyPlayerBP.uasset" 1684
"D:/ProgrammazioneAvanzata/ImpetusFirstLevel/Content/BP/MyPlayerBP.uexp" 1685
"D:/ProgrammazioneAvanzata/ImpetusFirstLevel/Content/BP/MyGameModeBaseBP.uasset" 1686
"D:/ProgrammazioneAvanzata/ImpetusFirstLevel/Content/BP/MyGameModeBaseBP.uexp" 1687
"D:/ProgrammazioneAvanzata/ImpetusFirstLevel/Content/BP/FloatingMeatBP.uasset" 1688
"D:/ProgrammazioneAvanzata/ImpetusFirstLevel/Content/BP/FloatingMeatBP.uexp" 1689
"D:/ProgrammazioneAvanzata/ImpetusFirstLevel/Content/V_Assets/Chiave/Key.ubulk" 1690
"D:/ProgrammazioneAvanzata/ImpetusFirstLevel/Content/V_Assets/Chiave/Key.uasset" 1691
"D:/ProgrammazioneAvanzata/ImpetusFirstLevel/Content/V_Assets/Chiave/Key.uexp" 1692
"D:/ProgrammazioneAvanzata/ImpetusFirstLevel/Content/BP/FloatingKeyBP.uasset" 1693
"D:/ProgrammazioneAvanzata/ImpetusFirstLevel/Content/BP/FloatingKeyBP.uexp" 1694
"D:/ProgrammazioneAvanzata/ImpetusFirstLevel/Content/Animation/SwordAndShieldSlash_UE_Anim1.uasset" 1695
"D:/ProgrammazioneAvanzata/ImpetusFirstLevel/Content/Animation/SwordAndShieldSlash_UE_Anim1.uexp" 1696
"D:/ProgrammazioneAvanzata/ImpetusFirstLevel/Content/Animation/Montage_Sword_Attack1.uasset" 1697
"D:/ProgrammazioneAvanzata/ImpetusFirstLevel/Content/Animation/Montage_Sword_Attack1.uexp" 1698
"D:/ProgrammazioneAvanzata/ImpetusFirstLevel/Content/AI/Enemy/BP_Patrol_Route.uasset" 1699
"D:/ProgrammazioneAvanzata/ImpetusFirstLevel/Content/AI/Enemy/BP_Patrol_Route.uexp" 1700
"D:/ProgrammazioneAvanzata/ImpetusFirstLevel/Content/Fab/Stylized_Wooden_Medieval_Sword/stylized_wooden_medieval_sword/Textures/stylized_wooden_medieval_sword_texture_0.ubulk" 1701
"D:/ProgrammazioneAvanzata/ImpetusFirstLevel/Content/Fab/Stylized_Wooden_Medieval_Sword/stylized_wooden_medieval_sword/Textures/stylized_wooden_medieval_sword_texture_0.uasset" 1702
"D:/ProgrammazioneAvanzata/ImpetusFirstLevel/Content/Fab/Stylized_Wooden_Medieval_Sword/stylized_wooden_medieval_sword/Textures/stylized_wooden_medieval_sword_texture_0.uexp" 1703
"D:/ProgrammazioneAvanzata/ImpetusFirstLevel/Content/Fab/Stylized_Wooden_Medieval_Sword/stylized_wooden_medieval_sword/Textures/stylized_wooden_medieval_sword_texture_1.ubulk" 1704
"D:/ProgrammazioneAvanzata/ImpetusFirstLevel/Content/Fab/Stylized_Wooden_Medieval_Sword/stylized_wooden_medieval_sword/Textures/stylized_wooden_medieval_sword_texture_1.uasset" 1705
"D:/ProgrammazioneAvanzata/ImpetusFirstLevel/Content/Fab/Stylized_Wooden_Medieval_Sword/stylized_wooden_medieval_sword/Textures/stylized_wooden_medieval_sword_texture_1.uexp" 1706
"D:/ProgrammazioneAvanzata/ImpetusFirstLevel/Content/Fab/Stylized_Wooden_Medieval_Sword/stylized_wooden_medieval_sword/Materials/None_005.uasset" 1707
"D:/ProgrammazioneAvanzata/ImpetusFirstLevel/Content/Fab/Stylized_Wooden_Medieval_Sword/stylized_wooden_medieval_sword/Materials/None_005.uexp" 1708
"D:/ProgrammazioneAvanzata/ImpetusFirstLevel/Content/Fab/Stylized_Wooden_Medieval_Sword/stylized_wooden_medieval_sword/StaticMeshes/stylized_wooden_medieval_sword.ubulk" 1709
"D:/ProgrammazioneAvanzata/ImpetusFirstLevel/Content/Fab/Stylized_Wooden_Medieval_Sword/stylized_wooden_medieval_sword/StaticMeshes/stylized_wooden_medieval_sword.uasset" 1710
"D:/ProgrammazioneAvanzata/ImpetusFirstLevel/Content/Fab/Stylized_Wooden_Medieval_Sword/stylized_wooden_medieval_sword/StaticMeshes/stylized_wooden_medieval_sword.uexp" 1711
"D:/ProgrammazioneAvanzata/ImpetusFirstLevel/Content/BP/Objects/Weapons/EnemySword.uasset" 1712
"D:/ProgrammazioneAvanzata/ImpetusFirstLevel/Content/BP/Objects/Weapons/EnemySword.uexp" 1713
"D:/ProgrammazioneAvanzata/ImpetusFirstLevel/Content/AI/Enemy/Enums/E_EnemyState.uasset" 1714
"D:/ProgrammazioneAvanzata/ImpetusFirstLevel/Content/AI/Enemy/Enums/E_EnemyState.uexp" 1715
"D:/ProgrammazioneAvanzata/ImpetusFirstLevel/Content/AI/Enemy/BB_Enemy_Base.uasset" 1716
"D:/ProgrammazioneAvanzata/ImpetusFirstLevel/Content/AI/Enemy/BB_Enemy_Base.uexp" 1717
"D:/ProgrammazioneAvanzata/ImpetusFirstLevel/Content/AI/Enemy/Tasks/BTT_WieldWeapon.uasset" 1718
"D:/ProgrammazioneAvanzata/ImpetusFirstLevel/Content/AI/Enemy/Tasks/BTT_WieldWeapon.uexp" 1719
"D:/ProgrammazioneAvanzata/ImpetusFirstLevel/Content/AI/Enemy/Tasks/BTT_SheathSword.uasset" 1720
"D:/ProgrammazioneAvanzata/ImpetusFirstLevel/Content/AI/Enemy/Tasks/BTT_SheathSword.uexp" 1721
"D:/ProgrammazioneAvanzata/ImpetusFirstLevel/Content/AI/Enemy/Tasks/BTT_SetStateAsPassive.uasset" 1722
"D:/ProgrammazioneAvanzata/ImpetusFirstLevel/Content/AI/Enemy/Tasks/BTT_SetStateAsPassive.uexp" 1723
"D:/ProgrammazioneAvanzata/ImpetusFirstLevel/Content/AI/Enemy/Enums/E_EnemySpeed.uasset" 1724
"D:/ProgrammazioneAvanzata/ImpetusFirstLevel/Content/AI/Enemy/Enums/E_EnemySpeed.uexp" 1725
"D:/ProgrammazioneAvanzata/ImpetusFirstLevel/Content/AI/Enemy/BPI_EnemyInterface.uasset" 1726
"D:/ProgrammazioneAvanzata/ImpetusFirstLevel/Content/AI/Enemy/BPI_EnemyInterface.uexp" 1727
"D:/ProgrammazioneAvanzata/ImpetusFirstLevel/Content/AI/Enemy/Tasks/BTT_SetMovSpeed.uasset" 1728
"D:/ProgrammazioneAvanzata/ImpetusFirstLevel/Content/AI/Enemy/Tasks/BTT_SetMovSpeed.uexp" 1729
"D:/ProgrammazioneAvanzata/ImpetusFirstLevel/Content/AI/Enemy/Tasks/BTT_MeleeAttack.uasset" 1730
"D:/ProgrammazioneAvanzata/ImpetusFirstLevel/Content/AI/Enemy/Tasks/BTT_MeleeAttack.uexp" 1731
"D:/ProgrammazioneAvanzata/ImpetusFirstLevel/Content/AI/Enemy/Tasks/BTT_FocusOnTarget.uasset" 1732
"D:/ProgrammazioneAvanzata/ImpetusFirstLevel/Content/AI/Enemy/Tasks/BTT_FocusOnTarget.uexp" 1733
"D:/ProgrammazioneAvanzata/ImpetusFirstLevel/Content/AI/Enemy/Tasks/BTT_FindRandomLocation.uasset" 1734
"D:/ProgrammazioneAvanzata/ImpetusFirstLevel/Content/AI/Enemy/Tasks/BTT_FindRandomLocation.uexp" 1735
"D:/ProgrammazioneAvanzata/ImpetusFirstLevel/Content/AI/Enemy/Tasks/BTT_ClearFocus.uasset" 1736
"D:/ProgrammazioneAvanzata/ImpetusFirstLevel/Content/AI/Enemy/Tasks/BTT_ClearFocus.uexp" 1737
"D:/ProgrammazioneAvanzata/ImpetusFirstLevel/Content/AI/Enemy/Decorators/BTD_IsWeildingWeapon.uasset" 1738
"D:/ProgrammazioneAvanzata/ImpetusFirstLevel/Content/AI/Enemy/Decorators/BTD_IsWeildingWeapon.uexp" 1739
"D:/ProgrammazioneAvanzata/ImpetusFirstLevel/Content/AI/Enemy/BT_Enemy_Base.uasset" 1740
"D:/ProgrammazioneAvanzata/ImpetusFirstLevel/Content/AI/Enemy/BT_Enemy_Base.uexp" 1741
"D:/ProgrammazioneAvanzata/ImpetusFirstLevel/Content/AI/Enemy/Enums/E_AISense.uasset" 1742
"D:/ProgrammazioneAvanzata/ImpetusFirstLevel/Content/AI/Enemy/Enums/E_AISense.uexp" 1743
"D:/ProgrammazioneAvanzata/ImpetusFirstLevel/Content/AI/Enemy/AIC_Enemy_Base.uasset" 1744
"D:/ProgrammazioneAvanzata/ImpetusFirstLevel/Content/AI/Enemy/AIC_Enemy_Base.uexp" 1745
"D:/ProgrammazioneAvanzata/ImpetusFirstLevel/Content/AI/Enemy/BPS_EnemyItemPool.uasset" 1746
"D:/ProgrammazioneAvanzata/ImpetusFirstLevel/Content/AI/Enemy/BPS_EnemyItemPool.uexp" 1747
"../../../Engine/Content/Animation/DefaultAnimCurveCompressionSettings.uasset" 1748
"../../../Engine/Content/Animation/DefaultAnimCurveCompressionSettings.uexp" 1749
"../../../Engine/Content/Animation/DefaultAnimBoneCompressionSettings.uasset" 1750
"../../../Engine/Content/Animation/DefaultAnimBoneCompressionSettings.uexp" 1751
"D:/ProgrammazioneAvanzata/ImpetusFirstLevel/Content/AI/Animation/MM_Land.uasset" 1752
"D:/ProgrammazioneAvanzata/ImpetusFirstLevel/Content/AI/Animation/MM_Land.uexp" 1753
"D:/ProgrammazioneAvanzata/ImpetusFirstLevel/Content/AI/Animation/MM_Jump.uasset" 1754
"D:/ProgrammazioneAvanzata/ImpetusFirstLevel/Content/AI/Animation/MM_Jump.uexp" 1755
"D:/ProgrammazioneAvanzata/ImpetusFirstLevel/Content/AI/Animation/MM_Idle.uasset" 1756
"D:/ProgrammazioneAvanzata/ImpetusFirstLevel/Content/AI/Animation/MM_Idle.uexp" 1757
"D:/ProgrammazioneAvanzata/ImpetusFirstLevel/Content/AI/Animation/MM_Fall_Loop.uasset" 1758
"D:/ProgrammazioneAvanzata/ImpetusFirstLevel/Content/AI/Animation/MM_Fall_Loop.uexp" 1759
"D:/ProgrammazioneAvanzata/ImpetusFirstLevel/Content/AI/Animation/MF_Unarmed_Walk_Right.uasset" 1760
"D:/ProgrammazioneAvanzata/ImpetusFirstLevel/Content/AI/Animation/MF_Unarmed_Walk_Right.uexp" 1761
"D:/ProgrammazioneAvanzata/ImpetusFirstLevel/Content/AI/Animation/MF_Unarmed_Walk_Left.uasset" 1762
"D:/ProgrammazioneAvanzata/ImpetusFirstLevel/Content/AI/Animation/MF_Unarmed_Walk_Left.uexp" 1763
"../../../Engine/Content/Animation/DefaultRecorderBoneCompression.uasset" 1764
"../../../Engine/Content/Animation/DefaultRecorderBoneCompression.uexp" 1765
"D:/ProgrammazioneAvanzata/ImpetusFirstLevel/Content/AI/Animation/MF_Unarmed_Walk_Fwd_Right.uasset" 1766
"D:/ProgrammazioneAvanzata/ImpetusFirstLevel/Content/AI/Animation/MF_Unarmed_Walk_Fwd_Right.uexp" 1767
"D:/ProgrammazioneAvanzata/ImpetusFirstLevel/Content/AI/Animation/MF_Unarmed_Walk_Fwd_Left.uasset" 1768
"D:/ProgrammazioneAvanzata/ImpetusFirstLevel/Content/AI/Animation/MF_Unarmed_Walk_Fwd_Left.uexp" 1769
"D:/ProgrammazioneAvanzata/ImpetusFirstLevel/Content/Audio/SA_AI.uasset" 1770
"D:/ProgrammazioneAvanzata/ImpetusFirstLevel/Content/Audio/SA_AI.uexp" 1771
"D:/ProgrammazioneAvanzata/ImpetusFirstLevel/Content/Audio/walk-on-grass-1-291984.ubulk" 1772
"D:/ProgrammazioneAvanzata/ImpetusFirstLevel/Content/Audio/walk-on-grass-1-291984.uasset" 1773
"D:/ProgrammazioneAvanzata/ImpetusFirstLevel/Content/Audio/walk-on-grass-1-291984.uexp" 1774
"D:/ProgrammazioneAvanzata/ImpetusFirstLevel/Content/AI/Animation/MF_Unarmed_Walk_Fwd.uasset" 1775
"D:/ProgrammazioneAvanzata/ImpetusFirstLevel/Content/AI/Animation/MF_Unarmed_Walk_Fwd.uexp" 1776
"D:/ProgrammazioneAvanzata/ImpetusFirstLevel/Content/AI/Animation/MF_Unarmed_Walk_Bwd_Right.uasset" 1777
"D:/ProgrammazioneAvanzata/ImpetusFirstLevel/Content/AI/Animation/MF_Unarmed_Walk_Bwd_Right.uexp" 1778
"D:/ProgrammazioneAvanzata/ImpetusFirstLevel/Content/AI/Animation/MF_Unarmed_Walk_Bwd_Left.uasset" 1779
"D:/ProgrammazioneAvanzata/ImpetusFirstLevel/Content/AI/Animation/MF_Unarmed_Walk_Bwd_Left.uexp" 1780
"D:/ProgrammazioneAvanzata/ImpetusFirstLevel/Content/AI/Animation/MF_Unarmed_Walk_Bwd.uasset" 1781
"D:/ProgrammazioneAvanzata/ImpetusFirstLevel/Content/AI/Animation/MF_Unarmed_Walk_Bwd.uexp" 1782
"D:/ProgrammazioneAvanzata/ImpetusFirstLevel/Content/AI/Animation/MF_Unarmed_Jog_Right.uasset" 1783
"D:/ProgrammazioneAvanzata/ImpetusFirstLevel/Content/AI/Animation/MF_Unarmed_Jog_Right.uexp" 1784
"D:/ProgrammazioneAvanzata/ImpetusFirstLevel/Content/AI/Animation/MF_Unarmed_Jog_Left.uasset" 1785
"D:/ProgrammazioneAvanzata/ImpetusFirstLevel/Content/AI/Animation/MF_Unarmed_Jog_Left.uexp" 1786
"D:/ProgrammazioneAvanzata/ImpetusFirstLevel/Content/AI/Animation/MF_Unarmed_Jog_Fwd_Right.uasset" 1787
"D:/ProgrammazioneAvanzata/ImpetusFirstLevel/Content/AI/Animation/MF_Unarmed_Jog_Fwd_Right.uexp" 1788
"D:/ProgrammazioneAvanzata/ImpetusFirstLevel/Content/AI/Animation/MF_Unarmed_Jog_Fwd_Left.uasset" 1789
"D:/ProgrammazioneAvanzata/ImpetusFirstLevel/Content/AI/Animation/MF_Unarmed_Jog_Fwd_Left.uexp" 1790
"D:/ProgrammazioneAvanzata/ImpetusFirstLevel/Content/AI/Animation/MF_Unarmed_Jog_Fwd.uasset" 1791
"D:/ProgrammazioneAvanzata/ImpetusFirstLevel/Content/AI/Animation/MF_Unarmed_Jog_Fwd.uexp" 1792
"D:/ProgrammazioneAvanzata/ImpetusFirstLevel/Content/AI/Animation/MF_Unarmed_Jog_Bwd_Right.uasset" 1793
"D:/ProgrammazioneAvanzata/ImpetusFirstLevel/Content/AI/Animation/MF_Unarmed_Jog_Bwd_Right.uexp" 1794
"D:/ProgrammazioneAvanzata/ImpetusFirstLevel/Content/AI/Animation/MF_Unarmed_Jog_Bwd_Left.uasset" 1795
"D:/ProgrammazioneAvanzata/ImpetusFirstLevel/Content/AI/Animation/MF_Unarmed_Jog_Bwd_Left.uexp" 1796
"D:/ProgrammazioneAvanzata/ImpetusFirstLevel/Content/AI/Animation/MF_Unarmed_Jog_Bwd.uasset" 1797
"D:/ProgrammazioneAvanzata/ImpetusFirstLevel/Content/AI/Animation/MF_Unarmed_Jog_Bwd.uexp" 1798
"D:/ProgrammazioneAvanzata/ImpetusFirstLevel/Content/AI/Animation/BS_Idle_Walk_Run.uasset" 1799
"D:/ProgrammazioneAvanzata/ImpetusFirstLevel/Content/AI/Animation/BS_Idle_Walk_Run.uexp" 1800
"../../../Engine/Plugins/Animation/ControlRig/Content/Controls/DefaultGizmoLibraryNormalized.uasset" 1801
"../../../Engine/Plugins/Animation/ControlRig/Content/Controls/DefaultGizmoLibraryNormalized.uexp" 1802
"D:/ProgrammazioneAvanzata/ImpetusFirstLevel/Content/Player/Mannequins/Rigs/CR_Mannequin_FootIK.uasset" 1803
"D:/ProgrammazioneAvanzata/ImpetusFirstLevel/Content/Player/Mannequins/Rigs/CR_Mannequin_FootIK.uexp" 1804
"D:/ProgrammazioneAvanzata/ImpetusFirstLevel/Content/AI/Animation/ABP_Unarmed.uasset" 1805
"D:/ProgrammazioneAvanzata/ImpetusFirstLevel/Content/AI/Animation/ABP_Unarmed.uexp" 1806
"D:/ProgrammazioneAvanzata/ImpetusFirstLevel/Content/AI/Enemy/BP_EnemyBase.uasset" 1807
"D:/ProgrammazioneAvanzata/ImpetusFirstLevel/Content/AI/Enemy/BP_EnemyBase.uexp" 1808
"D:/ProgrammazioneAvanzata/ImpetusFirstLevel/Content/AI/SpawnSystem/BP_EnemySpawner.uasset" 1809
"D:/ProgrammazioneAvanzata/ImpetusFirstLevel/Content/AI/SpawnSystem/BP_EnemySpawner.uexp" 1810
"D:/ProgrammazioneAvanzata/ImpetusFirstLevel/Content/Fab/Stylized_Tree_Pack/Textures/Leaf_Textures/T_Leaf_Texture_Oak.ubulk" 1811
"D:/ProgrammazioneAvanzata/ImpetusFirstLevel/Content/Fab/Stylized_Tree_Pack/Textures/Leaf_Textures/T_Leaf_Texture_Oak.uasset" 1812
"D:/ProgrammazioneAvanzata/ImpetusFirstLevel/Content/Fab/Stylized_Tree_Pack/Textures/Leaf_Textures/T_Leaf_Texture_Oak.uexp" 1813
"../../../Engine/Content/Functions/Engine_MaterialFunctions01/WorldPositionOffset/SimpleGrassWind.uasset" 1814
"../../../Engine/Content/Functions/Engine_MaterialFunctions01/WorldPositionOffset/SimpleGrassWind.uexp" 1815
"../../../Engine/Content/Functions/Engine_MaterialFunctions02/WorldPositionOffset/ObjectPivotPoint.uasset" 1816
"../../../Engine/Content/Functions/Engine_MaterialFunctions02/WorldPositionOffset/ObjectPivotPoint.uexp" 1817
"D:/ProgrammazioneAvanzata/ImpetusFirstLevel/Content/Fab/Stylized_Tree_Pack/Wind/MP_Wind.uasset" 1818
"D:/ProgrammazioneAvanzata/ImpetusFirstLevel/Content/Fab/Stylized_Tree_Pack/Wind/MP_Wind.uexp" 1819
"D:/ProgrammazioneAvanzata/ImpetusFirstLevel/Content/Fab/Stylized_Tree_Pack/Textures/T_WhiteBlack_Gradient.ubulk" 1820
"D:/ProgrammazioneAvanzata/ImpetusFirstLevel/Content/Fab/Stylized_Tree_Pack/Textures/T_WhiteBlack_Gradient.uasset" 1821
"D:/ProgrammazioneAvanzata/ImpetusFirstLevel/Content/Fab/Stylized_Tree_Pack/Textures/T_WhiteBlack_Gradient.uexp" 1822
"D:/ProgrammazioneAvanzata/ImpetusFirstLevel/Content/Fab/Stylized_Tree_Pack/Textures/Leaf_Textures/T_Leaf_Texture_Willow.ubulk" 1823
"D:/ProgrammazioneAvanzata/ImpetusFirstLevel/Content/Fab/Stylized_Tree_Pack/Textures/Leaf_Textures/T_Leaf_Texture_Willow.uasset" 1824
"D:/ProgrammazioneAvanzata/ImpetusFirstLevel/Content/Fab/Stylized_Tree_Pack/Textures/Leaf_Textures/T_Leaf_Texture_Willow.uexp" 1825
"D:/ProgrammazioneAvanzata/ImpetusFirstLevel/Content/Fab/Stylized_Tree_Pack/Materials/Master_Materials/M_Leaf.uasset" 1826
"D:/ProgrammazioneAvanzata/ImpetusFirstLevel/Content/Fab/Stylized_Tree_Pack/Materials/Master_Materials/M_Leaf.uexp" 1827
"D:/ProgrammazioneAvanzata/ImpetusFirstLevel/Content/Fab/Stylized_Tree_Pack/Materials/Material_Instances/Oak/MI_Leaf_Oak_05.uasset" 1828
"D:/ProgrammazioneAvanzata/ImpetusFirstLevel/Content/Fab/Stylized_Tree_Pack/Materials/Material_Instances/Oak/MI_Leaf_Oak_05.uexp" 1829
"../../../Engine/Content/Functions/Engine_MaterialFunctions01/AlphaBlend/WorldAlignedBlend.uasset" 1830
"../../../Engine/Content/Functions/Engine_MaterialFunctions01/AlphaBlend/WorldAlignedBlend.uexp" 1831
"D:/ProgrammazioneAvanzata/ImpetusFirstLevel/Content/Fab/Stylized_Tree_Pack/Textures/T_Snow_Normal.ubulk" 1832
"D:/ProgrammazioneAvanzata/ImpetusFirstLevel/Content/Fab/Stylized_Tree_Pack/Textures/T_Snow_Normal.uasset" 1833
"D:/ProgrammazioneAvanzata/ImpetusFirstLevel/Content/Fab/Stylized_Tree_Pack/Textures/T_Snow_Normal.uexp" 1834
"D:/ProgrammazioneAvanzata/ImpetusFirstLevel/Content/Fab/Stylized_Tree_Pack/Textures/T_Moss_Normal.ubulk" 1835
"D:/ProgrammazioneAvanzata/ImpetusFirstLevel/Content/Fab/Stylized_Tree_Pack/Textures/T_Moss_Normal.uasset" 1836
"D:/ProgrammazioneAvanzata/ImpetusFirstLevel/Content/Fab/Stylized_Tree_Pack/Textures/T_Moss_Normal.uexp" 1837
"D:/ProgrammazioneAvanzata/ImpetusFirstLevel/Content/Fab/Stylized_Tree_Pack/Textures/Stylized_Bark_Texture/T_Stylized_Bark_1_NORM.ubulk" 1838
"D:/ProgrammazioneAvanzata/ImpetusFirstLevel/Content/Fab/Stylized_Tree_Pack/Textures/Stylized_Bark_Texture/T_Stylized_Bark_1_NORM.uasset" 1839
"D:/ProgrammazioneAvanzata/ImpetusFirstLevel/Content/Fab/Stylized_Tree_Pack/Textures/Stylized_Bark_Texture/T_Stylized_Bark_1_NORM.uexp" 1840
"D:/ProgrammazioneAvanzata/ImpetusFirstLevel/Content/Fab/Stylized_Tree_Pack/Textures/Stylized_Bark_Texture/T_Stylized_Bark_1_COLOR.ubulk" 1841
"D:/ProgrammazioneAvanzata/ImpetusFirstLevel/Content/Fab/Stylized_Tree_Pack/Textures/Stylized_Bark_Texture/T_Stylized_Bark_1_COLOR.uasset" 1842
"D:/ProgrammazioneAvanzata/ImpetusFirstLevel/Content/Fab/Stylized_Tree_Pack/Textures/Stylized_Bark_Texture/T_Stylized_Bark_1_COLOR.uexp" 1843
"D:/ProgrammazioneAvanzata/ImpetusFirstLevel/Content/Fab/Stylized_Tree_Pack/Materials/Master_Materials/M_Bark.uasset" 1844
"D:/ProgrammazioneAvanzata/ImpetusFirstLevel/Content/Fab/Stylized_Tree_Pack/Materials/Master_Materials/M_Bark.uexp" 1845
"D:/ProgrammazioneAvanzata/ImpetusFirstLevel/Content/Fab/Stylized_Tree_Pack/Materials/Material_Instances/Bark/MI_Bark_02.uasset" 1846
"D:/ProgrammazioneAvanzata/ImpetusFirstLevel/Content/Fab/Stylized_Tree_Pack/Materials/Material_Instances/Bark/MI_Bark_02.uexp" 1847
"D:/ProgrammazioneAvanzata/ImpetusFirstLevel/Content/Fab/Stylized_Tree_Pack/Meshes/Oak/SM_Stylized_Tree_Oak_02.ubulk" 1848
"D:/ProgrammazioneAvanzata/ImpetusFirstLevel/Content/Fab/Stylized_Tree_Pack/Meshes/Oak/SM_Stylized_Tree_Oak_02.uasset" 1849
"D:/ProgrammazioneAvanzata/ImpetusFirstLevel/Content/Fab/Stylized_Tree_Pack/Meshes/Oak/SM_Stylized_Tree_Oak_02.uexp" 1850
"D:/ProgrammazioneAvanzata/ImpetusFirstLevel/Content/Fab/Pine_Tree__218poly_/pine_tree_218poly/Textures/pine_tree_218poly_texture_0.ubulk" 1851
"D:/ProgrammazioneAvanzata/ImpetusFirstLevel/Content/Fab/Pine_Tree__218poly_/pine_tree_218poly/Textures/pine_tree_218poly_texture_0.uasset" 1852
"D:/ProgrammazioneAvanzata/ImpetusFirstLevel/Content/Fab/Pine_Tree__218poly_/pine_tree_218poly/Textures/pine_tree_218poly_texture_0.uexp" 1853
"D:/ProgrammazioneAvanzata/ImpetusFirstLevel/Content/Fab/Pine_Tree__218poly_/pine_tree_218poly/Materials/Trunk.uasset" 1854
"D:/ProgrammazioneAvanzata/ImpetusFirstLevel/Content/Fab/Pine_Tree__218poly_/pine_tree_218poly/Materials/Trunk.uexp" 1855
"../../../Engine/Plugins/Interchange/Assets/Content/gltf/MaterialInstances/MI_Default_Blend_DS.uasset" 1856
"../../../Engine/Plugins/Interchange/Assets/Content/gltf/MaterialInstances/MI_Default_Blend_DS.uexp" 1857
"D:/ProgrammazioneAvanzata/ImpetusFirstLevel/Content/Fab/Pine_Tree__218poly_/pine_tree_218poly/Textures/pine_tree_218poly_texture_1.ubulk" 1858
"D:/ProgrammazioneAvanzata/ImpetusFirstLevel/Content/Fab/Pine_Tree__218poly_/pine_tree_218poly/Textures/pine_tree_218poly_texture_1.uasset" 1859
"D:/ProgrammazioneAvanzata/ImpetusFirstLevel/Content/Fab/Pine_Tree__218poly_/pine_tree_218poly/Textures/pine_tree_218poly_texture_1.uexp" 1860
"D:/ProgrammazioneAvanzata/ImpetusFirstLevel/Content/Fab/Pine_Tree__218poly_/pine_tree_218poly/Materials/Branch.uasset" 1861
"D:/ProgrammazioneAvanzata/ImpetusFirstLevel/Content/Fab/Pine_Tree__218poly_/pine_tree_218poly/Materials/Branch.uexp" 1862
"D:/ProgrammazioneAvanzata/ImpetusFirstLevel/Content/Fab/Pine_Tree__218poly_/pine_tree_218poly/StaticMeshes/pine_tree_218poly.ubulk" 1863
"D:/ProgrammazioneAvanzata/ImpetusFirstLevel/Content/Fab/Pine_Tree__218poly_/pine_tree_218poly/StaticMeshes/pine_tree_218poly.uasset" 1864
"D:/ProgrammazioneAvanzata/ImpetusFirstLevel/Content/Fab/Pine_Tree__218poly_/pine_tree_218poly/StaticMeshes/pine_tree_218poly.uexp" 1865
"D:/ProgrammazioneAvanzata/ImpetusFirstLevel/Content/Fab/Medieval_Env/Buildings/Textures/T_TatchRoof_N_AO_R.ubulk" 1866
"D:/ProgrammazioneAvanzata/ImpetusFirstLevel/Content/Fab/Medieval_Env/Buildings/Textures/T_TatchRoof_N_AO_R.uasset" 1867
"D:/ProgrammazioneAvanzata/ImpetusFirstLevel/Content/Fab/Medieval_Env/Buildings/Textures/T_TatchRoof_N_AO_R.uexp" 1868
"D:/ProgrammazioneAvanzata/ImpetusFirstLevel/Content/Fab/Medieval_Env/Buildings/Textures/T_TatchRoof_BC_O.ubulk" 1869
"D:/ProgrammazioneAvanzata/ImpetusFirstLevel/Content/Fab/Medieval_Env/Buildings/Textures/T_TatchRoof_BC_O.uasset" 1870
"D:/ProgrammazioneAvanzata/ImpetusFirstLevel/Content/Fab/Medieval_Env/Buildings/Textures/T_TatchRoof_BC_O.uexp" 1871
"D:/ProgrammazioneAvanzata/ImpetusFirstLevel/Content/Fab/Medieval_Env/Buildings/Textures/T_PlasterWall_BC_O.ubulk" 1872
"D:/ProgrammazioneAvanzata/ImpetusFirstLevel/Content/Fab/Medieval_Env/Buildings/Textures/T_PlasterWall_BC_O.uasset" 1873
"D:/ProgrammazioneAvanzata/ImpetusFirstLevel/Content/Fab/Medieval_Env/Buildings/Textures/T_PlasterWall_BC_O.uexp" 1874
"../../../Engine/Content/Functions/Engine_MaterialFunctions02/Texturing/HeightLerp.uasset" 1875
"../../../Engine/Content/Functions/Engine_MaterialFunctions02/Texturing/HeightLerp.uexp" 1876
"D:/ProgrammazioneAvanzata/ImpetusFirstLevel/Content/Fab/Medieval_Env/MaterialFunctions/MF_ReconstructZ.uasset" 1877
"D:/ProgrammazioneAvanzata/ImpetusFirstLevel/Content/Fab/Medieval_Env/MaterialFunctions/MF_ReconstructZ.uexp" 1878
"D:/ProgrammazioneAvanzata/ImpetusFirstLevel/Content/Fab/Medieval_Env/MaterialFunctions/MF_NormalStrength.uasset" 1879
"D:/ProgrammazioneAvanzata/ImpetusFirstLevel/Content/Fab/Medieval_Env/MaterialFunctions/MF_NormalStrength.uexp" 1880
"D:/ProgrammazioneAvanzata/ImpetusFirstLevel/Content/Fab/Medieval_Env/Buildings/Textures/T_StoneTileable_N_AO_R.ubulk" 1881
"D:/ProgrammazioneAvanzata/ImpetusFirstLevel/Content/Fab/Medieval_Env/Buildings/Textures/T_StoneTileable_N_AO_R.uasset" 1882
"D:/ProgrammazioneAvanzata/ImpetusFirstLevel/Content/Fab/Medieval_Env/Buildings/Textures/T_StoneTileable_N_AO_R.uexp" 1883
"D:/ProgrammazioneAvanzata/ImpetusFirstLevel/Content/Fab/Medieval_Env/Buildings/Textures/T_StoneTileable_BC_O.ubulk" 1884
"D:/ProgrammazioneAvanzata/ImpetusFirstLevel/Content/Fab/Medieval_Env/Buildings/Textures/T_StoneTileable_BC_O.uasset" 1885
"D:/ProgrammazioneAvanzata/ImpetusFirstLevel/Content/Fab/Medieval_Env/Buildings/Textures/T_StoneTileable_BC_O.uexp" 1886
"D:/ProgrammazioneAvanzata/ImpetusFirstLevel/Content/Fab/Medieval_Env/Buildings/Textures/T_PlasterWall_N_AO_R.ubulk" 1887
"D:/ProgrammazioneAvanzata/ImpetusFirstLevel/Content/Fab/Medieval_Env/Buildings/Textures/T_PlasterWall_N_AO_R.uasset" 1888
"D:/ProgrammazioneAvanzata/ImpetusFirstLevel/Content/Fab/Medieval_Env/Buildings/Textures/T_PlasterWall_N_AO_R.uexp" 1889
"D:/ProgrammazioneAvanzata/ImpetusFirstLevel/Content/Fab/Medieval_Env/Buildings/Textures/T_MaskTexture_RGB.ubulk" 1890
"D:/ProgrammazioneAvanzata/ImpetusFirstLevel/Content/Fab/Medieval_Env/Buildings/Textures/T_MaskTexture_RGB.uasset" 1891
"D:/ProgrammazioneAvanzata/ImpetusFirstLevel/Content/Fab/Medieval_Env/Buildings/Textures/T_MaskTexture_RGB.uexp" 1892
"D:/ProgrammazioneAvanzata/ImpetusFirstLevel/Content/Fab/Medieval_Env/Buildings/Materials/M_Master_Wall.uasset" 1893
"D:/ProgrammazioneAvanzata/ImpetusFirstLevel/Content/Fab/Medieval_Env/Buildings/Materials/M_Master_Wall.uexp" 1894
"D:/ProgrammazioneAvanzata/ImpetusFirstLevel/Content/Fab/Medieval_Env/Buildings/Materials/MI_Tatch.uasset" 1895
"D:/ProgrammazioneAvanzata/ImpetusFirstLevel/Content/Fab/Medieval_Env/Buildings/Materials/MI_Tatch.uexp" 1896
"D:/ProgrammazioneAvanzata/ImpetusFirstLevel/Content/Fab/Medieval_Env/Props/Textures/T_WoodenTrim_a_N_AO_R.ubulk" 1897
"D:/ProgrammazioneAvanzata/ImpetusFirstLevel/Content/Fab/Medieval_Env/Props/Textures/T_WoodenTrim_a_N_AO_R.uasset" 1898
"D:/ProgrammazioneAvanzata/ImpetusFirstLevel/Content/Fab/Medieval_Env/Props/Textures/T_WoodenTrim_a_N_AO_R.uexp" 1899
"D:/ProgrammazioneAvanzata/ImpetusFirstLevel/Content/Fab/Medieval_Env/Props/Textures/T_WoodenTrim_a_BC.ubulk" 1900
"D:/ProgrammazioneAvanzata/ImpetusFirstLevel/Content/Fab/Medieval_Env/Props/Textures/T_WoodenTrim_a_BC.uasset" 1901
"D:/ProgrammazioneAvanzata/ImpetusFirstLevel/Content/Fab/Medieval_Env/Props/Textures/T_WoodenTrim_a_BC.uexp" 1902
"D:/ProgrammazioneAvanzata/ImpetusFirstLevel/Content/Fab/Medieval_Env/Props/Textures/T_WoodenTrim_N_AO_R.ubulk" 1903
"D:/ProgrammazioneAvanzata/ImpetusFirstLevel/Content/Fab/Medieval_Env/Props/Textures/T_WoodenTrim_N_AO_R.uasset" 1904
"D:/ProgrammazioneAvanzata/ImpetusFirstLevel/Content/Fab/Medieval_Env/Props/Textures/T_WoodenTrim_N_AO_R.uexp" 1905
"D:/ProgrammazioneAvanzata/ImpetusFirstLevel/Content/Fab/Medieval_Env/Props/Textures/T_WoodenTrim_BC.ubulk" 1906
"D:/ProgrammazioneAvanzata/ImpetusFirstLevel/Content/Fab/Medieval_Env/Props/Textures/T_WoodenTrim_BC.uasset" 1907
"D:/ProgrammazioneAvanzata/ImpetusFirstLevel/Content/Fab/Medieval_Env/Props/Textures/T_WoodenTrim_BC.uexp" 1908
"D:/ProgrammazioneAvanzata/ImpetusFirstLevel/Content/Fab/Medieval_Env/Nature/Cliffs_Rocks/Textures/T_Leakage_BC.ubulk" 1909
"D:/ProgrammazioneAvanzata/ImpetusFirstLevel/Content/Fab/Medieval_Env/Nature/Cliffs_Rocks/Textures/T_Leakage_BC.uasset" 1910
"D:/ProgrammazioneAvanzata/ImpetusFirstLevel/Content/Fab/Medieval_Env/Nature/Cliffs_Rocks/Textures/T_Leakage_BC.uexp" 1911
"D:/ProgrammazioneAvanzata/ImpetusFirstLevel/Content/Fab/Medieval_Env/MaterialFunctions/MF_Leakage_Props.uasset" 1912
"D:/ProgrammazioneAvanzata/ImpetusFirstLevel/Content/Fab/Medieval_Env/MaterialFunctions/MF_Leakage_Props.uexp" 1913
"D:/ProgrammazioneAvanzata/ImpetusFirstLevel/Content/Fab/Medieval_Env/Props/Materials/M_Master_Props.uasset" 1914
"D:/ProgrammazioneAvanzata/ImpetusFirstLevel/Content/Fab/Medieval_Env/Props/Materials/M_Master_Props.uexp" 1915
"D:/ProgrammazioneAvanzata/ImpetusFirstLevel/Content/Fab/Medieval_Env/Props/Materials/MI_WoodenTrim_a.uasset" 1916
"D:/ProgrammazioneAvanzata/ImpetusFirstLevel/Content/Fab/Medieval_Env/Props/Materials/MI_WoodenTrim_a.uexp" 1917
"D:/ProgrammazioneAvanzata/ImpetusFirstLevel/Content/Fab/Medieval_Env/Buildings/Textures/T_TatchTileable_N_AO_R.ubulk" 1918
"D:/ProgrammazioneAvanzata/ImpetusFirstLevel/Content/Fab/Medieval_Env/Buildings/Textures/T_TatchTileable_N_AO_R.uasset" 1919
"D:/ProgrammazioneAvanzata/ImpetusFirstLevel/Content/Fab/Medieval_Env/Buildings/Textures/T_TatchTileable_N_AO_R.uexp" 1920
"D:/ProgrammazioneAvanzata/ImpetusFirstLevel/Content/Fab/Medieval_Env/Buildings/Textures/T_TatchTileable_BC_O.ubulk" 1921
"D:/ProgrammazioneAvanzata/ImpetusFirstLevel/Content/Fab/Medieval_Env/Buildings/Textures/T_TatchTileable_BC_O.uasset" 1922
"D:/ProgrammazioneAvanzata/ImpetusFirstLevel/Content/Fab/Medieval_Env/Buildings/Textures/T_TatchTileable_BC_O.uexp" 1923
"D:/ProgrammazioneAvanzata/ImpetusFirstLevel/Content/Fab/Medieval_Env/Buildings/Materials/MI_TatchTileable.uasset" 1924
"D:/ProgrammazioneAvanzata/ImpetusFirstLevel/Content/Fab/Medieval_Env/Buildings/Materials/MI_TatchTileable.uexp" 1925
"D:/ProgrammazioneAvanzata/ImpetusFirstLevel/Content/Fab/Medieval_Env/Props/Meshes/SM_WoodenShade_d.ubulk" 1926
"D:/ProgrammazioneAvanzata/ImpetusFirstLevel/Content/Fab/Medieval_Env/Props/Meshes/SM_WoodenShade_d.uasset" 1927
"D:/ProgrammazioneAvanzata/ImpetusFirstLevel/Content/Fab/Medieval_Env/Props/Meshes/SM_WoodenShade_d.uexp" 1928
"D:/ProgrammazioneAvanzata/ImpetusFirstLevel/Content/Fab/Medieval_Env/Props/Meshes/SM_WoodenRailing_d.ubulk" 1929
"D:/ProgrammazioneAvanzata/ImpetusFirstLevel/Content/Fab/Medieval_Env/Props/Meshes/SM_WoodenRailing_d.uasset" 1930
"D:/ProgrammazioneAvanzata/ImpetusFirstLevel/Content/Fab/Medieval_Env/Props/Meshes/SM_WoodenRailing_d.uexp" 1931
"D:/ProgrammazioneAvanzata/ImpetusFirstLevel/Content/Fab/Medieval_Env/Props/Meshes/SM_WoodenRailing_a.ubulk" 1932
"D:/ProgrammazioneAvanzata/ImpetusFirstLevel/Content/Fab/Medieval_Env/Props/Meshes/SM_WoodenRailing_a.uasset" 1933
"D:/ProgrammazioneAvanzata/ImpetusFirstLevel/Content/Fab/Medieval_Env/Props/Meshes/SM_WoodenRailing_a.uexp" 1934
"../../../Engine/Content/Functions/Engine_MaterialFunctions01/Vectors/RotateVector.uasset" 1935
"../../../Engine/Content/Functions/Engine_MaterialFunctions01/Vectors/RotateVector.uexp" 1936
"D:/ProgrammazioneAvanzata/ImpetusFirstLevel/Content/Fab/Medieval_Env/Props/Materials/M_Master_Rotation.uasset" 1937
"D:/ProgrammazioneAvanzata/ImpetusFirstLevel/Content/Fab/Medieval_Env/Props/Materials/M_Master_Rotation.uexp" 1938
"D:/ProgrammazioneAvanzata/ImpetusFirstLevel/Content/Fab/Medieval_Env/Props/Materials/MI_RotationWood.uasset" 1939
"D:/ProgrammazioneAvanzata/ImpetusFirstLevel/Content/Fab/Medieval_Env/Props/Materials/MI_RotationWood.uexp" 1940
"D:/ProgrammazioneAvanzata/ImpetusFirstLevel/Content/Fab/Medieval_Env/Props/Meshes/SM_Windmill_Fan.ubulk" 1941
"D:/ProgrammazioneAvanzata/ImpetusFirstLevel/Content/Fab/Medieval_Env/Props/Meshes/SM_Windmill_Fan.uasset" 1942
"D:/ProgrammazioneAvanzata/ImpetusFirstLevel/Content/Fab/Medieval_Env/Props/Meshes/SM_Windmill_Fan.uexp" 1943
"D:/ProgrammazioneAvanzata/ImpetusFirstLevel/Content/Fab/Medieval_Env/Props/Textures/T_Props_b_N_AO_R.ubulk" 1944
"D:/ProgrammazioneAvanzata/ImpetusFirstLevel/Content/Fab/Medieval_Env/Props/Textures/T_Props_b_N_AO_R.uasset" 1945
"D:/ProgrammazioneAvanzata/ImpetusFirstLevel/Content/Fab/Medieval_Env/Props/Textures/T_Props_b_N_AO_R.uexp" 1946
"D:/ProgrammazioneAvanzata/ImpetusFirstLevel/Content/Fab/Medieval_Env/Props/Textures/T_Props_b_BC.ubulk" 1947
"D:/ProgrammazioneAvanzata/ImpetusFirstLevel/Content/Fab/Medieval_Env/Props/Textures/T_Props_b_BC.uasset" 1948
"D:/ProgrammazioneAvanzata/ImpetusFirstLevel/Content/Fab/Medieval_Env/Props/Textures/T_Props_b_BC.uexp" 1949
"D:/ProgrammazioneAvanzata/ImpetusFirstLevel/Content/Fab/Medieval_Env/Props/Materials/MI_Props_b.uasset" 1950
"D:/ProgrammazioneAvanzata/ImpetusFirstLevel/Content/Fab/Medieval_Env/Props/Materials/MI_Props_b.uexp" 1951
"D:/ProgrammazioneAvanzata/ImpetusFirstLevel/Content/Fab/Medieval_Env/Props/Meshes/SM_Pot_a.ubulk" 1952
"D:/ProgrammazioneAvanzata/ImpetusFirstLevel/Content/Fab/Medieval_Env/Props/Meshes/SM_Pot_a.uasset" 1953
"D:/ProgrammazioneAvanzata/ImpetusFirstLevel/Content/Fab/Medieval_Env/Props/Meshes/SM_Pot_a.uexp" 1954
"D:/ProgrammazioneAvanzata/ImpetusFirstLevel/Content/Fab/Medieval_Env/Props/Materials/MI_Clothes.uasset" 1955
"D:/ProgrammazioneAvanzata/ImpetusFirstLevel/Content/Fab/Medieval_Env/Props/Materials/MI_Clothes.uexp" 1956
"D:/ProgrammazioneAvanzata/ImpetusFirstLevel/Content/Fab/Medieval_Env/Props/Meshes/SM_Flag_a.ubulk" 1957
"D:/ProgrammazioneAvanzata/ImpetusFirstLevel/Content/Fab/Medieval_Env/Props/Meshes/SM_Flag_a.uasset" 1958
"D:/ProgrammazioneAvanzata/ImpetusFirstLevel/Content/Fab/Medieval_Env/Props/Meshes/SM_Flag_a.uexp" 1959
"D:/ProgrammazioneAvanzata/ImpetusFirstLevel/Content/Fab/Medieval_Env/Props/Materials/MI_WoodTrim_b.uasset" 1960
"D:/ProgrammazioneAvanzata/ImpetusFirstLevel/Content/Fab/Medieval_Env/Props/Materials/MI_WoodTrim_b.uexp" 1961
"D:/ProgrammazioneAvanzata/ImpetusFirstLevel/Content/Fab/Medieval_Env/Props/Meshes/SM_BarrelHolder.ubulk" 1962
"D:/ProgrammazioneAvanzata/ImpetusFirstLevel/Content/Fab/Medieval_Env/Props/Meshes/SM_BarrelHolder.uasset" 1963
"D:/ProgrammazioneAvanzata/ImpetusFirstLevel/Content/Fab/Medieval_Env/Props/Meshes/SM_BarrelHolder.uexp" 1964
"D:/ProgrammazioneAvanzata/ImpetusFirstLevel/Content/Fab/Medieval_Env/Props/Meshes/SM_Bags_a.ubulk" 1965
"D:/ProgrammazioneAvanzata/ImpetusFirstLevel/Content/Fab/Medieval_Env/Props/Meshes/SM_Bags_a.uasset" 1966
"D:/ProgrammazioneAvanzata/ImpetusFirstLevel/Content/Fab/Medieval_Env/Props/Meshes/SM_Bags_a.uexp" 1967
"D:/ProgrammazioneAvanzata/ImpetusFirstLevel/Content/Fab/Medieval_Env/Nature/Cliffs_Rocks/Textures/T_Rock_a_BC.ubulk" 1968
"D:/ProgrammazioneAvanzata/ImpetusFirstLevel/Content/Fab/Medieval_Env/Nature/Cliffs_Rocks/Textures/T_Rock_a_BC.uasset" 1969
"D:/ProgrammazioneAvanzata/ImpetusFirstLevel/Content/Fab/Medieval_Env/Nature/Cliffs_Rocks/Textures/T_Rock_a_BC.uexp" 1970
"D:/ProgrammazioneAvanzata/ImpetusFirstLevel/Content/Fab/Medieval_Env/Nature/Cliffs_Rocks/Textures/T_Rock_a_N_AO_R.ubulk" 1971
"D:/ProgrammazioneAvanzata/ImpetusFirstLevel/Content/Fab/Medieval_Env/Nature/Cliffs_Rocks/Textures/T_Rock_a_N_AO_R.uasset" 1972
"D:/ProgrammazioneAvanzata/ImpetusFirstLevel/Content/Fab/Medieval_Env/Nature/Cliffs_Rocks/Textures/T_Rock_a_N_AO_R.uexp" 1973
"D:/ProgrammazioneAvanzata/ImpetusFirstLevel/Content/Fab/Medieval_Env/MaterialFunctions/MF_Leakage.uasset" 1974
"D:/ProgrammazioneAvanzata/ImpetusFirstLevel/Content/Fab/Medieval_Env/MaterialFunctions/MF_Leakage.uexp" 1975
"D:/ProgrammazioneAvanzata/ImpetusFirstLevel/Content/Fab/Medieval_Env/Nature/Cliffs_Rocks/Materials/M_Master_Rocks.uasset" 1976
"D:/ProgrammazioneAvanzata/ImpetusFirstLevel/Content/Fab/Medieval_Env/Nature/Cliffs_Rocks/Materials/M_Master_Rocks.uexp" 1977
"D:/ProgrammazioneAvanzata/ImpetusFirstLevel/Content/Fab/Medieval_Env/Nature/Cliffs_Rocks/Materials/MI_Rock_a.uasset" 1978
"D:/ProgrammazioneAvanzata/ImpetusFirstLevel/Content/Fab/Medieval_Env/Nature/Cliffs_Rocks/Materials/MI_Rock_a.uexp" 1979
"D:/ProgrammazioneAvanzata/ImpetusFirstLevel/Content/Fab/Medieval_Env/Nature/Cliffs_Rocks/SM_Rock_a.ubulk" 1980
"D:/ProgrammazioneAvanzata/ImpetusFirstLevel/Content/Fab/Medieval_Env/Nature/Cliffs_Rocks/SM_Rock_a.uasset" 1981
"D:/ProgrammazioneAvanzata/ImpetusFirstLevel/Content/Fab/Medieval_Env/Nature/Cliffs_Rocks/SM_Rock_a.uexp" 1982
"D:/ProgrammazioneAvanzata/ImpetusFirstLevel/Content/Fab/Medieval_Env/Buildings/Textures/T_StoneTileable_2_N_AO_R.ubulk" 1983
"D:/ProgrammazioneAvanzata/ImpetusFirstLevel/Content/Fab/Medieval_Env/Buildings/Textures/T_StoneTileable_2_N_AO_R.uasset" 1984
"D:/ProgrammazioneAvanzata/ImpetusFirstLevel/Content/Fab/Medieval_Env/Buildings/Textures/T_StoneTileable_2_N_AO_R.uexp" 1985
"D:/ProgrammazioneAvanzata/ImpetusFirstLevel/Content/Fab/Medieval_Env/Buildings/Textures/T_StoneTileable_2_BC_O.ubulk" 1986
"D:/ProgrammazioneAvanzata/ImpetusFirstLevel/Content/Fab/Medieval_Env/Buildings/Textures/T_StoneTileable_2_BC_O.uasset" 1987
"D:/ProgrammazioneAvanzata/ImpetusFirstLevel/Content/Fab/Medieval_Env/Buildings/Textures/T_StoneTileable_2_BC_O.uexp" 1988
"D:/ProgrammazioneAvanzata/ImpetusFirstLevel/Content/Fab/Medieval_Env/Buildings/Materials/MI_TrimWall.uasset" 1989
"D:/ProgrammazioneAvanzata/ImpetusFirstLevel/Content/Fab/Medieval_Env/Buildings/Materials/MI_TrimWall.uexp" 1990
"D:/ProgrammazioneAvanzata/ImpetusFirstLevel/Content/Fab/Medieval_Env/Buildings/Materials/MI_StoneWall_01.uasset" 1991
"D:/ProgrammazioneAvanzata/ImpetusFirstLevel/Content/Fab/Medieval_Env/Buildings/Materials/MI_StoneWall_01.uexp" 1992
"D:/ProgrammazioneAvanzata/ImpetusFirstLevel/Content/Fab/Medieval_Env/Buildings/Textures/T_Roof_Add_N_AO_R.ubulk" 1993
"D:/ProgrammazioneAvanzata/ImpetusFirstLevel/Content/Fab/Medieval_Env/Buildings/Textures/T_Roof_Add_N_AO_R.uasset" 1994
"D:/ProgrammazioneAvanzata/ImpetusFirstLevel/Content/Fab/Medieval_Env/Buildings/Textures/T_Roof_Add_N_AO_R.uexp" 1995
"D:/ProgrammazioneAvanzata/ImpetusFirstLevel/Content/Fab/Medieval_Env/Buildings/Textures/T_Roof_Add_BC_O.ubulk" 1996
"D:/ProgrammazioneAvanzata/ImpetusFirstLevel/Content/Fab/Medieval_Env/Buildings/Textures/T_Roof_Add_BC_O.uasset" 1997
"D:/ProgrammazioneAvanzata/ImpetusFirstLevel/Content/Fab/Medieval_Env/Buildings/Textures/T_Roof_Add_BC_O.uexp" 1998
"D:/ProgrammazioneAvanzata/ImpetusFirstLevel/Content/Fab/Medieval_Env/Buildings/Materials/MI_Roof_Add.uasset" 1999
"D:/ProgrammazioneAvanzata/ImpetusFirstLevel/Content/Fab/Medieval_Env/Buildings/Materials/MI_Roof_Add.uexp" 2000
"D:/ProgrammazioneAvanzata/ImpetusFirstLevel/Content/Fab/Medieval_Env/Buildings/Materials/MI_RoofWood.uasset" 2001
"D:/ProgrammazioneAvanzata/ImpetusFirstLevel/Content/Fab/Medieval_Env/Buildings/Materials/MI_RoofWood.uexp" 2002
"D:/ProgrammazioneAvanzata/ImpetusFirstLevel/Content/Fab/Medieval_Env/Buildings/Textures/T_RoofTileable_N_AO_R.ubulk" 2003
"D:/ProgrammazioneAvanzata/ImpetusFirstLevel/Content/Fab/Medieval_Env/Buildings/Textures/T_RoofTileable_N_AO_R.uasset" 2004
"D:/ProgrammazioneAvanzata/ImpetusFirstLevel/Content/Fab/Medieval_Env/Buildings/Textures/T_RoofTileable_N_AO_R.uexp" 2005
"D:/ProgrammazioneAvanzata/ImpetusFirstLevel/Content/Fab/Medieval_Env/Buildings/Textures/T_RoofTileable_BC_O.ubulk" 2006
"D:/ProgrammazioneAvanzata/ImpetusFirstLevel/Content/Fab/Medieval_Env/Buildings/Textures/T_RoofTileable_BC_O.uasset" 2007
"D:/ProgrammazioneAvanzata/ImpetusFirstLevel/Content/Fab/Medieval_Env/Buildings/Textures/T_RoofTileable_BC_O.uexp" 2008
"D:/ProgrammazioneAvanzata/ImpetusFirstLevel/Content/Fab/Medieval_Env/Buildings/Materials/MI_RoofTileable_1.uasset" 2009
"D:/ProgrammazioneAvanzata/ImpetusFirstLevel/Content/Fab/Medieval_Env/Buildings/Materials/MI_RoofTileable_1.uexp" 2010
"D:/ProgrammazioneAvanzata/ImpetusFirstLevel/Content/Fab/Medieval_Env/Buildings/Textures/T_Ornaments_N_AO_R.ubulk" 2011
"D:/ProgrammazioneAvanzata/ImpetusFirstLevel/Content/Fab/Medieval_Env/Buildings/Textures/T_Ornaments_N_AO_R.uasset" 2012
"D:/ProgrammazioneAvanzata/ImpetusFirstLevel/Content/Fab/Medieval_Env/Buildings/Textures/T_Ornaments_N_AO_R.uexp" 2013
"D:/ProgrammazioneAvanzata/ImpetusFirstLevel/Content/Fab/Medieval_Env/Buildings/Textures/T_Ornaments_BC_O.ubulk" 2014
"D:/ProgrammazioneAvanzata/ImpetusFirstLevel/Content/Fab/Medieval_Env/Buildings/Textures/T_Ornaments_BC_O.uasset" 2015
"D:/ProgrammazioneAvanzata/ImpetusFirstLevel/Content/Fab/Medieval_Env/Buildings/Textures/T_Ornaments_BC_O.uexp" 2016
"D:/ProgrammazioneAvanzata/ImpetusFirstLevel/Content/Fab/Medieval_Env/Buildings/Materials/MI_Ornament.uasset" 2017
"D:/ProgrammazioneAvanzata/ImpetusFirstLevel/Content/Fab/Medieval_Env/Buildings/Materials/MI_Ornament.uexp" 2018
"D:/ProgrammazioneAvanzata/ImpetusFirstLevel/Content/Fab/Medieval_Env/Buildings/Textures/T_CornerStone_3_N_AO_R.ubulk" 2019
"D:/ProgrammazioneAvanzata/ImpetusFirstLevel/Content/Fab/Medieval_Env/Buildings/Textures/T_CornerStone_3_N_AO_R.uasset" 2020
"D:/ProgrammazioneAvanzata/ImpetusFirstLevel/Content/Fab/Medieval_Env/Buildings/Textures/T_CornerStone_3_N_AO_R.uexp" 2021
"D:/ProgrammazioneAvanzata/ImpetusFirstLevel/Content/Fab/Medieval_Env/Buildings/Textures/T_CornerStone_3_BC_O.ubulk" 2022
"D:/ProgrammazioneAvanzata/ImpetusFirstLevel/Content/Fab/Medieval_Env/Buildings/Textures/T_CornerStone_3_BC_O.uasset" 2023
"D:/ProgrammazioneAvanzata/ImpetusFirstLevel/Content/Fab/Medieval_Env/Buildings/Textures/T_CornerStone_3_BC_O.uexp" 2024
"D:/ProgrammazioneAvanzata/ImpetusFirstLevel/Content/Fab/Medieval_Env/Buildings/Textures/T_StoneCorner_N_AO_R.ubulk" 2025
"D:/ProgrammazioneAvanzata/ImpetusFirstLevel/Content/Fab/Medieval_Env/Buildings/Textures/T_StoneCorner_N_AO_R.uasset" 2026
"D:/ProgrammazioneAvanzata/ImpetusFirstLevel/Content/Fab/Medieval_Env/Buildings/Textures/T_StoneCorner_N_AO_R.uexp" 2027
"D:/ProgrammazioneAvanzata/ImpetusFirstLevel/Content/Fab/Medieval_Env/Buildings/Textures/T_StoneCorner_BC_O.ubulk" 2028
"D:/ProgrammazioneAvanzata/ImpetusFirstLevel/Content/Fab/Medieval_Env/Buildings/Textures/T_StoneCorner_BC_O.uasset" 2029
"D:/ProgrammazioneAvanzata/ImpetusFirstLevel/Content/Fab/Medieval_Env/Buildings/Textures/T_StoneCorner_BC_O.uexp" 2030
"D:/ProgrammazioneAvanzata/ImpetusFirstLevel/Content/Fab/Medieval_Env/Buildings/Materials/M_Master_Modular.uasset" 2031
"D:/ProgrammazioneAvanzata/ImpetusFirstLevel/Content/Fab/Medieval_Env/Buildings/Materials/M_Master_Modular.uexp" 2032
"D:/ProgrammazioneAvanzata/ImpetusFirstLevel/Content/Fab/Medieval_Env/Buildings/Materials/MI_CornerWall3.uasset" 2033
"D:/ProgrammazioneAvanzata/ImpetusFirstLevel/Content/Fab/Medieval_Env/Buildings/Materials/MI_CornerWall3.uexp" 2034
"D:/ProgrammazioneAvanzata/ImpetusFirstLevel/Content/Fab/Medieval_Env/Buildings/Textures/T_ChurchWindows_N_AO_R.ubulk" 2035
"D:/ProgrammazioneAvanzata/ImpetusFirstLevel/Content/Fab/Medieval_Env/Buildings/Textures/T_ChurchWindows_N_AO_R.uasset" 2036
"D:/ProgrammazioneAvanzata/ImpetusFirstLevel/Content/Fab/Medieval_Env/Buildings/Textures/T_ChurchWindows_N_AO_R.uexp" 2037
"D:/ProgrammazioneAvanzata/ImpetusFirstLevel/Content/Fab/Medieval_Env/Buildings/Textures/T_ChurchWindows_BC_O.ubulk" 2038
"D:/ProgrammazioneAvanzata/ImpetusFirstLevel/Content/Fab/Medieval_Env/Buildings/Textures/T_ChurchWindows_BC_O.uasset" 2039
"D:/ProgrammazioneAvanzata/ImpetusFirstLevel/Content/Fab/Medieval_Env/Buildings/Textures/T_ChurchWindows_BC_O.uexp" 2040
"D:/ProgrammazioneAvanzata/ImpetusFirstLevel/Content/Fab/Medieval_Env/Buildings/Materials/MI_ChurchWindows.uasset" 2041
"D:/ProgrammazioneAvanzata/ImpetusFirstLevel/Content/Fab/Medieval_Env/Buildings/Materials/MI_ChurchWindows.uexp" 2042
"D:/ProgrammazioneAvanzata/ImpetusFirstLevel/Content/Fab/Medieval_Env/Buildings/Materials/MI_StoneWall_02.uasset" 2043
"D:/ProgrammazioneAvanzata/ImpetusFirstLevel/Content/Fab/Medieval_Env/Buildings/Materials/MI_StoneWall_02.uexp" 2044
"D:/ProgrammazioneAvanzata/ImpetusFirstLevel/Content/Fab/Medieval_Env/Buildings/Textures/T_Stones_House_N_AO_R.ubulk" 2045
"D:/ProgrammazioneAvanzata/ImpetusFirstLevel/Content/Fab/Medieval_Env/Buildings/Textures/T_Stones_House_N_AO_R.uasset" 2046
"D:/ProgrammazioneAvanzata/ImpetusFirstLevel/Content/Fab/Medieval_Env/Buildings/Textures/T_Stones_House_N_AO_R.uexp" 2047
"D:/ProgrammazioneAvanzata/ImpetusFirstLevel/Content/Fab/Medieval_Env/Buildings/Textures/T_Stones_House_BC_O.ubulk" 2048
"D:/ProgrammazioneAvanzata/ImpetusFirstLevel/Content/Fab/Medieval_Env/Buildings/Textures/T_Stones_House_BC_O.uasset" 2049
"D:/ProgrammazioneAvanzata/ImpetusFirstLevel/Content/Fab/Medieval_Env/Buildings/Textures/T_Stones_House_BC_O.uexp" 2050
"D:/ProgrammazioneAvanzata/ImpetusFirstLevel/Content/Fab/Medieval_Env/Buildings/Materials/MI_SculptStone.uasset" 2051
"D:/ProgrammazioneAvanzata/ImpetusFirstLevel/Content/Fab/Medieval_Env/Buildings/Materials/MI_SculptStone.uexp" 2052
"D:/ProgrammazioneAvanzata/ImpetusFirstLevel/Content/Fab/Medieval_Env/Buildings/HouseMeshes/SM_Wall_Window_4m.ubulk" 2053
"D:/ProgrammazioneAvanzata/ImpetusFirstLevel/Content/Fab/Medieval_Env/Buildings/HouseMeshes/SM_Wall_Window_4m.uasset" 2054
"D:/ProgrammazioneAvanzata/ImpetusFirstLevel/Content/Fab/Medieval_Env/Buildings/HouseMeshes/SM_Wall_Window_4m.uexp" 2055
"D:/ProgrammazioneAvanzata/ImpetusFirstLevel/Content/Fab/Medieval_Env/Buildings/HouseMeshes/SM_Wall_Window_2m.ubulk" 2056
"D:/ProgrammazioneAvanzata/ImpetusFirstLevel/Content/Fab/Medieval_Env/Buildings/HouseMeshes/SM_Wall_Window_2m.uasset" 2057
"D:/ProgrammazioneAvanzata/ImpetusFirstLevel/Content/Fab/Medieval_Env/Buildings/HouseMeshes/SM_Wall_Window_2m.uexp" 2058
"D:/ProgrammazioneAvanzata/ImpetusFirstLevel/Content/Fab/Medieval_Env/Buildings/HouseMeshes/SM_Wall_4m.ubulk" 2059
"D:/ProgrammazioneAvanzata/ImpetusFirstLevel/Content/Fab/Medieval_Env/Buildings/HouseMeshes/SM_Wall_4m.uasset" 2060
"D:/ProgrammazioneAvanzata/ImpetusFirstLevel/Content/Fab/Medieval_Env/Buildings/HouseMeshes/SM_Wall_4m.uexp" 2061
"D:/ProgrammazioneAvanzata/ImpetusFirstLevel/Content/Fab/Medieval_Env/Buildings/HouseMeshes/SM_TatchRoof_End_4.ubulk" 2062
"D:/ProgrammazioneAvanzata/ImpetusFirstLevel/Content/Fab/Medieval_Env/Buildings/HouseMeshes/SM_TatchRoof_End_4.uasset" 2063
"D:/ProgrammazioneAvanzata/ImpetusFirstLevel/Content/Fab/Medieval_Env/Buildings/HouseMeshes/SM_TatchRoof_End_4.uexp" 2064
"D:/ProgrammazioneAvanzata/ImpetusFirstLevel/Content/Fab/Medieval_Env/Buildings/HouseMeshes/SM_TatchRoof_4m_02.ubulk" 2065
"D:/ProgrammazioneAvanzata/ImpetusFirstLevel/Content/Fab/Medieval_Env/Buildings/HouseMeshes/SM_TatchRoof_4m_02.uasset" 2066
"D:/ProgrammazioneAvanzata/ImpetusFirstLevel/Content/Fab/Medieval_Env/Buildings/HouseMeshes/SM_TatchRoof_4m_02.uexp" 2067
"D:/ProgrammazioneAvanzata/ImpetusFirstLevel/Content/Fab/Medieval_Env/Buildings/HouseMeshes/SM_TatchRoof_2m_02.ubulk" 2068
"D:/ProgrammazioneAvanzata/ImpetusFirstLevel/Content/Fab/Medieval_Env/Buildings/HouseMeshes/SM_TatchRoof_2m_02.uasset" 2069
"D:/ProgrammazioneAvanzata/ImpetusFirstLevel/Content/Fab/Medieval_Env/Buildings/HouseMeshes/SM_TatchRoof_2m_02.uexp" 2070
"D:/ProgrammazioneAvanzata/ImpetusFirstLevel/Content/Fab/Medieval_Env/Buildings/Textures/T_Stones_1_N_AO_R.ubulk" 2071
"D:/ProgrammazioneAvanzata/ImpetusFirstLevel/Content/Fab/Medieval_Env/Buildings/Textures/T_Stones_1_N_AO_R.uasset" 2072
"D:/ProgrammazioneAvanzata/ImpetusFirstLevel/Content/Fab/Medieval_Env/Buildings/Textures/T_Stones_1_N_AO_R.uexp" 2073
"D:/ProgrammazioneAvanzata/ImpetusFirstLevel/Content/Fab/Medieval_Env/Buildings/Textures/T_Stones_1_BC_O.ubulk" 2074
"D:/ProgrammazioneAvanzata/ImpetusFirstLevel/Content/Fab/Medieval_Env/Buildings/Textures/T_Stones_1_BC_O.uasset" 2075
"D:/ProgrammazioneAvanzata/ImpetusFirstLevel/Content/Fab/Medieval_Env/Buildings/Textures/T_Stones_1_BC_O.uexp" 2076
"D:/ProgrammazioneAvanzata/ImpetusFirstLevel/Content/Fab/Medieval_Env/Buildings/Materials/MI_Stones_2.uasset" 2077
"D:/ProgrammazioneAvanzata/ImpetusFirstLevel/Content/Fab/Medieval_Env/Buildings/Materials/MI_Stones_2.uexp" 2078
"D:/ProgrammazioneAvanzata/ImpetusFirstLevel/Content/Fab/Medieval_Env/Buildings/HouseMeshes/SM_StoneWall_3.ubulk" 2079
"D:/ProgrammazioneAvanzata/ImpetusFirstLevel/Content/Fab/Medieval_Env/Buildings/HouseMeshes/SM_StoneWall_3.uasset" 2080
"D:/ProgrammazioneAvanzata/ImpetusFirstLevel/Content/Fab/Medieval_Env/Buildings/HouseMeshes/SM_StoneWall_3.uexp" 2081
"D:/ProgrammazioneAvanzata/ImpetusFirstLevel/Content/Fab/Medieval_Env/Buildings/HouseMeshes/SM_StoneWall_4.ubulk" 2082
"D:/ProgrammazioneAvanzata/ImpetusFirstLevel/Content/Fab/Medieval_Env/Buildings/HouseMeshes/SM_StoneWall_4.uasset" 2083
"D:/ProgrammazioneAvanzata/ImpetusFirstLevel/Content/Fab/Medieval_Env/Buildings/HouseMeshes/SM_StoneWall_4.uexp" 2084
"D:/ProgrammazioneAvanzata/ImpetusFirstLevel/Content/Fab/Medieval_Env/Buildings/HouseMeshes/SM_StoneWall_6.ubulk" 2085
"D:/ProgrammazioneAvanzata/ImpetusFirstLevel/Content/Fab/Medieval_Env/Buildings/HouseMeshes/SM_StoneWall_6.uasset" 2086
"D:/ProgrammazioneAvanzata/ImpetusFirstLevel/Content/Fab/Medieval_Env/Buildings/HouseMeshes/SM_StoneWall_6.uexp" 2087
"D:/ProgrammazioneAvanzata/ImpetusFirstLevel/Content/Fab/Medieval_Env/Buildings/HouseMeshes/SM_Stones_4.ubulk" 2088
"D:/ProgrammazioneAvanzata/ImpetusFirstLevel/Content/Fab/Medieval_Env/Buildings/HouseMeshes/SM_Stones_4.uasset" 2089
"D:/ProgrammazioneAvanzata/ImpetusFirstLevel/Content/Fab/Medieval_Env/Buildings/HouseMeshes/SM_Stones_4.uexp" 2090
"D:/ProgrammazioneAvanzata/ImpetusFirstLevel/Content/Fab/Medieval_Env/Buildings/HouseMeshes/SM_Roof_End.ubulk" 2091
"D:/ProgrammazioneAvanzata/ImpetusFirstLevel/Content/Fab/Medieval_Env/Buildings/HouseMeshes/SM_Roof_End.uasset" 2092
"D:/ProgrammazioneAvanzata/ImpetusFirstLevel/Content/Fab/Medieval_Env/Buildings/HouseMeshes/SM_Roof_End.uexp" 2093
"D:/ProgrammazioneAvanzata/ImpetusFirstLevel/Content/Fab/Medieval_Env/Buildings/HouseMeshes/SM_RoofWall_1.ubulk" 2094
"D:/ProgrammazioneAvanzata/ImpetusFirstLevel/Content/Fab/Medieval_Env/Buildings/HouseMeshes/SM_RoofWall_1.uasset" 2095
"D:/ProgrammazioneAvanzata/ImpetusFirstLevel/Content/Fab/Medieval_Env/Buildings/HouseMeshes/SM_RoofWall_1.uexp" 2096
"D:/ProgrammazioneAvanzata/ImpetusFirstLevel/Content/Fab/Medieval_Env/Buildings/HouseMeshes/SM_InteriorRoof_03.ubulk" 2097
"D:/ProgrammazioneAvanzata/ImpetusFirstLevel/Content/Fab/Medieval_Env/Buildings/HouseMeshes/SM_InteriorRoof_03.uasset" 2098
"D:/ProgrammazioneAvanzata/ImpetusFirstLevel/Content/Fab/Medieval_Env/Buildings/HouseMeshes/SM_InteriorRoof_03.uexp" 2099
"D:/ProgrammazioneAvanzata/ImpetusFirstLevel/Content/Fab/Medieval_Env/Buildings/HouseMeshes/SM_InteriorRoof_02.ubulk" 2100
"D:/ProgrammazioneAvanzata/ImpetusFirstLevel/Content/Fab/Medieval_Env/Buildings/HouseMeshes/SM_InteriorRoof_02.uasset" 2101
"D:/ProgrammazioneAvanzata/ImpetusFirstLevel/Content/Fab/Medieval_Env/Buildings/HouseMeshes/SM_InteriorRoof_02.uexp" 2102
"D:/ProgrammazioneAvanzata/ImpetusFirstLevel/Content/Fab/Medieval_Env/Buildings/HouseMeshes/SM_InteriorRoof_01.ubulk" 2103
"D:/ProgrammazioneAvanzata/ImpetusFirstLevel/Content/Fab/Medieval_Env/Buildings/HouseMeshes/SM_InteriorRoof_01.uasset" 2104
"D:/ProgrammazioneAvanzata/ImpetusFirstLevel/Content/Fab/Medieval_Env/Buildings/HouseMeshes/SM_InteriorRoof_01.uexp" 2105
"D:/ProgrammazioneAvanzata/ImpetusFirstLevel/Content/Fab/Medieval_Env/Buildings/Materials/MI_StoneWall_03.uasset" 2106
"D:/ProgrammazioneAvanzata/ImpetusFirstLevel/Content/Fab/Medieval_Env/Buildings/Materials/MI_StoneWall_03.uexp" 2107
"D:/ProgrammazioneAvanzata/ImpetusFirstLevel/Content/Fab/Medieval_Env/Buildings/Textures/T_Floor_1_N_AO_R.ubulk" 2108
"D:/ProgrammazioneAvanzata/ImpetusFirstLevel/Content/Fab/Medieval_Env/Buildings/Textures/T_Floor_1_N_AO_R.uasset" 2109
"D:/ProgrammazioneAvanzata/ImpetusFirstLevel/Content/Fab/Medieval_Env/Buildings/Textures/T_Floor_1_N_AO_R.uexp" 2110
"D:/ProgrammazioneAvanzata/ImpetusFirstLevel/Content/Fab/Medieval_Env/Buildings/Textures/T_Floor_1_BC_O.ubulk" 2111
"D:/ProgrammazioneAvanzata/ImpetusFirstLevel/Content/Fab/Medieval_Env/Buildings/Textures/T_Floor_1_BC_O.uasset" 2112
"D:/ProgrammazioneAvanzata/ImpetusFirstLevel/Content/Fab/Medieval_Env/Buildings/Textures/T_Floor_1_BC_O.uexp" 2113
"D:/ProgrammazioneAvanzata/ImpetusFirstLevel/Content/Fab/Medieval_Env/Buildings/Materials/MI_Floor_1.uasset" 2114
"D:/ProgrammazioneAvanzata/ImpetusFirstLevel/Content/Fab/Medieval_Env/Buildings/Materials/MI_Floor_1.uexp" 2115
"D:/ProgrammazioneAvanzata/ImpetusFirstLevel/Content/Fab/Medieval_Env/Buildings/HouseMeshes/SM_Floor_4m.ubulk" 2116
"D:/ProgrammazioneAvanzata/ImpetusFirstLevel/Content/Fab/Medieval_Env/Buildings/HouseMeshes/SM_Floor_4m.uasset" 2117
"D:/ProgrammazioneAvanzata/ImpetusFirstLevel/Content/Fab/Medieval_Env/Buildings/HouseMeshes/SM_Floor_4m.uexp" 2118
"D:/ProgrammazioneAvanzata/ImpetusFirstLevel/Content/Fab/Medieval_Env/Buildings/HouseMeshes/SM_Floor_2m.ubulk" 2119
"D:/ProgrammazioneAvanzata/ImpetusFirstLevel/Content/Fab/Medieval_Env/Buildings/HouseMeshes/SM_Floor_2m.uasset" 2120
"D:/ProgrammazioneAvanzata/ImpetusFirstLevel/Content/Fab/Medieval_Env/Buildings/HouseMeshes/SM_Floor_2m.uexp" 2121
"D:/ProgrammazioneAvanzata/ImpetusFirstLevel/Content/Fab/Medieval_Env/Buildings/HouseMeshes/SM_DoorWall_1.ubulk" 2122
"D:/ProgrammazioneAvanzata/ImpetusFirstLevel/Content/Fab/Medieval_Env/Buildings/HouseMeshes/SM_DoorWall_1.uasset" 2123
"D:/ProgrammazioneAvanzata/ImpetusFirstLevel/Content/Fab/Medieval_Env/Buildings/HouseMeshes/SM_DoorWall_1.uexp" 2124
"D:/ProgrammazioneAvanzata/ImpetusFirstLevel/Content/Fab/Medieval_Env/Buildings/HouseMeshes/SM_Chimney_Top_01.ubulk" 2125
"D:/ProgrammazioneAvanzata/ImpetusFirstLevel/Content/Fab/Medieval_Env/Buildings/HouseMeshes/SM_Chimney_Top_01.uasset" 2126
"D:/ProgrammazioneAvanzata/ImpetusFirstLevel/Content/Fab/Medieval_Env/Buildings/HouseMeshes/SM_Chimney_Top_01.uexp" 2127
"D:/ProgrammazioneAvanzata/ImpetusFirstLevel/Content/Fab/Medieval_Env/Buildings/HouseMeshes/SM_Chimney_Base_02.ubulk" 2128
"D:/ProgrammazioneAvanzata/ImpetusFirstLevel/Content/Fab/Medieval_Env/Buildings/HouseMeshes/SM_Chimney_Base_02.uasset" 2129
"D:/ProgrammazioneAvanzata/ImpetusFirstLevel/Content/Fab/Medieval_Env/Buildings/HouseMeshes/SM_Chimney_Base_02.uexp" 2130
"D:/ProgrammazioneAvanzata/ImpetusFirstLevel/Content/Fab/Medieval_Env/Buildings/HouseMeshes/SM_Chimney_Addition_02.ubulk" 2131
"D:/ProgrammazioneAvanzata/ImpetusFirstLevel/Content/Fab/Medieval_Env/Buildings/HouseMeshes/SM_Chimney_Addition_02.uasset" 2132
"D:/ProgrammazioneAvanzata/ImpetusFirstLevel/Content/Fab/Medieval_Env/Buildings/HouseMeshes/SM_Chimney_Addition_02.uexp" 2133
"D:/ProgrammazioneAvanzata/ImpetusFirstLevel/Content/Fab/Medieval_Env/Buildings/HouseMeshes/SM_Chimney_Addition_01.ubulk" 2134
"D:/ProgrammazioneAvanzata/ImpetusFirstLevel/Content/Fab/Medieval_Env/Buildings/HouseMeshes/SM_Chimney_Addition_01.uasset" 2135
"D:/ProgrammazioneAvanzata/ImpetusFirstLevel/Content/Fab/Medieval_Env/Buildings/HouseMeshes/SM_Chimney_Addition_01.uexp" 2136
"D:/ProgrammazioneAvanzata/ImpetusFirstLevel/Content/Fab/Medieval_Env/Buildings/BuildingMeshes/SM_WoodenBeam_01.ubulk" 2137
"D:/ProgrammazioneAvanzata/ImpetusFirstLevel/Content/Fab/Medieval_Env/Buildings/BuildingMeshes/SM_WoodenBeam_01.uasset" 2138
"D:/ProgrammazioneAvanzata/ImpetusFirstLevel/Content/Fab/Medieval_Env/Buildings/BuildingMeshes/SM_WoodenBeam_01.uexp" 2139
"D:/ProgrammazioneAvanzata/ImpetusFirstLevel/Content/Fab/Medieval_Env/Buildings/BuildingMeshes/SM_Windmill_Roof.ubulk" 2140
"D:/ProgrammazioneAvanzata/ImpetusFirstLevel/Content/Fab/Medieval_Env/Buildings/BuildingMeshes/SM_Windmill_Roof.uasset" 2141
"D:/ProgrammazioneAvanzata/ImpetusFirstLevel/Content/Fab/Medieval_Env/Buildings/BuildingMeshes/SM_Windmill_Roof.uexp" 2142
"D:/ProgrammazioneAvanzata/ImpetusFirstLevel/Content/Fab/Medieval_Env/Buildings/BuildingMeshes/SM_Wall_Top_Corner_04.ubulk" 2143
"D:/ProgrammazioneAvanzata/ImpetusFirstLevel/Content/Fab/Medieval_Env/Buildings/BuildingMeshes/SM_Wall_Top_Corner_04.uasset" 2144
"D:/ProgrammazioneAvanzata/ImpetusFirstLevel/Content/Fab/Medieval_Env/Buildings/BuildingMeshes/SM_Wall_Top_Corner_04.uexp" 2145
"D:/ProgrammazioneAvanzata/ImpetusFirstLevel/Content/Fab/Medieval_Env/Buildings/BuildingMeshes/SM_Wall_Top_4m_01.ubulk" 2146
"D:/ProgrammazioneAvanzata/ImpetusFirstLevel/Content/Fab/Medieval_Env/Buildings/BuildingMeshes/SM_Wall_Top_4m_01.uasset" 2147
"D:/ProgrammazioneAvanzata/ImpetusFirstLevel/Content/Fab/Medieval_Env/Buildings/BuildingMeshes/SM_Wall_Top_4m_01.uexp" 2148
"D:/ProgrammazioneAvanzata/ImpetusFirstLevel/Content/Fab/Medieval_Env/Buildings/BuildingMeshes/SM_Wall_Top_2m_05.ubulk" 2149
"D:/ProgrammazioneAvanzata/ImpetusFirstLevel/Content/Fab/Medieval_Env/Buildings/BuildingMeshes/SM_Wall_Top_2m_05.uasset" 2150
"D:/ProgrammazioneAvanzata/ImpetusFirstLevel/Content/Fab/Medieval_Env/Buildings/BuildingMeshes/SM_Wall_Top_2m_05.uexp" 2151
"D:/ProgrammazioneAvanzata/ImpetusFirstLevel/Content/Fab/Medieval_Env/Buildings/BuildingMeshes/SM_Wall_Top_2m_04.ubulk" 2152
"D:/ProgrammazioneAvanzata/ImpetusFirstLevel/Content/Fab/Medieval_Env/Buildings/BuildingMeshes/SM_Wall_Top_2m_04.uasset" 2153
"D:/ProgrammazioneAvanzata/ImpetusFirstLevel/Content/Fab/Medieval_Env/Buildings/BuildingMeshes/SM_Wall_Top_2m_04.uexp" 2154
"D:/ProgrammazioneAvanzata/ImpetusFirstLevel/Content/Fab/Medieval_Env/Buildings/BuildingMeshes/SM_Wall_Top_2m_03.ubulk" 2155
"D:/ProgrammazioneAvanzata/ImpetusFirstLevel/Content/Fab/Medieval_Env/Buildings/BuildingMeshes/SM_Wall_Top_2m_03.uasset" 2156
"D:/ProgrammazioneAvanzata/ImpetusFirstLevel/Content/Fab/Medieval_Env/Buildings/BuildingMeshes/SM_Wall_Top_2m_03.uexp" 2157
"D:/ProgrammazioneAvanzata/ImpetusFirstLevel/Content/Fab/Medieval_Env/Buildings/BuildingMeshes/SM_Wall_Top_2m_01.ubulk" 2158
"D:/ProgrammazioneAvanzata/ImpetusFirstLevel/Content/Fab/Medieval_Env/Buildings/BuildingMeshes/SM_Wall_Top_2m_01.uasset" 2159
"D:/ProgrammazioneAvanzata/ImpetusFirstLevel/Content/Fab/Medieval_Env/Buildings/BuildingMeshes/SM_Wall_Top_2m_01.uexp" 2160
"D:/ProgrammazioneAvanzata/ImpetusFirstLevel/Content/Fab/Medieval_Env/Buildings/BuildingMeshes/SM_Wall_Ornament_04.ubulk" 2161
"D:/ProgrammazioneAvanzata/ImpetusFirstLevel/Content/Fab/Medieval_Env/Buildings/BuildingMeshes/SM_Wall_Ornament_04.uasset" 2162
"D:/ProgrammazioneAvanzata/ImpetusFirstLevel/Content/Fab/Medieval_Env/Buildings/BuildingMeshes/SM_Wall_Ornament_04.uexp" 2163
"D:/ProgrammazioneAvanzata/ImpetusFirstLevel/Content/Fab/Medieval_Env/Buildings/BuildingMeshes/SM_Wall_Ornament_03.ubulk" 2164
"D:/ProgrammazioneAvanzata/ImpetusFirstLevel/Content/Fab/Medieval_Env/Buildings/BuildingMeshes/SM_Wall_Ornament_03.uasset" 2165
"D:/ProgrammazioneAvanzata/ImpetusFirstLevel/Content/Fab/Medieval_Env/Buildings/BuildingMeshes/SM_Wall_Ornament_03.uexp" 2166
"D:/ProgrammazioneAvanzata/ImpetusFirstLevel/Content/Fab/Medieval_Env/Buildings/BuildingMeshes/SM_Wall_Ornament_02.ubulk" 2167
"D:/ProgrammazioneAvanzata/ImpetusFirstLevel/Content/Fab/Medieval_Env/Buildings/BuildingMeshes/SM_Wall_Ornament_02.uasset" 2168
"D:/ProgrammazioneAvanzata/ImpetusFirstLevel/Content/Fab/Medieval_Env/Buildings/BuildingMeshes/SM_Wall_Ornament_02.uexp" 2169
"D:/ProgrammazioneAvanzata/ImpetusFirstLevel/Content/Fab/Medieval_Env/Buildings/BuildingMeshes/SM_Wall_Ornament_01.ubulk" 2170
"D:/ProgrammazioneAvanzata/ImpetusFirstLevel/Content/Fab/Medieval_Env/Buildings/BuildingMeshes/SM_Wall_Ornament_01.uasset" 2171
"D:/ProgrammazioneAvanzata/ImpetusFirstLevel/Content/Fab/Medieval_Env/Buildings/BuildingMeshes/SM_Wall_Ornament_01.uexp" 2172
"D:/ProgrammazioneAvanzata/ImpetusFirstLevel/Content/Fab/Medieval_Env/Buildings/BuildingMeshes/SM_Wall_Opening_Door.ubulk" 2173
"D:/ProgrammazioneAvanzata/ImpetusFirstLevel/Content/Fab/Medieval_Env/Buildings/BuildingMeshes/SM_Wall_Opening_Door.uasset" 2174
"D:/ProgrammazioneAvanzata/ImpetusFirstLevel/Content/Fab/Medieval_Env/Buildings/BuildingMeshes/SM_Wall_Opening_Door.uexp" 2175
"D:/ProgrammazioneAvanzata/ImpetusFirstLevel/Content/Fab/Medieval_Env/Buildings/BuildingMeshes/SM_Wall_Opening_4m_01.ubulk" 2176
"D:/ProgrammazioneAvanzata/ImpetusFirstLevel/Content/Fab/Medieval_Env/Buildings/BuildingMeshes/SM_Wall_Opening_4m_01.uasset" 2177
"D:/ProgrammazioneAvanzata/ImpetusFirstLevel/Content/Fab/Medieval_Env/Buildings/BuildingMeshes/SM_Wall_Opening_4m_01.uexp" 2178
"D:/ProgrammazioneAvanzata/ImpetusFirstLevel/Content/Fab/Medieval_Env/Buildings/BuildingMeshes/SM_Wall_Opening_2m_03.ubulk" 2179
"D:/ProgrammazioneAvanzata/ImpetusFirstLevel/Content/Fab/Medieval_Env/Buildings/BuildingMeshes/SM_Wall_Opening_2m_03.uasset" 2180
"D:/ProgrammazioneAvanzata/ImpetusFirstLevel/Content/Fab/Medieval_Env/Buildings/BuildingMeshes/SM_Wall_Opening_2m_03.uexp" 2181
"D:/ProgrammazioneAvanzata/ImpetusFirstLevel/Content/Fab/Medieval_Env/Buildings/BuildingMeshes/SM_Wall_Door_02.ubulk" 2182
"D:/ProgrammazioneAvanzata/ImpetusFirstLevel/Content/Fab/Medieval_Env/Buildings/BuildingMeshes/SM_Wall_Door_02.uasset" 2183
"D:/ProgrammazioneAvanzata/ImpetusFirstLevel/Content/Fab/Medieval_Env/Buildings/BuildingMeshes/SM_Wall_Door_02.uexp" 2184
"D:/ProgrammazioneAvanzata/ImpetusFirstLevel/Content/Fab/Medieval_Env/Buildings/BuildingMeshes/SM_Wall_Corner_01.ubulk" 2185
"D:/ProgrammazioneAvanzata/ImpetusFirstLevel/Content/Fab/Medieval_Env/Buildings/BuildingMeshes/SM_Wall_Corner_01.uasset" 2186
"D:/ProgrammazioneAvanzata/ImpetusFirstLevel/Content/Fab/Medieval_Env/Buildings/BuildingMeshes/SM_Wall_Corner_01.uexp" 2187
"D:/ProgrammazioneAvanzata/ImpetusFirstLevel/Content/Fab/Medieval_Env/Buildings/BuildingMeshes/SM_Wall_Circle_Top_01.ubulk" 2188
"D:/ProgrammazioneAvanzata/ImpetusFirstLevel/Content/Fab/Medieval_Env/Buildings/BuildingMeshes/SM_Wall_Circle_Top_01.uasset" 2189
"D:/ProgrammazioneAvanzata/ImpetusFirstLevel/Content/Fab/Medieval_Env/Buildings/BuildingMeshes/SM_Wall_Circle_Top_01.uexp" 2190
"D:/ProgrammazioneAvanzata/ImpetusFirstLevel/Content/Fab/Medieval_Env/Buildings/BuildingMeshes/SM_Wall_Circle_Base_01.ubulk" 2191
"D:/ProgrammazioneAvanzata/ImpetusFirstLevel/Content/Fab/Medieval_Env/Buildings/BuildingMeshes/SM_Wall_Circle_Base_01.uasset" 2192
"D:/ProgrammazioneAvanzata/ImpetusFirstLevel/Content/Fab/Medieval_Env/Buildings/BuildingMeshes/SM_Wall_Circle_Base_01.uexp" 2193
"D:/ProgrammazioneAvanzata/ImpetusFirstLevel/Content/Fab/Medieval_Env/Buildings/BuildingMeshes/SM_Wall_Circle_03.ubulk" 2194
"D:/ProgrammazioneAvanzata/ImpetusFirstLevel/Content/Fab/Medieval_Env/Buildings/BuildingMeshes/SM_Wall_Circle_03.uasset" 2195
"D:/ProgrammazioneAvanzata/ImpetusFirstLevel/Content/Fab/Medieval_Env/Buildings/BuildingMeshes/SM_Wall_Circle_03.uexp" 2196
"D:/ProgrammazioneAvanzata/ImpetusFirstLevel/Content/Fab/Medieval_Env/Buildings/BuildingMeshes/SM_Wall_Circle_02.ubulk" 2197
"D:/ProgrammazioneAvanzata/ImpetusFirstLevel/Content/Fab/Medieval_Env/Buildings/BuildingMeshes/SM_Wall_Circle_02.uasset" 2198
"D:/ProgrammazioneAvanzata/ImpetusFirstLevel/Content/Fab/Medieval_Env/Buildings/BuildingMeshes/SM_Wall_Circle_02.uexp" 2199
"D:/ProgrammazioneAvanzata/ImpetusFirstLevel/Content/Fab/Medieval_Env/Buildings/BuildingMeshes/SM_Wall_Circle_01.ubulk" 2200
"D:/ProgrammazioneAvanzata/ImpetusFirstLevel/Content/Fab/Medieval_Env/Buildings/BuildingMeshes/SM_Wall_Circle_01.uasset" 2201
"D:/ProgrammazioneAvanzata/ImpetusFirstLevel/Content/Fab/Medieval_Env/Buildings/BuildingMeshes/SM_Wall_Circle_01.uexp" 2202
"D:/ProgrammazioneAvanzata/ImpetusFirstLevel/Content/Fab/Medieval_Env/Buildings/BuildingMeshes/SM_Wall_Butress_4m_02.ubulk" 2203
"D:/ProgrammazioneAvanzata/ImpetusFirstLevel/Content/Fab/Medieval_Env/Buildings/BuildingMeshes/SM_Wall_Butress_4m_02.uasset" 2204
"D:/ProgrammazioneAvanzata/ImpetusFirstLevel/Content/Fab/Medieval_Env/Buildings/BuildingMeshes/SM_Wall_Butress_4m_02.uexp" 2205
"D:/ProgrammazioneAvanzata/ImpetusFirstLevel/Content/Fab/Medieval_Env/Buildings/BuildingMeshes/SM_Wall_Butress_4m_01.ubulk" 2206
"D:/ProgrammazioneAvanzata/ImpetusFirstLevel/Content/Fab/Medieval_Env/Buildings/BuildingMeshes/SM_Wall_Butress_4m_01.uasset" 2207
"D:/ProgrammazioneAvanzata/ImpetusFirstLevel/Content/Fab/Medieval_Env/Buildings/BuildingMeshes/SM_Wall_Butress_4m_01.uexp" 2208
"D:/ProgrammazioneAvanzata/ImpetusFirstLevel/Content/Fab/Medieval_Env/Buildings/BuildingMeshes/SM_Wall_Butress_2m_02.ubulk" 2209
"D:/ProgrammazioneAvanzata/ImpetusFirstLevel/Content/Fab/Medieval_Env/Buildings/BuildingMeshes/SM_Wall_Butress_2m_02.uasset" 2210
"D:/ProgrammazioneAvanzata/ImpetusFirstLevel/Content/Fab/Medieval_Env/Buildings/BuildingMeshes/SM_Wall_Butress_2m_02.uexp" 2211
"D:/ProgrammazioneAvanzata/ImpetusFirstLevel/Content/Fab/Medieval_Env/Buildings/BuildingMeshes/SM_Wall_Butress_2m_01.ubulk" 2212
"D:/ProgrammazioneAvanzata/ImpetusFirstLevel/Content/Fab/Medieval_Env/Buildings/BuildingMeshes/SM_Wall_Butress_2m_01.uasset" 2213
"D:/ProgrammazioneAvanzata/ImpetusFirstLevel/Content/Fab/Medieval_Env/Buildings/BuildingMeshes/SM_Wall_Butress_2m_01.uexp" 2214
"D:/ProgrammazioneAvanzata/ImpetusFirstLevel/Content/Fab/Medieval_Env/Buildings/BuildingMeshes/SM_Wall_4m_09.ubulk" 2215
"D:/ProgrammazioneAvanzata/ImpetusFirstLevel/Content/Fab/Medieval_Env/Buildings/BuildingMeshes/SM_Wall_4m_09.uasset" 2216
"D:/ProgrammazioneAvanzata/ImpetusFirstLevel/Content/Fab/Medieval_Env/Buildings/BuildingMeshes/SM_Wall_4m_09.uexp" 2217
"D:/ProgrammazioneAvanzata/ImpetusFirstLevel/Content/Fab/Medieval_Env/Buildings/BuildingMeshes/SM_Wall_4m_08.ubulk" 2218
"D:/ProgrammazioneAvanzata/ImpetusFirstLevel/Content/Fab/Medieval_Env/Buildings/BuildingMeshes/SM_Wall_4m_08.uasset" 2219
"D:/ProgrammazioneAvanzata/ImpetusFirstLevel/Content/Fab/Medieval_Env/Buildings/BuildingMeshes/SM_Wall_4m_08.uexp" 2220
"D:/ProgrammazioneAvanzata/ImpetusFirstLevel/Content/Fab/Medieval_Env/Buildings/BuildingMeshes/SM_Wall_4m_07.ubulk" 2221
"D:/ProgrammazioneAvanzata/ImpetusFirstLevel/Content/Fab/Medieval_Env/Buildings/BuildingMeshes/SM_Wall_4m_07.uasset" 2222
"D:/ProgrammazioneAvanzata/ImpetusFirstLevel/Content/Fab/Medieval_Env/Buildings/BuildingMeshes/SM_Wall_4m_07.uexp" 2223
"D:/ProgrammazioneAvanzata/ImpetusFirstLevel/Content/Fab/Medieval_Env/Buildings/BuildingMeshes/SM_Wall_4m_06.ubulk" 2224
"D:/ProgrammazioneAvanzata/ImpetusFirstLevel/Content/Fab/Medieval_Env/Buildings/BuildingMeshes/SM_Wall_4m_06.uasset" 2225
"D:/ProgrammazioneAvanzata/ImpetusFirstLevel/Content/Fab/Medieval_Env/Buildings/BuildingMeshes/SM_Wall_4m_06.uexp" 2226
"D:/ProgrammazioneAvanzata/ImpetusFirstLevel/Content/Fab/Medieval_Env/Buildings/BuildingMeshes/SM_Wall_4m_05.ubulk" 2227
"D:/ProgrammazioneAvanzata/ImpetusFirstLevel/Content/Fab/Medieval_Env/Buildings/BuildingMeshes/SM_Wall_4m_05.uasset" 2228
"D:/ProgrammazioneAvanzata/ImpetusFirstLevel/Content/Fab/Medieval_Env/Buildings/BuildingMeshes/SM_Wall_4m_05.uexp" 2229
"D:/ProgrammazioneAvanzata/ImpetusFirstLevel/Content/Fab/Medieval_Env/Buildings/BuildingMeshes/SM_Wall_4m_04.ubulk" 2230
"D:/ProgrammazioneAvanzata/ImpetusFirstLevel/Content/Fab/Medieval_Env/Buildings/BuildingMeshes/SM_Wall_4m_04.uasset" 2231
"D:/ProgrammazioneAvanzata/ImpetusFirstLevel/Content/Fab/Medieval_Env/Buildings/BuildingMeshes/SM_Wall_4m_04.uexp" 2232
"D:/ProgrammazioneAvanzata/ImpetusFirstLevel/Content/Fab/Medieval_Env/Buildings/BuildingMeshes/SM_Wall_4m_03.ubulk" 2233
"D:/ProgrammazioneAvanzata/ImpetusFirstLevel/Content/Fab/Medieval_Env/Buildings/BuildingMeshes/SM_Wall_4m_03.uasset" 2234
"D:/ProgrammazioneAvanzata/ImpetusFirstLevel/Content/Fab/Medieval_Env/Buildings/BuildingMeshes/SM_Wall_4m_03.uexp" 2235
"D:/ProgrammazioneAvanzata/ImpetusFirstLevel/Content/Fab/Medieval_Env/Buildings/BuildingMeshes/SM_Wall_4m_01.ubulk" 2236
"D:/ProgrammazioneAvanzata/ImpetusFirstLevel/Content/Fab/Medieval_Env/Buildings/BuildingMeshes/SM_Wall_4m_01.uasset" 2237
"D:/ProgrammazioneAvanzata/ImpetusFirstLevel/Content/Fab/Medieval_Env/Buildings/BuildingMeshes/SM_Wall_4m_01.uexp" 2238
"D:/ProgrammazioneAvanzata/ImpetusFirstLevel/Content/Fab/Medieval_Env/Buildings/BuildingMeshes/SM_Wall_2m_09.ubulk" 2239
"D:/ProgrammazioneAvanzata/ImpetusFirstLevel/Content/Fab/Medieval_Env/Buildings/BuildingMeshes/SM_Wall_2m_09.uasset" 2240
"D:/ProgrammazioneAvanzata/ImpetusFirstLevel/Content/Fab/Medieval_Env/Buildings/BuildingMeshes/SM_Wall_2m_09.uexp" 2241
"D:/ProgrammazioneAvanzata/ImpetusFirstLevel/Content/Fab/Medieval_Env/Buildings/BuildingMeshes/SM_Wall_2m_08.ubulk" 2242
"D:/ProgrammazioneAvanzata/ImpetusFirstLevel/Content/Fab/Medieval_Env/Buildings/BuildingMeshes/SM_Wall_2m_08.uasset" 2243
"D:/ProgrammazioneAvanzata/ImpetusFirstLevel/Content/Fab/Medieval_Env/Buildings/BuildingMeshes/SM_Wall_2m_08.uexp" 2244
"D:/ProgrammazioneAvanzata/ImpetusFirstLevel/Content/Fab/Medieval_Env/Buildings/BuildingMeshes/SM_Wall_2m_05.ubulk" 2245
"D:/ProgrammazioneAvanzata/ImpetusFirstLevel/Content/Fab/Medieval_Env/Buildings/BuildingMeshes/SM_Wall_2m_05.uasset" 2246
"D:/ProgrammazioneAvanzata/ImpetusFirstLevel/Content/Fab/Medieval_Env/Buildings/BuildingMeshes/SM_Wall_2m_05.uexp" 2247
"D:/ProgrammazioneAvanzata/ImpetusFirstLevel/Content/Fab/Medieval_Env/Buildings/BuildingMeshes/SM_Wall_2m_04.ubulk" 2248
"D:/ProgrammazioneAvanzata/ImpetusFirstLevel/Content/Fab/Medieval_Env/Buildings/BuildingMeshes/SM_Wall_2m_04.uasset" 2249
"D:/ProgrammazioneAvanzata/ImpetusFirstLevel/Content/Fab/Medieval_Env/Buildings/BuildingMeshes/SM_Wall_2m_04.uexp" 2250
"D:/ProgrammazioneAvanzata/ImpetusFirstLevel/Content/Fab/Medieval_Env/Buildings/BuildingMeshes/SM_Wall_2m_03.ubulk" 2251
"D:/ProgrammazioneAvanzata/ImpetusFirstLevel/Content/Fab/Medieval_Env/Buildings/BuildingMeshes/SM_Wall_2m_03.uasset" 2252
"D:/ProgrammazioneAvanzata/ImpetusFirstLevel/Content/Fab/Medieval_Env/Buildings/BuildingMeshes/SM_Wall_2m_03.uexp" 2253
"D:/ProgrammazioneAvanzata/ImpetusFirstLevel/Content/Fab/Medieval_Env/Buildings/BuildingMeshes/SM_Wall_2m_02.ubulk" 2254
"D:/ProgrammazioneAvanzata/ImpetusFirstLevel/Content/Fab/Medieval_Env/Buildings/BuildingMeshes/SM_Wall_2m_02.uasset" 2255
"D:/ProgrammazioneAvanzata/ImpetusFirstLevel/Content/Fab/Medieval_Env/Buildings/BuildingMeshes/SM_Wall_2m_02.uexp" 2256
"D:/ProgrammazioneAvanzata/ImpetusFirstLevel/Content/Fab/Medieval_Env/Buildings/BuildingMeshes/SM_Wall_2m_01.ubulk" 2257
"D:/ProgrammazioneAvanzata/ImpetusFirstLevel/Content/Fab/Medieval_Env/Buildings/BuildingMeshes/SM_Wall_2m_01.uasset" 2258
"D:/ProgrammazioneAvanzata/ImpetusFirstLevel/Content/Fab/Medieval_Env/Buildings/BuildingMeshes/SM_Wall_2m_01.uexp" 2259
"D:/ProgrammazioneAvanzata/ImpetusFirstLevel/Content/Fab/Medieval_Env/Buildings/BuildingMeshes/SM_StoneStair_02.ubulk" 2260
"D:/ProgrammazioneAvanzata/ImpetusFirstLevel/Content/Fab/Medieval_Env/Buildings/BuildingMeshes/SM_StoneStair_02.uasset" 2261
"D:/ProgrammazioneAvanzata/ImpetusFirstLevel/Content/Fab/Medieval_Env/Buildings/BuildingMeshes/SM_StoneStair_02.uexp" 2262
"D:/ProgrammazioneAvanzata/ImpetusFirstLevel/Content/Fab/Medieval_Env/Buildings/BuildingMeshes/SM_StoneStair_01.ubulk" 2263
"D:/ProgrammazioneAvanzata/ImpetusFirstLevel/Content/Fab/Medieval_Env/Buildings/BuildingMeshes/SM_StoneStair_01.uasset" 2264
"D:/ProgrammazioneAvanzata/ImpetusFirstLevel/Content/Fab/Medieval_Env/Buildings/BuildingMeshes/SM_StoneStair_01.uexp" 2265
"D:/ProgrammazioneAvanzata/ImpetusFirstLevel/Content/Fab/Medieval_Env/Buildings/BuildingMeshes/SM_SquareRoof_01.ubulk" 2266
"D:/ProgrammazioneAvanzata/ImpetusFirstLevel/Content/Fab/Medieval_Env/Buildings/BuildingMeshes/SM_SquareRoof_01.uasset" 2267
"D:/ProgrammazioneAvanzata/ImpetusFirstLevel/Content/Fab/Medieval_Env/Buildings/BuildingMeshes/SM_SquareRoof_01.uexp" 2268
"D:/ProgrammazioneAvanzata/ImpetusFirstLevel/Content/Fab/Medieval_Env/Buildings/BuildingMeshes/SM_Roof_Window_01.ubulk" 2269
"D:/ProgrammazioneAvanzata/ImpetusFirstLevel/Content/Fab/Medieval_Env/Buildings/BuildingMeshes/SM_Roof_Window_01.uasset" 2270
"D:/ProgrammazioneAvanzata/ImpetusFirstLevel/Content/Fab/Medieval_Env/Buildings/BuildingMeshes/SM_Roof_Window_01.uexp" 2271
"D:/ProgrammazioneAvanzata/ImpetusFirstLevel/Content/Fab/Medieval_Env/Buildings/BuildingMeshes/SM_Roof_Plane_4m_2m.ubulk" 2272
"D:/ProgrammazioneAvanzata/ImpetusFirstLevel/Content/Fab/Medieval_Env/Buildings/BuildingMeshes/SM_Roof_Plane_4m_2m.uasset" 2273
"D:/ProgrammazioneAvanzata/ImpetusFirstLevel/Content/Fab/Medieval_Env/Buildings/BuildingMeshes/SM_Roof_Plane_4m_2m.uexp" 2274
"D:/ProgrammazioneAvanzata/ImpetusFirstLevel/Content/Fab/Medieval_Env/Buildings/BuildingMeshes/SM_Roof_Plane_4m_02.ubulk" 2275
"D:/ProgrammazioneAvanzata/ImpetusFirstLevel/Content/Fab/Medieval_Env/Buildings/BuildingMeshes/SM_Roof_Plane_4m_02.uasset" 2276
"D:/ProgrammazioneAvanzata/ImpetusFirstLevel/Content/Fab/Medieval_Env/Buildings/BuildingMeshes/SM_Roof_Plane_4m_02.uexp" 2277
"D:/ProgrammazioneAvanzata/ImpetusFirstLevel/Content/Fab/Medieval_Env/Buildings/BuildingMeshes/SM_Roof_Plane_4m_01.ubulk" 2278
"D:/ProgrammazioneAvanzata/ImpetusFirstLevel/Content/Fab/Medieval_Env/Buildings/BuildingMeshes/SM_Roof_Plane_4m_01.uasset" 2279
"D:/ProgrammazioneAvanzata/ImpetusFirstLevel/Content/Fab/Medieval_Env/Buildings/BuildingMeshes/SM_Roof_Plane_4m_01.uexp" 2280
"D:/ProgrammazioneAvanzata/ImpetusFirstLevel/Content/Fab/Medieval_Env/Buildings/Materials/MI_RoofTileable_2.uasset" 2281
"D:/ProgrammazioneAvanzata/ImpetusFirstLevel/Content/Fab/Medieval_Env/Buildings/Materials/MI_RoofTileable_2.uexp" 2282
"D:/ProgrammazioneAvanzata/ImpetusFirstLevel/Content/Fab/Medieval_Env/Buildings/BuildingMeshes/SM_Roof_Plane_2m_01.ubulk" 2283
"D:/ProgrammazioneAvanzata/ImpetusFirstLevel/Content/Fab/Medieval_Env/Buildings/BuildingMeshes/SM_Roof_Plane_2m_01.uasset" 2284
"D:/ProgrammazioneAvanzata/ImpetusFirstLevel/Content/Fab/Medieval_Env/Buildings/BuildingMeshes/SM_Roof_Plane_2m_01.uexp" 2285
"D:/ProgrammazioneAvanzata/ImpetusFirstLevel/Content/Fab/Medieval_Env/Buildings/BuildingMeshes/SM_Roof_8m_01.ubulk" 2286
"D:/ProgrammazioneAvanzata/ImpetusFirstLevel/Content/Fab/Medieval_Env/Buildings/BuildingMeshes/SM_Roof_8m_01.uasset" 2287
"D:/ProgrammazioneAvanzata/ImpetusFirstLevel/Content/Fab/Medieval_Env/Buildings/BuildingMeshes/SM_Roof_8m_01.uexp" 2288
"D:/ProgrammazioneAvanzata/ImpetusFirstLevel/Content/Fab/Medieval_Env/Buildings/BuildingMeshes/SM_Roof_4m_02_End.ubulk" 2289
"D:/ProgrammazioneAvanzata/ImpetusFirstLevel/Content/Fab/Medieval_Env/Buildings/BuildingMeshes/SM_Roof_4m_02_End.uasset" 2290
"D:/ProgrammazioneAvanzata/ImpetusFirstLevel/Content/Fab/Medieval_Env/Buildings/BuildingMeshes/SM_Roof_4m_02_End.uexp" 2291
"D:/ProgrammazioneAvanzata/ImpetusFirstLevel/Content/Fab/Medieval_Env/Buildings/BuildingMeshes/SM_Roof_2m_End_1.ubulk" 2292
"D:/ProgrammazioneAvanzata/ImpetusFirstLevel/Content/Fab/Medieval_Env/Buildings/BuildingMeshes/SM_Roof_2m_End_1.uasset" 2293
"D:/ProgrammazioneAvanzata/ImpetusFirstLevel/Content/Fab/Medieval_Env/Buildings/BuildingMeshes/SM_Roof_2m_End_1.uexp" 2294
"D:/ProgrammazioneAvanzata/ImpetusFirstLevel/Content/Fab/Medieval_Env/Buildings/BuildingMeshes/SM_Floor_Corner_4m.ubulk" 2295
"D:/ProgrammazioneAvanzata/ImpetusFirstLevel/Content/Fab/Medieval_Env/Buildings/BuildingMeshes/SM_Floor_Corner_4m.uasset" 2296
"D:/ProgrammazioneAvanzata/ImpetusFirstLevel/Content/Fab/Medieval_Env/Buildings/BuildingMeshes/SM_Floor_Corner_4m.uexp" 2297
"D:/ProgrammazioneAvanzata/ImpetusFirstLevel/Content/Fab/Medieval_Env/Buildings/BuildingMeshes/SM_Floor_Circle.ubulk" 2298
"D:/ProgrammazioneAvanzata/ImpetusFirstLevel/Content/Fab/Medieval_Env/Buildings/BuildingMeshes/SM_Floor_Circle.uasset" 2299
"D:/ProgrammazioneAvanzata/ImpetusFirstLevel/Content/Fab/Medieval_Env/Buildings/BuildingMeshes/SM_Floor_Circle.uexp" 2300
"D:/ProgrammazioneAvanzata/ImpetusFirstLevel/Content/Fab/Medieval_Env/Buildings/Materials/M_Metal.uasset" 2301
"D:/ProgrammazioneAvanzata/ImpetusFirstLevel/Content/Fab/Medieval_Env/Buildings/Materials/M_Metal.uexp" 2302
"D:/ProgrammazioneAvanzata/ImpetusFirstLevel/Content/Fab/Medieval_Env/Buildings/Materials/MI_Metal.uasset" 2303
"D:/ProgrammazioneAvanzata/ImpetusFirstLevel/Content/Fab/Medieval_Env/Buildings/Materials/MI_Metal.uexp" 2304
"D:/ProgrammazioneAvanzata/ImpetusFirstLevel/Content/Fab/Medieval_Env/Buildings/BuildingMeshes/SM_Door_4m_Top.ubulk" 2305
"D:/ProgrammazioneAvanzata/ImpetusFirstLevel/Content/Fab/Medieval_Env/Buildings/BuildingMeshes/SM_Door_4m_Top.uasset" 2306
"D:/ProgrammazioneAvanzata/ImpetusFirstLevel/Content/Fab/Medieval_Env/Buildings/BuildingMeshes/SM_Door_4m_Top.uexp" 2307
"D:/ProgrammazioneAvanzata/ImpetusFirstLevel/Content/Fab/Medieval_Env/Buildings/BuildingMeshes/SM_Door_4m_01.ubulk" 2308
"D:/ProgrammazioneAvanzata/ImpetusFirstLevel/Content/Fab/Medieval_Env/Buildings/BuildingMeshes/SM_Door_4m_01.uasset" 2309
"D:/ProgrammazioneAvanzata/ImpetusFirstLevel/Content/Fab/Medieval_Env/Buildings/BuildingMeshes/SM_Door_4m_01.uexp" 2310
"D:/ProgrammazioneAvanzata/ImpetusFirstLevel/Content/Fab/Medieval_Env/Buildings/BuildingMeshes/SM_Door_2m_Top.ubulk" 2311
"D:/ProgrammazioneAvanzata/ImpetusFirstLevel/Content/Fab/Medieval_Env/Buildings/BuildingMeshes/SM_Door_2m_Top.uasset" 2312
"D:/ProgrammazioneAvanzata/ImpetusFirstLevel/Content/Fab/Medieval_Env/Buildings/BuildingMeshes/SM_Door_2m_Top.uexp" 2313
"D:/ProgrammazioneAvanzata/ImpetusFirstLevel/Content/Fab/Medieval_Env/Buildings/BuildingMeshes/SM_Cylinder_Wall_Roof_06.ubulk" 2314
"D:/ProgrammazioneAvanzata/ImpetusFirstLevel/Content/Fab/Medieval_Env/Buildings/BuildingMeshes/SM_Cylinder_Wall_Roof_06.uasset" 2315
"D:/ProgrammazioneAvanzata/ImpetusFirstLevel/Content/Fab/Medieval_Env/Buildings/BuildingMeshes/SM_Cylinder_Wall_Roof_06.uexp" 2316
"D:/ProgrammazioneAvanzata/ImpetusFirstLevel/Content/Fab/Medieval_Env/Buildings/BuildingMeshes/SM_Cylinder_Wall_Roof_03.ubulk" 2317
"D:/ProgrammazioneAvanzata/ImpetusFirstLevel/Content/Fab/Medieval_Env/Buildings/BuildingMeshes/SM_Cylinder_Wall_Roof_03.uasset" 2318
"D:/ProgrammazioneAvanzata/ImpetusFirstLevel/Content/Fab/Medieval_Env/Buildings/BuildingMeshes/SM_Cylinder_Wall_Roof_03.uexp" 2319
"D:/ProgrammazioneAvanzata/ImpetusFirstLevel/Content/Fab/Medieval_Env/Buildings/BuildingMeshes/SM_Cylinder_Wall_Roof_01.ubulk" 2320
"D:/ProgrammazioneAvanzata/ImpetusFirstLevel/Content/Fab/Medieval_Env/Buildings/BuildingMeshes/SM_Cylinder_Wall_Roof_01.uasset" 2321
"D:/ProgrammazioneAvanzata/ImpetusFirstLevel/Content/Fab/Medieval_Env/Buildings/BuildingMeshes/SM_Cylinder_Wall_Roof_01.uexp" 2322
"D:/ProgrammazioneAvanzata/ImpetusFirstLevel/Content/Fab/Medieval_Env/Buildings/BuildingMeshes/SM_Cylinder_Wall_Base.ubulk" 2323
"D:/ProgrammazioneAvanzata/ImpetusFirstLevel/Content/Fab/Medieval_Env/Buildings/BuildingMeshes/SM_Cylinder_Wall_Base.uasset" 2324
"D:/ProgrammazioneAvanzata/ImpetusFirstLevel/Content/Fab/Medieval_Env/Buildings/BuildingMeshes/SM_Cylinder_Wall_Base.uexp" 2325
"D:/ProgrammazioneAvanzata/ImpetusFirstLevel/Content/Fab/Medieval_Env/Buildings/BuildingMeshes/SM_Cylinder_Wall_04.ubulk" 2326
"D:/ProgrammazioneAvanzata/ImpetusFirstLevel/Content/Fab/Medieval_Env/Buildings/BuildingMeshes/SM_Cylinder_Wall_04.uasset" 2327
"D:/ProgrammazioneAvanzata/ImpetusFirstLevel/Content/Fab/Medieval_Env/Buildings/BuildingMeshes/SM_Cylinder_Wall_04.uexp" 2328
"D:/ProgrammazioneAvanzata/ImpetusFirstLevel/Content/Fab/Medieval_Env/Buildings/BuildingMeshes/SM_Butress_Top.ubulk" 2329
"D:/ProgrammazioneAvanzata/ImpetusFirstLevel/Content/Fab/Medieval_Env/Buildings/BuildingMeshes/SM_Butress_Top.uasset" 2330
"D:/ProgrammazioneAvanzata/ImpetusFirstLevel/Content/Fab/Medieval_Env/Buildings/BuildingMeshes/SM_Butress_Top.uexp" 2331
"D:/ProgrammazioneAvanzata/ImpetusFirstLevel/Content/Fab/Medieval_Env/Buildings/BuildingMeshes/SM_Butress_Addition_01.ubulk" 2332
"D:/ProgrammazioneAvanzata/ImpetusFirstLevel/Content/Fab/Medieval_Env/Buildings/BuildingMeshes/SM_Butress_Addition_01.uasset" 2333
"D:/ProgrammazioneAvanzata/ImpetusFirstLevel/Content/Fab/Medieval_Env/Buildings/BuildingMeshes/SM_Butress_Addition_01.uexp" 2334
"D:/ProgrammazioneAvanzata/ImpetusFirstLevel/Content/Fab/Game_ready_grass/game_ready_grass/Textures/game_ready_grass_texture_0.ubulk" 2335
"D:/ProgrammazioneAvanzata/ImpetusFirstLevel/Content/Fab/Game_ready_grass/game_ready_grass/Textures/game_ready_grass_texture_0.uasset" 2336
"D:/ProgrammazioneAvanzata/ImpetusFirstLevel/Content/Fab/Game_ready_grass/game_ready_grass/Textures/game_ready_grass_texture_0.uexp" 2337
"D:/ProgrammazioneAvanzata/ImpetusFirstLevel/Content/Fab/Game_ready_grass/game_ready_grass/Materials/trasparent_grass4.uasset" 2338
"D:/ProgrammazioneAvanzata/ImpetusFirstLevel/Content/Fab/Game_ready_grass/game_ready_grass/Materials/trasparent_grass4.uexp" 2339
"D:/ProgrammazioneAvanzata/ImpetusFirstLevel/Content/Fab/Game_ready_grass/game_ready_grass/Textures/game_ready_grass_texture_1.ubulk" 2340
"D:/ProgrammazioneAvanzata/ImpetusFirstLevel/Content/Fab/Game_ready_grass/game_ready_grass/Textures/game_ready_grass_texture_1.uasset" 2341
"D:/ProgrammazioneAvanzata/ImpetusFirstLevel/Content/Fab/Game_ready_grass/game_ready_grass/Textures/game_ready_grass_texture_1.uexp" 2342
"D:/ProgrammazioneAvanzata/ImpetusFirstLevel/Content/Fab/Game_ready_grass/game_ready_grass/Materials/trasparent_grass3.uasset" 2343
"D:/ProgrammazioneAvanzata/ImpetusFirstLevel/Content/Fab/Game_ready_grass/game_ready_grass/Materials/trasparent_grass3.uexp" 2344
"D:/ProgrammazioneAvanzata/ImpetusFirstLevel/Content/Fab/Game_ready_grass/game_ready_grass/Textures/game_ready_grass_texture_2.ubulk" 2345
"D:/ProgrammazioneAvanzata/ImpetusFirstLevel/Content/Fab/Game_ready_grass/game_ready_grass/Textures/game_ready_grass_texture_2.uasset" 2346
"D:/ProgrammazioneAvanzata/ImpetusFirstLevel/Content/Fab/Game_ready_grass/game_ready_grass/Textures/game_ready_grass_texture_2.uexp" 2347
"D:/ProgrammazioneAvanzata/ImpetusFirstLevel/Content/Fab/Game_ready_grass/game_ready_grass/Materials/trasparent_grass2.uasset" 2348
"D:/ProgrammazioneAvanzata/ImpetusFirstLevel/Content/Fab/Game_ready_grass/game_ready_grass/Materials/trasparent_grass2.uexp" 2349
"D:/ProgrammazioneAvanzata/ImpetusFirstLevel/Content/Fab/Game_ready_grass/game_ready_grass/Textures/game_ready_grass_texture_3.ubulk" 2350
"D:/ProgrammazioneAvanzata/ImpetusFirstLevel/Content/Fab/Game_ready_grass/game_ready_grass/Textures/game_ready_grass_texture_3.uasset" 2351
"D:/ProgrammazioneAvanzata/ImpetusFirstLevel/Content/Fab/Game_ready_grass/game_ready_grass/Textures/game_ready_grass_texture_3.uexp" 2352
"D:/ProgrammazioneAvanzata/ImpetusFirstLevel/Content/Fab/Game_ready_grass/game_ready_grass/Materials/trasparent_grass1.uasset" 2353
"D:/ProgrammazioneAvanzata/ImpetusFirstLevel/Content/Fab/Game_ready_grass/game_ready_grass/Materials/trasparent_grass1.uexp" 2354
"D:/ProgrammazioneAvanzata/ImpetusFirstLevel/Content/Fab/Game_ready_grass/game_ready_grass/StaticMeshes/game_ready_grass.ubulk" 2355
"D:/ProgrammazioneAvanzata/ImpetusFirstLevel/Content/Fab/Game_ready_grass/game_ready_grass/StaticMeshes/game_ready_grass.uasset" 2356
"D:/ProgrammazioneAvanzata/ImpetusFirstLevel/Content/Fab/Game_ready_grass/game_ready_grass/StaticMeshes/game_ready_grass.uexp" 2357
"D:/ProgrammazioneAvanzata/ImpetusFirstLevel/Content/Fab/DEMOFlowerpack/Textures/T_DEMOAtlas_Flowerpack.uasset" 2358
"D:/ProgrammazioneAvanzata/ImpetusFirstLevel/Content/Fab/DEMOFlowerpack/Textures/T_DEMOAtlas_Flowerpack.uexp" 2359
"D:/ProgrammazioneAvanzata/ImpetusFirstLevel/Content/Fab/DEMOFlowerpack/Material/M_DEMOFlowerpack_Atlas.uasset" 2360
"D:/ProgrammazioneAvanzata/ImpetusFirstLevel/Content/Fab/DEMOFlowerpack/Material/M_DEMOFlowerpack_Atlas.uexp" 2361
"D:/ProgrammazioneAvanzata/ImpetusFirstLevel/Content/Fab/DEMOFlowerpack/StaticMesh/SM_Rose_Red_Open.ubulk" 2362
"D:/ProgrammazioneAvanzata/ImpetusFirstLevel/Content/Fab/DEMOFlowerpack/StaticMesh/SM_Rose_Red_Open.uasset" 2363
"D:/ProgrammazioneAvanzata/ImpetusFirstLevel/Content/Fab/DEMOFlowerpack/StaticMesh/SM_Rose_Red_Open.uexp" 2364
"D:/ProgrammazioneAvanzata/ImpetusFirstLevel/Content/Fab/DEMOFlowerpack/StaticMesh/SM_Rose_Black_Open.ubulk" 2365
"D:/ProgrammazioneAvanzata/ImpetusFirstLevel/Content/Fab/DEMOFlowerpack/StaticMesh/SM_Rose_Black_Open.uasset" 2366
"D:/ProgrammazioneAvanzata/ImpetusFirstLevel/Content/Fab/DEMOFlowerpack/StaticMesh/SM_Rose_Black_Open.uexp" 2367
"D:/ProgrammazioneAvanzata/ImpetusFirstLevel/Content/Fab/DEMOFlowerpack/StaticMesh/SM_Hyacinth_PastellBlue_Big.ubulk" 2368
"D:/ProgrammazioneAvanzata/ImpetusFirstLevel/Content/Fab/DEMOFlowerpack/StaticMesh/SM_Hyacinth_PastellBlue_Big.uasset" 2369
"D:/ProgrammazioneAvanzata/ImpetusFirstLevel/Content/Fab/DEMOFlowerpack/StaticMesh/SM_Hyacinth_PastellBlue_Big.uexp" 2370
"D:/ProgrammazioneAvanzata/ImpetusFirstLevel/Content/Fab/DEMOFlowerpack/StaticMesh/SM_Dandelion_Small.ubulk" 2371
"D:/ProgrammazioneAvanzata/ImpetusFirstLevel/Content/Fab/DEMOFlowerpack/StaticMesh/SM_Dandelion_Small.uasset" 2372
"D:/ProgrammazioneAvanzata/ImpetusFirstLevel/Content/Fab/DEMOFlowerpack/StaticMesh/SM_Dandelion_Small.uexp" 2373
"D:/ProgrammazioneAvanzata/ImpetusFirstLevel/Content/Fab/DEMOFlowerpack/StaticMesh/SM_Daisy_Single.ubulk" 2374
"D:/ProgrammazioneAvanzata/ImpetusFirstLevel/Content/Fab/DEMOFlowerpack/StaticMesh/SM_Daisy_Single.uasset" 2375
"D:/ProgrammazioneAvanzata/ImpetusFirstLevel/Content/Fab/DEMOFlowerpack/StaticMesh/SM_Daisy_Single.uexp" 2376
"D:/ProgrammazioneAvanzata/ImpetusFirstLevel/Content/Audio/medieval-ambient-236809.ubulk" 2377
"D:/ProgrammazioneAvanzata/ImpetusFirstLevel/Content/Audio/medieval-ambient-236809.uasset" 2378
"D:/ProgrammazioneAvanzata/ImpetusFirstLevel/Content/Audio/medieval-ambient-236809.uexp" 2379
"D:/ProgrammazioneAvanzata/ImpetusFirstLevel/Content/Levels/Level2_Map_sharedassets/Rock_LayerInfo.uasset" 2380
"D:/ProgrammazioneAvanzata/ImpetusFirstLevel/Content/Levels/Level2_Map_sharedassets/Rock_LayerInfo.uexp" 2381
"D:/ProgrammazioneAvanzata/ImpetusFirstLevel/Content/Levels/Level2_Map_sharedassets/Road_LayerInfo.uasset" 2382
"D:/ProgrammazioneAvanzata/ImpetusFirstLevel/Content/Levels/Level2_Map_sharedassets/Road_LayerInfo.uexp" 2383
"D:/ProgrammazioneAvanzata/ImpetusFirstLevel/Content/Levels/Level2_Map_sharedassets/Grass_LayerInfo.uasset" 2384
"D:/ProgrammazioneAvanzata/ImpetusFirstLevel/Content/Levels/Level2_Map_sharedassets/Grass_LayerInfo.uexp" 2385
"D:/ProgrammazioneAvanzata/ImpetusFirstLevel/Content/Fab/Medieval_Env/Buildings/BuildingMeshes/SM_BigOpeningBar.ubulk" 2386
"D:/ProgrammazioneAvanzata/ImpetusFirstLevel/Content/Fab/Medieval_Env/Buildings/BuildingMeshes/SM_BigOpeningBar.uasset" 2387
"D:/ProgrammazioneAvanzata/ImpetusFirstLevel/Content/Fab/Medieval_Env/Buildings/BuildingMeshes/SM_BigOpeningBar.uexp" 2388
"D:/ProgrammazioneAvanzata/ImpetusFirstLevel/Content/Audio/SA_Gate.uasset" 2389
"D:/ProgrammazioneAvanzata/ImpetusFirstLevel/Content/Audio/SA_Gate.uexp" 2390
"D:/ProgrammazioneAvanzata/ImpetusFirstLevel/Content/Audio/unlocking-metal-door-44281.ubulk" 2391
"D:/ProgrammazioneAvanzata/ImpetusFirstLevel/Content/Audio/unlocking-metal-door-44281.uasset" 2392
"D:/ProgrammazioneAvanzata/ImpetusFirstLevel/Content/Audio/unlocking-metal-door-44281.uexp" 2393
"D:/ProgrammazioneAvanzata/ImpetusFirstLevel/Content/BP/GateBP.uasset" 2394
"D:/ProgrammazioneAvanzata/ImpetusFirstLevel/Content/BP/GateBP.uexp" 2395
"D:/ProgrammazioneAvanzata/ImpetusFirstLevel/Content/BP/FloatingCrownBP.uasset" 2396
"D:/ProgrammazioneAvanzata/ImpetusFirstLevel/Content/BP/FloatingCrownBP.uexp" 2397
"D:/ProgrammazioneAvanzata/ImpetusFirstLevel/Content/BP/Objects/Weapons/FloatingMythicSword.uasset" 2398
"D:/ProgrammazioneAvanzata/ImpetusFirstLevel/Content/BP/Objects/Weapons/FloatingMythicSword.uexp" 2399
"D:/ProgrammazioneAvanzata/ImpetusFirstLevel/Content/Fab/Medieval_Env/Buildings/BuildingMeshes/SM_BigDoor_1.ubulk" 2400
"D:/ProgrammazioneAvanzata/ImpetusFirstLevel/Content/Fab/Medieval_Env/Buildings/BuildingMeshes/SM_BigDoor_1.uasset" 2401
"D:/ProgrammazioneAvanzata/ImpetusFirstLevel/Content/Fab/Medieval_Env/Buildings/BuildingMeshes/SM_BigDoor_1.uexp" 2402
"D:/ProgrammazioneAvanzata/ImpetusFirstLevel/Content/BP/Door1BP.uasset" 2403
"D:/ProgrammazioneAvanzata/ImpetusFirstLevel/Content/BP/Door1BP.uexp" 2404
"D:/ProgrammazioneAvanzata/ImpetusFirstLevel/Content/Fab/Medieval_Env/Buildings/BuildingMeshes/SM_BigDoor_2.ubulk" 2405
"D:/ProgrammazioneAvanzata/ImpetusFirstLevel/Content/Fab/Medieval_Env/Buildings/BuildingMeshes/SM_BigDoor_2.uasset" 2406
"D:/ProgrammazioneAvanzata/ImpetusFirstLevel/Content/Fab/Medieval_Env/Buildings/BuildingMeshes/SM_BigDoor_2.uexp" 2407
"D:/ProgrammazioneAvanzata/ImpetusFirstLevel/Content/BP/Door2BP.uasset" 2408
"D:/ProgrammazioneAvanzata/ImpetusFirstLevel/Content/BP/Door2BP.uexp" 2409
"D:/ProgrammazioneAvanzata/ImpetusFirstLevel/Content/Fab/Medieval_Env/Buildings/BuildingMeshes/SM_BigDoor_Top.ubulk" 2410
"D:/ProgrammazioneAvanzata/ImpetusFirstLevel/Content/Fab/Medieval_Env/Buildings/BuildingMeshes/SM_BigDoor_Top.uasset" 2411
"D:/ProgrammazioneAvanzata/ImpetusFirstLevel/Content/Fab/Medieval_Env/Buildings/BuildingMeshes/SM_BigDoor_Top.uexp" 2412
"D:/ProgrammazioneAvanzata/ImpetusFirstLevel/Content/BP/DoorTopBP.uasset" 2413
"D:/ProgrammazioneAvanzata/ImpetusFirstLevel/Content/BP/DoorTopBP.uexp" 2414
"D:/ProgrammazioneAvanzata/ImpetusFirstLevel/Content/Levels/Level2_Map.uexp" 2415
"D:/ProgrammazioneAvanzata/ImpetusFirstLevel/Content/Levels/Level2_Map.ubulk" 2416
"D:/ProgrammazioneAvanzata/ImpetusFirstLevel/Content/Levels/Level2_Map.umap" 2417
"../../../Engine/Content/Maps/Entry_BuiltData.uasset" 2418
"../../../Engine/Content/Maps/Entry_BuiltData.uexp" 2419
"../../../Engine/Content/Maps/Entry.uexp" 2420
"../../../Engine/Content/Maps/Entry.umap" 2421
