"D:/ProgrammazioneAvanzata/ImpetusFirstLevel/ImpetusFirstLevel.uproject" 1
"../../../../ProgrammazioneAvanzata/ImpetusFirstLevel/Binaries/Win64/UnrealEditor.modules" 2
"../../../Engine/Plugins/AudioGameplayVolume/AudioGameplayVolume.uplugin" 3
"../../../Engine/Plugins/AudioGameplay/AudioGameplay.uplugin" 4
"../../../Engine/Plugins/AudioInsights/AudioInsights.uplugin" 5
"../../../Engine/Plugins/BlueprintFileUtils/BlueprintFileUtils.uplugin" 6
"../../../Engine/Plugins/ChaosClothAsset/ChaosClothAsset.uplugin" 7
"../../../Engine/Plugins/ChaosClothAssetEditor/ChaosClothAssetEditor.uplugin" 8
"../../../Engine/Plugins/ChaosCloth/ChaosCloth.uplugin" 9
"../../../Engine/Plugins/ChaosVD/ChaosVD.uplugin" 10
"../../../Engine/Plugins/Bridge/Bridge.uplugin" 11
"../../../Engine/Plugins/ChaosInsights/ChaosInsights.uplugin" 12
"../../../Engine/Plugins/Chooser/Chooser.uplugin" 13
"../../../Engine/Plugins/EnhancedInput/EnhancedInput.uplugin" 14
"../../../Engine/Plugins/CmdLinkServer/CmdLinkServer.uplugin" 15
"../../../Engine/Plugins/Fab/Fab.uplugin" 16
"../../../Engine/Plugins/DiscoveryBeaconReceiver/DiscoveryBeaconReceiver.uplugin" 17
"../../../Engine/Plugins/JsonBlueprintUtilities/JsonBlueprintUtilities.uplugin" 18
"../../../Engine/Plugins/MeshPainting/MeshPainting.uplugin" 19
"../../../Engine/Plugins/IoStoreInsights/IoStoreInsights.uplugin" 20
"../../../Engine/Plugins/LightWeightInstancesEditor/LightWeightInstancesEditor.uplugin" 21
"../../../Engine/Plugins/MassInsights/MassInsights.uplugin" 22
"../../../Engine/Plugins/FastBuildController/FastBuildController.uplugin" 23
"../../../Engine/Plugins/RenderGraphInsights/RenderGraphInsights.uplugin" 24
"../../../Engine/Plugins/MemoryUsageQueries/MemoryUsageQueries.uplugin" 25
"../../../Engine/Plugins/UbaController/UbaController.uplugin" 26
"../../../Engine/Plugins/PCG/PCG.uplugin" 27
"../../../Engine/Plugins/ScriptPlugin/ScriptPlugin.uplugin" 28
"../../../Engine/Plugins/WorldMetrics/WorldMetrics.uplugin" 29
"../../../Engine/Plugins/Mutable/Mutable.uplugin" 30
"../../../Engine/Plugins/XGEController/XGEController.uplugin" 31
"../../../Engine/Plugins/Importers/AlembicHairImporter/AlembicHairImporter.uplugin" 32
"../../../Engine/Plugins/TraceUtilities/TraceUtilities.uplugin" 33
"../../../Engine/Plugins/Importers/AlembicImporter/AlembicImporter.uplugin" 34
"../../../Engine/Plugins/Importers/USDImporterMDL/USDImporterMDL.uplugin" 35
"../../../Engine/Plugins/Importers/USDMultiUser/USDMultiUser.uplugin" 36
"../../../Engine/Plugins/MetaHuman/MetaHumanAnimator/MetaHuman.uplugin" 37
"../../../Engine/Plugins/MetaHuman/MetaHumanCalibrationProcessing/MetaHumanCalibrationProcessing.uplugin" 38
"../../../Engine/Plugins/Importers/USDImporter/USDImporter.uplugin" 39
"../../../Engine/Plugins/TextureGraph/TextureGraph.uplugin" 40
"../../../Engine/Plugins/MetaHuman/MetaHumanCharacter/MetaHumanCharacter.uplugin" 41
"../../../Engine/Plugins/MetaHuman/MetaHumanLiveLink/MetaHumanLiveLink.uplugin" 42
"../../../Engine/Plugins/MetaHuman/MetaHumanSDK/MetaHumanSDK.uplugin" 43
"../../../Engine/Plugins/MetaHuman/MetaHumanCoreTechLib/MetaHumanCoreTech.uplugin" 44
"../../../Engine/Plugins/NetcodeUnitTest/NetcodeUnitTest/NetcodeUnitTest.uplugin" 45
"../../../Engine/Plugins/NetcodeUnitTest/NUTUnrealEngine/NUTUnrealEngine.uplugin" 46
"../../../Engine/Plugins/Online/EOSOverlayInputProvider/EOSOverlayInputProvider.uplugin" 47
"../../../Engine/Plugins/Online/EOSShared/EOSShared.uplugin" 48
"../../../Engine/Plugins/Online/OnlineServices/OnlineServices.uplugin" 49
"../../../Engine/Plugins/Online/OnlineServicesEOS/OnlineServicesEOS.uplugin" 50
"../../../Engine/Plugins/Online/OnlineFramework/OnlineFramework.uplugin" 51
"../../../Engine/Plugins/Online/OnlineServicesEpicCommon/OnlineServicesEpicCommon.uplugin" 52
"../../../Engine/Plugins/Online/OnlineServicesOSSAdapter/OnlineServicesOSSAdapter.uplugin" 53
"../../../Engine/Plugins/Online/OnlineSubsystemAmazon/OnlineSubsystemAmazon.uplugin" 54
"../../../Engine/Plugins/Online/OnlineSubsystemApple/OnlineSubsystemApple.uplugin" 55
"../../../Engine/Plugins/Online/OnlineServicesNull/OnlineServicesNull.uplugin" 56
"../../../Engine/Plugins/Online/OnlineSubsystemNull/OnlineSubsystemNull.uplugin" 57
"../../../Engine/Plugins/Online/OnlineSubsystem/OnlineSubsystem.uplugin" 58
"../../../Engine/Plugins/Online/OnlineSubsystemGoogle/OnlineSubsystemGoogle.uplugin" 59
"../../../Engine/Plugins/Online/OnlineServicesEOSGS/OnlineServicesEOSGS.uplugin" 60
"../../../Engine/Plugins/Online/OnlineSubsystemFacebook/OnlineSubsystemFacebook.uplugin" 61
"../../../Engine/Plugins/Online/OnlineSubsystemUtils/OnlineSubsystemUtils.uplugin" 62
"../../../Engine/Plugins/Online/OnlineSubsystemSteam/OnlineSubsystemSteam.uplugin" 63
"../../../Engine/Plugins/Online/SocketSubsystemEOS/SocketSubsystemEOS.uplugin" 64
"../../../Engine/Plugins/Online/SocketSubsystemSteamIP/SocketSubsystemSteamIP.uplugin" 65
"../../../Engine/Plugins/PCGInterops/PCGExternalDataInterop/PCGExternalDataInterop.uplugin" 66
"../../../Engine/Plugins/Online/OnlineBase/OnlineBase.uplugin" 67
"../../../Engine/Plugins/Online/WebAuth/WebAuth.uplugin" 68
"../../../Engine/Plugins/Portal/LauncherChunkInstaller/LauncherChunkInstaller.uplugin" 69
"../../../Engine/Plugins/PCGInterops/PCGGeometryScriptInterop/PCGGeometryScriptInterop.uplugin" 70
"../../../Engine/Plugins/Slate/SlateScripting/SlateScripting.uplugin" 71
"../../../Engine/Plugins/Web/HttpBlueprint/HttpBlueprint.uplugin" 72
"../../../Engine/Plugins/AI/AISupport/AISupport.uplugin" 73
"../../../Engine/Plugins/2D/Paper2D/Paper2D.uplugin" 74
"../../../Engine/Plugins/AI/EnvironmentQueryEditor/EnvironmentQueryEditor.uplugin" 75
"../../../Engine/Plugins/AI/HTNPlanner/HTNPlanner.uplugin" 76
"../../../Engine/Plugins/AI/MassAI/MassAI.uplugin" 77
"../../../Engine/Plugins/Online/OnlineSubsystemEOS/OnlineSubsystemEOS.uplugin" 78
"../../../Engine/Plugins/Slate/SlateInsights/SlateInsights.uplugin" 79
"../../../Engine/Plugins/AI/MassCrowd/MassCrowd.uplugin" 80
"../../../Engine/Plugins/AI/MLAdapter/MLAdapter.uplugin" 81
"../../../Engine/Plugins/Online/OnlineSubsystemTencent/OnlineSubsystemTencent.uplugin" 82
"../../../Engine/Plugins/Animation/ACLPlugin/ACLPlugin.uplugin" 83
"../../../Engine/Plugins/Animation/AnimationData/AnimationData.uplugin" 84
"../../../Engine/Plugins/Animation/AnimationWarping/AnimationWarping.uplugin" 85
"../../../Engine/Plugins/Animation/AnimationModifierLibrary/AnimationModifierLibrary.uplugin" 86
"../../../Engine/Plugins/Animation/AnimatorKit/AnimatorKit.uplugin" 87
"../../../Engine/Plugins/Animation/BlendSpaceMotionAnalysis/BlendSpaceMotionAnalysis.uplugin" 88
"../../../Engine/Plugins/Animation/BlendStack/BlendStack.uplugin" 89
"../../../Engine/Plugins/Animation/ControlRigModules/ControlRigModules.uplugin" 90
"../../../Engine/Plugins/Animation/ControlRig/ControlRig.uplugin" 91
"../../../Engine/Plugins/Animation/DeformerGraph/DeformerGraph.uplugin" 92
"../../../Engine/Plugins/Animation/ControlRigSpline/ControlRigSpline.uplugin" 93
"../../../Engine/Plugins/Animation/DNACalib/DNACalib.uplugin" 94
"../../../Engine/Plugins/Animation/GeneSplicer/GeneSplicer.uplugin" 95
"../../../Engine/Plugins/Animation/GameplayInsights/GameplayInsights.uplugin" 96
"../../../Engine/Plugins/Animation/LiveLink/LiveLink.uplugin" 97
"../../../Engine/Plugins/Animation/LiveLinkCurveDebugUI/LiveLinkCurveDebugUI.uplugin" 98
"../../../Engine/Plugins/Animation/LiveLinkDevice/LiveLinkDevice.uplugin" 99
"../../../Engine/Plugins/Animation/LiveLinkExampleDevice/LiveLinkExampleDevice.uplugin" 100
"../../../Engine/Plugins/Animation/LiveLinkHub/LiveLinkHub.uplugin" 101
"../../../Engine/Plugins/Animation/IKRig/IKRig.uplugin" 102
"../../../Engine/Plugins/Animation/SkeletalMeshModelingTools/SkeletalMeshModelingTools.uplugin" 103
"../../../Engine/Plugins/Animation/RigLogic/RigLogic.uplugin" 104
"../../../Engine/Plugins/Cameras/CameraShakePreviewer/CameraShakePreviewer.uplugin" 105
"../../../Engine/Plugins/Animation/TweeningUtils/TweeningUtils.uplugin" 106
"../../../Engine/Plugins/Animation/AnimationLocomotionLibrary/AnimationLocomotionLibrary.uplugin" 107
"../../../Engine/Plugins/Cameras/EngineCameras/EngineCameras.uplugin" 108
"../../../Engine/Plugins/Cameras/GameplayCameras/GameplayCameras.uplugin" 109
"../../../Engine/Plugins/Animation/PerformanceCaptureCore/PerformanceCaptureCore.uplugin" 110
"../../../Engine/Plugins/Animation/PoseSearch/PoseSearch.uplugin" 111
"../../../Engine/Plugins/Compositing/LensDistortion/LensDistortion.uplugin" 112
"../../../Engine/Plugins/Compression/OodleNetwork/OodleNetwork.uplugin" 113
"../../../Engine/Plugins/Developer/AnimationSharing/AnimationSharing.uplugin" 114
"../../../Engine/Plugins/Developer/BlankPlugin/BlankPlugin.uplugin" 115
"../../../Engine/Plugins/Developer/CLionSourceCodeAccess/CLionSourceCodeAccess.uplugin" 116
"../../../Engine/Plugins/Compositing/OpenCVLensDistortion/OpenCVLensDistortion.uplugin" 117
"../../../Engine/Plugins/Developer/CodeLiteSourceCodeAccess/CodeLiteSourceCodeAccess.uplugin" 118
"../../../Engine/Plugins/Developer/DumpGPUServices/DumpGPUServices.uplugin" 119
"../../../Engine/Plugins/Developer/FieldNotificationTrace/FieldNotificationTrace.uplugin" 120
"../../../Engine/Plugins/Developer/KDevelopSourceCodeAccess/KDevelopSourceCodeAccess.uplugin" 121
"../../../Engine/Plugins/Developer/DirectoryPlaceholder/DirectoryPlaceholder.uplugin" 122
"../../../Engine/Plugins/Compositing/OpenColorIO/OpenColorIO.uplugin" 123
"../../../Engine/Plugins/Developer/GitSourceControl/GitSourceControl.uplugin" 124
"../../../Engine/Plugins/Developer/NamingTokens/NamingTokens.uplugin" 125
"../../../Engine/Plugins/Developer/N10XSourceCodeAccess/N10XSourceCodeAccess.uplugin" 126
"../../../Engine/Plugins/Developer/NullSourceCodeAccess/NullSourceCodeAccess.uplugin" 127
"../../../Engine/Plugins/Developer/PerforceSourceControl/PerforceSourceControl.uplugin" 128
"../../../Engine/Plugins/Developer/PixWinPlugin/PixWinPlugin.uplugin" 129
"../../../Engine/Plugins/Developer/PlasticSourceControl/PlasticSourceControl.uplugin" 130
"../../../Engine/Plugins/Developer/PluginUtils/PluginUtils.uplugin" 131
"../../../Engine/Plugins/Developer/ProjectLauncher/ProjectLauncher.uplugin" 132
"../../../Engine/Plugins/Animation/MotionWarping/MotionWarping.uplugin" 133
"../../../Engine/Plugins/Developer/RiderSourceCodeAccess/RiderSourceCodeAccess.uplugin" 134
"../../../Engine/Plugins/Compositing/Composure/Composure.uplugin" 135
"../../../Engine/Plugins/Developer/OneSkyLocalizationService/OneSkyLocalizationService.uplugin" 136
"../../../Engine/Plugins/Developer/TraceDataFiltering/TraceDataFilters.uplugin" 137
"../../../Engine/Plugins/Developer/PropertyAccessNode/PropertyAccessNode.uplugin" 138
"../../../Engine/Plugins/Developer/UObjectPlugin/UObjectPlugin.uplugin" 139
"../../../Engine/Plugins/Developer/SubversionSourceControl/SubversionSourceControl.uplugin" 140
"../../../Engine/Plugins/Developer/RenderDocPlugin/RenderDocPlugin.uplugin" 141
"../../../Engine/Plugins/Developer/VisualStudioCodeSourceCodeAccess/VisualStudioCodeSourceCodeAccess.uplugin" 142
"../../../Engine/Plugins/Developer/XcodeGPUDebuggerPlugin/XcodeGPUDebuggerPlugin.uplugin" 143
"../../../Engine/Plugins/Editor/AssetReferenceRestrictions/AssetReferenceRestrictions.uplugin" 144
"../../../Engine/Plugins/Developer/VisualStudioSourceCodeAccess/VisualStudioSourceCodeAccess.uplugin" 145
"../../../Engine/Plugins/Editor/BlueprintHeaderView/BlueprintHeaderView.uplugin" 146
"../../../Engine/Plugins/Editor/AssetRegistryExport/AssetRegistryExport.uplugin" 147
"../../../Engine/Plugins/Developer/TextureFormatOodle/TextureFormatOodle.uplugin" 148
"../../../Engine/Plugins/Editor/AssetManagerEditor/AssetManagerEditor.uplugin" 149
"../../../Engine/Plugins/Developer/TraceSourceFiltering/TraceSourceFilters.uplugin" 150
"../../../Engine/Plugins/Editor/BlueprintMaterialTextureNodes/BlueprintMaterialTextureNodes.uplugin" 151
"../../../Engine/Plugins/Editor/AssetSearch/AssetSearch.uplugin" 152
"../../../Engine/Plugins/Editor/ConsoleVariablesEditor/ConsoleVariables.uplugin" 153
"../../../Engine/Plugins/Editor/ChangelistReview/ChangelistReview.uplugin" 154
"../../../Engine/Plugins/Editor/CryptoKeys/CryptoKeys.uplugin" 155
"../../../Engine/Plugins/Editor/ColorGrading/ColorGrading.uplugin" 156
"../../../Engine/Plugins/Editor/DisplayClusterLaunch/DisplayClusterLaunch.uplugin" 157
"../../../Engine/Plugins/Editor/CurveEditorTools/CurveEditorTools.uplugin" 158
"../../../Engine/Plugins/Editor/EditorScriptingUtilities/EditorScriptingUtilities.uplugin" 159
"../../../Engine/Plugins/Editor/EngineAssetDefinitions/EngineAssetDefinitions.uplugin" 160
"../../../Engine/Plugins/Editor/EditorDebugTools/EditorDebugTools.uplugin" 161
"../../../Engine/Plugins/Editor/GameplayTagsEditor/GameplayTagsEditor.uplugin" 162
"../../../Engine/Plugins/Editor/EditorSysConfigAssistant/EditorSysConfigAssistant.uplugin" 163
"../../../Engine/Plugins/Editor/DataValidation/DataValidation.uplugin" 164
"../../../Engine/Plugins/Editor/MakeCookedEditorAsDLC/MakeCookedEditorAsDLC.uplugin" 165
"../../../Engine/Plugins/Developer/XCodeSourceCodeAccess/XCodeSourceCodeAccess.uplugin" 166
"../../../Engine/Plugins/Editor/GeometryMode/GeometryMode.uplugin" 167
"../../../Engine/Plugins/Editor/MaterialAnalyzer/MaterialAnalyzer.uplugin" 168
"../../../Engine/Plugins/Editor/MacGraphicsSwitching/MacGraphicsSwitching.uplugin" 169
"../../../Engine/Plugins/Editor/GuidedTutorials/GuidedTutorials.uplugin" 170
"../../../Engine/Plugins/Editor/ModelingToolsEditorMode/ModelingToolsEditorMode.uplugin" 171
"../../../Engine/Plugins/Editor/ModelViewViewModelPreview/ModelViewViewModelPreview.uplugin" 172
"../../../Engine/Plugins/Editor/PluginBrowser/PluginBrowser.uplugin" 173
"../../../Engine/Plugins/Editor/LiveUpdateForSlate/LiveUpdateForSlate.uplugin" 174
"../../../Engine/Plugins/Editor/ProxyLODPlugin/ProxyLODPlugin.uplugin" 175
"../../../Engine/Plugins/Editor/FacialAnimation/FacialAnimation.uplugin" 176
"../../../Engine/Plugins/Editor/MeshLODToolset/MeshLODToolset.uplugin" 177
"../../../Engine/Plugins/Editor/SampleToolsEditorMode/SampleToolsEditorMode.uplugin" 178
"../../../Engine/Plugins/Editor/StylusInput/StylusInput.uplugin" 179
"../../../Engine/Plugins/Editor/ScriptableToolsEditorMode/ScriptableToolsEditorMode.uplugin" 180
"../../../Engine/Plugins/Editor/StaticMeshEditorModeling/StaticMeshEditorModeling.uplugin" 181
"../../../Engine/Plugins/Editor/MobileLauncherProfileWizard/MobileLauncherProfileWizard.uplugin" 182
"../../../Engine/Plugins/Editor/UMGWidgetPreview/UMGWidgetPreview.uplugin" 183
"../../../Engine/Plugins/Editor/SequencerAnimTools/SequencerAnimTools.uplugin" 184
"../../../Engine/Plugins/Editor/UVEditor/UVEditor.uplugin" 185
"../../../Engine/Plugins/Editor/WorldPartitionHLODUtilities/WorldPartitionHLODUtilities.uplugin" 186
"../../../Engine/Plugins/Editor/WaveformEditor/WaveformEditor.uplugin" 187
"../../../Engine/Plugins/Editor/SpeedTreeImporter/SpeedTreeImporter.uplugin" 188
"../../../Engine/Plugins/Enterprise/DataprepEditor/DataprepEditor.uplugin" 189
"../../../Engine/Plugins/Enterprise/AxFImporter/AxFImporter.uplugin" 190
"../../../Engine/Plugins/Enterprise/DatasmithContent/DatasmithContent.uplugin" 191
"../../../Engine/Plugins/Enterprise/DatasmithImporter/DatasmithImporter.uplugin" 192
"../../../Engine/Plugins/Enterprise/DatasmithFBXImporter/DatasmithFBXImporter.uplugin" 193
"../../../Engine/Plugins/Enterprise/GLTFExporter/GLTFExporter.uplugin" 194
"../../../Engine/Plugins/Enterprise/DatasmithCADImporter/DatasmithCADImporter.uplugin" 195
"../../../Engine/Plugins/Enterprise/DatasmithC4DImporter/DatasmithC4DImporter.uplugin" 196
"../../../Engine/Plugins/Enterprise/LidarPointCloud/LidarPointCloud.uplugin" 197
"../../../Engine/Plugins/Enterprise/VariantManager/VariantManager.uplugin" 198
"../../../Engine/Plugins/Experimental/ActorPalette/ActorPalette.uplugin" 199
"../../../Engine/Plugins/Enterprise/MDLImporter/MDLImporter.uplugin" 200
"../../../Engine/Plugins/Experimental/AnimNext/AnimNext.uplugin" 201
"../../../Engine/Plugins/Experimental/AbilitySystemGameFeatureActions/AbilitySystemGameFeatureActions.uplugin" 202
"../../../Engine/Plugins/Experimental/AdvancedRenamer/AdvancedRenamer.uplugin" 203
"../../../Engine/Plugins/Experimental/AnimNextChooser/AnimNextChooser.uplugin" 204
"../../../Engine/Plugins/Experimental/AnimNextControlRig/AnimNextControlRig.uplugin" 205
"../../../Engine/Plugins/Experimental/AnimNextPoseSearch/AnimNextPoseSearch.uplugin" 206
"../../../Engine/Plugins/Experimental/AnimNextAnimGraph/AnimNextAnimGraph.uplugin" 207
"../../../Engine/Plugins/Experimental/AvalancheDisplayCluster/AvalancheDisplayCluster.uplugin" 208
"../../../Engine/Plugins/Enterprise/VariantManagerContent/VariantManagerContent.uplugin" 209
"../../../Engine/Plugins/Experimental/AsyncMessageSystemTests/AsyncMessageSystemTests.uplugin" 210
"../../../Engine/Plugins/Experimental/AnimNextStateTree/AnimNextStateTree.uplugin" 211
"../../../Engine/Plugins/Experimental/AvalancheSequenceNavigator/AvalancheSequenceNavigator.uplugin" 212
"../../../Engine/Plugins/Experimental/AnimNextWarping/AnimNextWarping.uplugin" 213
"../../../Engine/Plugins/Experimental/AvalancheDataLink/AvalancheDataLink.uplugin" 214
"../../../Engine/Plugins/Experimental/AutomationUtils/AutomationUtils.uplugin" 215
"../../../Engine/Plugins/Experimental/AvalancheSceneState/AvalancheSceneState.uplugin" 216
"../../../Engine/Plugins/Experimental/BackChannel/BackChannel.uplugin" 217
"../../../Engine/Plugins/Experimental/AnimToTexture/AnimToTexture.uplugin" 218
"../../../Engine/Plugins/Experimental/AsyncMessageSystem/AsyncMessageSystem.uplugin" 219
"../../../Engine/Plugins/Experimental/ChaosCaching/ChaosCaching.uplugin" 220
"../../../Engine/Plugins/Experimental/ChaosCachingUSD/ChaosCachingUSD.uplugin" 221
"../../../Engine/Plugins/Experimental/ChaosClothEditor/ChaosClothEditor.uplugin" 222
"../../../Engine/Plugins/Experimental/BlueprintStats/BlueprintStats.uplugin" 223
"../../../Engine/Plugins/Experimental/Buoyancy/Buoyancy.uplugin" 224
"../../../Engine/Plugins/Experimental/ChaosEditor/ChaosEditor.uplugin" 225
"../../../Engine/Plugins/Experimental/CelestialVault/CelestialVault.uplugin" 226
"../../../Engine/Plugins/Experimental/ChaosFlesh/ChaosFlesh.uplugin" 227
"../../../Engine/Plugins/Experimental/ChaosModularVehicle/ChaosModularVehicle.uplugin" 228
"../../../Engine/Plugins/Experimental/ChaosNiagara/ChaosNiagara.uplugin" 229
"../../../Engine/Plugins/Experimental/ChaosModularVehicleExamples/ChaosModularVehicleExamples.uplugin" 230
"../../../Engine/Plugins/Experimental/ChaosSolverPlugin/ChaosSolverPlugin.uplugin" 231
"../../../Engine/Plugins/Experimental/ChaosMover/ChaosMover.uplugin" 232
"../../../Engine/Plugins/Experimental/ChaosUserDataPT/ChaosUserDataPT.uplugin" 233
"../../../Engine/Plugins/Experimental/ChaosVehiclesPlugin/ChaosVehiclesPlugin.uplugin" 234
"../../../Engine/Plugins/Experimental/CineCameraRigs/CineCameraRigs.uplugin" 235
"../../../Engine/Plugins/Experimental/CodeEditor/CodeEditor.uplugin" 236
"../../../Engine/Plugins/Experimental/ChaosOutfitAsset/ChaosOutfitAsset.uplugin" 237
"../../../Engine/Plugins/Experimental/CharacterAI/CharacterAI.uplugin" 238
"../../../Engine/Plugins/Experimental/CinematicPrestreaming/CinematicPrestreaming.uplugin" 239
"../../../Engine/Plugins/Experimental/CineCameraSceneCapture/CineCameraSceneCapture.uplugin" 240
"../../../Engine/Plugins/Experimental/CodeView/CodeView.uplugin" 241
"../../../Engine/Plugins/Experimental/CommonConversation/CommonConversation.uplugin" 242
"../../../Engine/Plugins/Experimental/BlueprintSnapNodes/BlueprintSnapNodes.uplugin" 243
"../../../Engine/Plugins/Experimental/ColorCorrectRegions/ColorCorrectRegions.uplugin" 244
"../../../Engine/Plugins/Experimental/DynamicMaterialMediaStreamBridge/DynamicMaterialMediaStreamBridge.uplugin" 245
"../../../Engine/Plugins/Experimental/ControlFlows/ControlFlows.uplugin" 246
"../../../Engine/Plugins/Experimental/DataLinkOAuth/DataLinkOAuth.uplugin" 247
"../../../Engine/Plugins/Experimental/DataLink/DataLink.uplugin" 248
"../../../Engine/Plugins/Experimental/EditorDataStorageFeatures/EditorDataStorageFeatures.uplugin" 249
"../../../Engine/Plugins/Experimental/EditorPerformance/EditorPerformance.uplugin" 250
"../../../Engine/Plugins/Experimental/EditorTelemetry/EditorTelemetry.uplugin" 251
"../../../Engine/Plugins/Experimental/FastGeoStreaming/FastGeoStreaming.uplugin" 252
"../../../Engine/Plugins/Experimental/FieldSystemPlugin/FieldSystemPlugin.uplugin" 253
"../../../Engine/Plugins/Experimental/EvaluationNotifies/EvaluationNotifies.uplugin" 254
"../../../Engine/Plugins/Experimental/DefaultInstallBundleManager/DefaultInstallBundleManager.uplugin" 255
"../../../Engine/Plugins/Experimental/GameInputWindows/GameInputWindows.uplugin" 256
"../../../Engine/Plugins/Experimental/FullBodyIK/FullBodyIK.uplugin" 257
"../../../Engine/Plugins/Experimental/EditorDataStorage/EditorDataStorage.uplugin" 258
"../../../Engine/Plugins/Experimental/FloatingProperties/FloatingProperties.uplugin" 259
"../../../Engine/Plugins/Experimental/Gauntlet/Gauntlet.uplugin" 260
"../../../Engine/Plugins/Experimental/GameplayBehaviors/GameplayBehaviors.uplugin" 261
"../../../Engine/Plugins/Experimental/DaySequence/DaySequence.uplugin" 262
"../../../Engine/Plugins/Experimental/Fracture/Fracture.uplugin" 263
"../../../Engine/Plugins/Experimental/GameplayTargetingSystem/TargetingSystem.uplugin" 264
"../../../Engine/Plugins/Experimental/GeometryCacheAbcFile/GeometryCacheAbcFile.uplugin" 265
"../../../Engine/Plugins/Experimental/GizmoEdMode/GizmoEdMode.uplugin" 266
"../../../Engine/Plugins/Experimental/GeometryCollectionPlugin/GeometryCollectionPlugin.uplugin" 267
"../../../Engine/Plugins/Experimental/GeometryFlow/GeometryFlow.uplugin" 268
"../../../Engine/Plugins/Experimental/GameplayGraph/GameplayGraph.uplugin" 269
"../../../Engine/Plugins/Experimental/GPULightmass/GPULightmass.uplugin" 270
"../../../Engine/Plugins/Experimental/HairModelingToolset/HairModelingToolset.uplugin" 271
"../../../Engine/Plugins/Experimental/HairStrandsMutable/HairStrandsMutable.uplugin" 272
"../../../Engine/Plugins/Experimental/HairCardGenerator/HairCardGenerator.uplugin" 273
"../../../Engine/Plugins/Experimental/GizmoFramework/GizmoFramework.uplugin" 274
"../../../Engine/Plugins/Experimental/InlineMaterialInstance/InlineMaterialInstance.uplugin" 275
"../../../Engine/Plugins/Experimental/GeometryDataflow/GeometryDataflow.uplugin" 276
"../../../Engine/Plugins/Experimental/InstanceDataObjectFixupTool/InstanceDataObjectFixupTool.uplugin" 277
"../../../Engine/Plugins/Experimental/Dataflow/Dataflow.uplugin" 278
"../../../Engine/Plugins/Experimental/GeometryCacheLevelSequenceBaker/GeometryCacheLevelSequenceBaker.uplugin" 279
"../../../Engine/Plugins/Experimental/ImpostorBaker/ImpostorBaker.uplugin" 280
"../../../Engine/Plugins/Experimental/ImageWidgets/ImageWidgets.uplugin" 281
"../../../Engine/Plugins/Experimental/ImagePlate/ImagePlate.uplugin" 282
"../../../Engine/Plugins/Experimental/InteractionInterface/InteractionInterface.uplugin" 283
"../../../Engine/Plugins/Experimental/JWT/JWT.uplugin" 284
"../../../Engine/Plugins/Experimental/Landmass/Landmass.uplugin" 285
"../../../Engine/Plugins/Experimental/LiveLinkControlRig/LiveLinkControlRig.uplugin" 286
"../../../Engine/Plugins/Experimental/LevelSequenceNavigatorBridge/LevelSequenceNavigatorBridge.uplugin" 287
"../../../Engine/Plugins/Experimental/LandscapePatch/LandscapePatch.uplugin" 288
"../../../Engine/Plugins/Experimental/LiveLinkOpenVR/LiveLinkOpenVR.uplugin" 289
"../../../Engine/Plugins/Experimental/LocalizableMessage/LocalizableMessage.uplugin" 290
"../../../Engine/Plugins/Experimental/LowLevelNetTrace/LowLevelNetTrace.uplugin" 291
"../../../Engine/Plugins/Experimental/LearningAgents/LearningAgents.uplugin" 292
"../../../Engine/Plugins/Experimental/LiveLinkFaceImporter/LiveLinkFaceImporter.uplugin" 293
"../../../Engine/Plugins/Experimental/Iris/Iris.uplugin" 294
"../../../Engine/Plugins/Experimental/MediaStream/MediaStream.uplugin" 295
"../../../Engine/Plugins/Experimental/MeshModelingToolsetExp/MeshModelingToolsetExp.uplugin" 296
"../../../Engine/Plugins/Experimental/MediaViewer/MediaViewer.uplugin" 297
"../../../Engine/Plugins/Experimental/MotoSynth/MotoSynth.uplugin" 298
"../../../Engine/Plugins/Experimental/MetasoundExperimental/MetasoundExperimental.uplugin" 299
"../../../Engine/Plugins/Experimental/MLflow/MLflow.uplugin" 300
"../../../Engine/Plugins/Experimental/MoverAnimNext/MoverAnimNext.uplugin" 301
"../../../Engine/Plugins/Experimental/MotorSimOutputMotoSynth/MotorSimOutputMotoSynth.uplugin" 302
"../../../Engine/Plugins/Experimental/MeshResizing/MeshResizing.uplugin" 303
"../../../Engine/Plugins/Experimental/MoverTests/MoverTests.uplugin" 304
"../../../Engine/Plugins/Experimental/MoverIntegrations/MoverIntegrations.uplugin" 305
"../../../Engine/Plugins/Experimental/MovieSceneAnimMixer/MovieSceneAnimMixer.uplugin" 306
"../../../Engine/Plugins/Experimental/MovieScenePoseSearchTracks/MovieScenePoseSearchTracks.uplugin" 307
"../../../Engine/Plugins/Experimental/NaniteDisplacedMesh/NaniteDisplacedMesh.uplugin" 308
"../../../Engine/Plugins/Experimental/MutablePopulation/MutablePopulation.uplugin" 309
"../../../Engine/Plugins/Experimental/NeuralRendering/NeuralRendering.uplugin" 310
"../../../Engine/Plugins/Experimental/MutableClothing/MutableClothing.uplugin" 311
"../../../Engine/Plugins/Experimental/NNERuntimeBasicCpu/NNERuntimeBasicCpu.uplugin" 312
"../../../Engine/Plugins/Experimental/NNERuntimeCoreML/NNERuntimeCoreML.uplugin" 313
"../../../Engine/Plugins/Experimental/Mover/Mover.uplugin" 314
"../../../Engine/Plugins/Experimental/NFORDenoise/NFORDenoise.uplugin" 315
"../../../Engine/Plugins/Experimental/NNERuntimeRDG/NNERuntimeRDG.uplugin" 316
"../../../Engine/Plugins/Experimental/NNERuntimeIREE/NNERuntimeIREE.uplugin" 317
"../../../Engine/Plugins/Experimental/OptiXDenoise/OptiXDenoise.uplugin" 318
"../../../Engine/Plugins/Experimental/PanoramicCapture/PanoramicCapture.uplugin" 319
"../../../Engine/Plugins/Experimental/MoverExamples/MoverExamples.uplugin" 320
"../../../Engine/Plugins/Experimental/OpenImageDenoise/OpenImageDenoise.uplugin" 321
"../../../Engine/Plugins/Experimental/PCGBiomeSample/PCGBiomeSample.uplugin" 322
"../../../Engine/Plugins/Experimental/PCGBiomeCore/PCGBiomeCore.uplugin" 323
"../../../Engine/Plugins/Experimental/PlatformCrypto/PlatformCrypto.uplugin" 324
"../../../Engine/Plugins/Experimental/PhysicsControl/PhysicsControl.uplugin" 325
"../../../Engine/Plugins/Experimental/PlanarCutPlugin/PlanarCut.uplugin" 326
"../../../Engine/Plugins/Experimental/PluginTemplateTool/PluginTemplateTool.uplugin" 327
"../../../Engine/Plugins/Experimental/PlainPropsUObject/PlainPropsUObject.uplugin" 328
"../../../Engine/Plugins/Experimental/PostProcessMaterialChainGraph/PostProcessMaterialChainGraph.uplugin" 329
"../../../Engine/Plugins/Experimental/PSDImporterMaterialDesignerBridge/PSDImporterMaterialDesignerBridge.uplugin" 330
"../../../Engine/Plugins/Experimental/PlainProps/PlainProps.uplugin" 331
"../../../Engine/Plugins/Experimental/PluginReferenceViewer/PluginReferenceViewer.uplugin" 332
"../../../Engine/Plugins/Experimental/PixelStreamingPlayer/PixelStreamingPlayer.uplugin" 333
"../../../Engine/Plugins/Experimental/PluginAudit/PluginAudit.uplugin" 334
"../../../Engine/Plugins/Experimental/PythonFoundationPackages/PythonFoundationPackages.uplugin" 335
"../../../Engine/Plugins/Experimental/PythonScriptPlugin/PythonScriptPlugin.uplugin" 336
"../../../Engine/Plugins/Experimental/RawInput/RawInput.uplugin" 337
"../../../Engine/Plugins/Experimental/RenderGrid/RenderGrid.uplugin" 338
"../../../Engine/Plugins/Experimental/RemoteSession/RemoteSession.uplugin" 339
"../../../Engine/Plugins/Experimental/RazerChromaDevices/RazerChromaDevices.uplugin" 340
"../../../Engine/Plugins/Experimental/QuicMessaging/QuicMessaging.uplugin" 341
"../../../Engine/Plugins/Experimental/RemoteControlComponents/RemoteControlComponents.uplugin" 342
"../../../Engine/Plugins/Experimental/RigLogicMutable/RigLogicMutable.uplugin" 343
"../../../Engine/Plugins/Experimental/SecuritySandbox/SecuritySandbox.uplugin" 344
"../../../Engine/Plugins/Experimental/RigLogicAnimNext/RigLogicAnimNext.uplugin" 345
"../../../Engine/Plugins/Experimental/SceneState/SceneState.uplugin" 346
"../../../Engine/Plugins/Experimental/PSDImporter/PSDImporter.uplugin" 347
"../../../Engine/Plugins/Experimental/SequenceNavigator/SequenceNavigator.uplugin" 348
"../../../Engine/Plugins/Experimental/RuntimeTelemetry/RuntimeTelemetry.uplugin" 349
"../../../Engine/Plugins/Experimental/Shotgrid/Shotgrid.uplugin" 350
"../../../Engine/Plugins/Experimental/SimpleHMD/SimpleHMD.uplugin" 351
"../../../Engine/Plugins/Experimental/SkeletalReduction/SkeletalReduction.uplugin" 352
"../../../Engine/Plugins/Experimental/SlateIM/SlateIM.uplugin" 353
"../../../Engine/Plugins/Experimental/ScreenReader/ScreenReader.uplugin" 354
"../../../Engine/Plugins/Experimental/SerializationUtils/SerializationUtils.uplugin" 355
"../../../Engine/Plugins/Experimental/SpatialReadiness/SpatialReadiness.uplugin" 356
"../../../Engine/Plugins/Experimental/StateGraph/StateGraph.uplugin" 357
"../../../Engine/Plugins/Experimental/StructUtils/StructUtils.uplugin" 358
"../../../Engine/Plugins/Experimental/SubtitlesAndClosedCaptions/SubtitlesAndClosedCaptions.uplugin" 359
"../../../Engine/Plugins/Experimental/SlateScreenReader/SlateScreenReader.uplugin" 360
"../../../Engine/Plugins/Experimental/SlateModelViewViewModel/SlateModelViewViewModel.uplugin" 361
"../../../Engine/Plugins/Experimental/SurfaceEffects/SurfaceEffects.uplugin" 362
"../../../Engine/Plugins/Experimental/TechAudioTools/TechAudioTools.uplugin" 363
"../../../Engine/Plugins/Experimental/SVGImporter/SVGImporter.uplugin" 364
"../../../Engine/Plugins/Experimental/SubmitToolEditor/SubmitToolEditor.uplugin" 365
"../../../Engine/Plugins/Experimental/TargetDeviceServicesScripting/TargetDeviceServicesScripting.uplugin" 366
"../../../Engine/Plugins/Experimental/TetMeshing/TetMeshing.uplugin" 367
"../../../Engine/Plugins/Experimental/Tensorboard/Tensorboard.uplugin" 368
"../../../Engine/Plugins/Experimental/Text3D/Text3D.uplugin" 369
"../../../Engine/Plugins/Experimental/UserToolBoxBasicCommand/UserToolBoxBasicCommand.uplugin" 370
"../../../Engine/Plugins/Experimental/UserToolBoxCore/UserToolBoxCore.uplugin" 371
"../../../Engine/Plugins/Experimental/Water/Water.uplugin" 372
"../../../Engine/Plugins/Experimental/TextToSpeech/TextToSpeech.uplugin" 373
"../../../Engine/Plugins/Experimental/ToolPresets/ToolPresets.uplugin" 374
"../../../Engine/Plugins/Experimental/VirtualProductionUtilities/VirtualProductionUtilities.uplugin" 375
"../../../Engine/Plugins/Experimental/Volumetrics/Volumetrics.uplugin" 376
"../../../Engine/Plugins/Experimental/VirtualHeightfieldMesh/VirtualHeightfieldMesh.uplugin" 377
"../../../Engine/Plugins/Experimental/UIFramework/UIFramework.uplugin" 378
"../../../Engine/Plugins/Experimental/WaterExtras/WaterExtras.uplugin" 379
"../../../Engine/Plugins/Experimental/WebSocketNetworking/WebSocketNetworking.uplugin" 380
"../../../Engine/Plugins/Experimental/WidgetEditorToolPalette/WidgetEditorToolPalette.uplugin" 381
"../../../Engine/Plugins/Experimental/WaterAdvanced/WaterAdvanced.uplugin" 382
"../../../Engine/Plugins/Experimental/WebSocketMessaging/WebSocketMessaging.uplugin" 383
"../../../Engine/Plugins/Experimental/XRCreativeFramework/XRCreativeFramework.uplugin" 384
"../../../Engine/Plugins/Experimental/TextureMediaPlayer/TextureMediaPlayer.uplugin" 385
"../../../Engine/Plugins/Experimental/WaveFunctionCollapse/WaveFunctionCollapse.uplugin" 386
"../../../Engine/Plugins/FX/Cascade/Cascade.uplugin" 387
"../../../Engine/Plugins/Experimental/Workspace/Workspace.uplugin" 388
"../../../Engine/Plugins/FX/NiagaraFluids/NiagaraFluids.uplugin" 389
"../../../Engine/Plugins/FX/CascadeToNiagaraConverter/CascadeToNiagaraConverter.uplugin" 390
"../../../Engine/Plugins/Interchange/Editor/InterchangeEditor.uplugin" 391
"../../../Engine/Plugins/FX/ExampleCustomDataInterface/ExampleCustomDataInterface.uplugin" 392
"../../../Engine/Plugins/FX/NiagaraSimCaching/NiagaraSimCaching.uplugin" 393
"../../../Engine/Plugins/FX/NiagaraMRQ/NiagaraMRQ.uplugin" 394
"../../../Engine/Plugins/Interchange/Assets/InterchangeAssets.uplugin" 395
"../../../Engine/Plugins/Interchange/Runtime/Interchange.uplugin" 396
"../../../Engine/Plugins/Media/AndroidMedia/AndroidMedia.uplugin" 397
"../../../Engine/Plugins/Media/AudioCaptureTimecodeProvider/AudioCaptureTimecodeProvider.uplugin" 398
"../../../Engine/Plugins/Media/AppleProResMedia/AppleProResMedia.uplugin" 399
"../../../Engine/Plugins/Media/AppleProResDecoderElectra/AppleProResDecoderElectra.uplugin" 400
"../../../Engine/Plugins/Media/AvidDNxHDDecoderElectra/AvidDNxHDDecoderElectra.uplugin" 401
"../../../Engine/Plugins/Media/AndroidCamera/AndroidCamera.uplugin" 402
"../../../Engine/Plugins/Media/AvidDNxMedia/AvidDNxMedia.uplugin" 403
"../../../Engine/Plugins/Media/AvfMedia/AvfMedia.uplugin" 404
"../../../Engine/Plugins/Media/AjaMedia/AjaMedia.uplugin" 405
"../../../Engine/Plugins/Media/ElectraCDM/ElectraCDM.uplugin" 406
"../../../Engine/Plugins/FX/Niagara/Niagara.uplugin" 407
"../../../Engine/Plugins/Media/BinkMedia/BinkMedia.uplugin" 408
"../../../Engine/Plugins/Media/BlackmagicMedia/BlackmagicMedia.uplugin" 409
"../../../Engine/Plugins/Marketplace/AsyncLoabb9e7e751a1fV12/AsyncLoadingScreen.uplugin" 410
"../../../Engine/Plugins/Media/D3D12VideoDecodersElectra/D3D12VideoDecodersElectra.uplugin" 411
"../../../Engine/Plugins/Media/ElectraCodecs/ElectraCodecs.uplugin" 412
"../../../Engine/Plugins/Media/ElectraPlayer/ElectraPlayer.uplugin" 413
"../../../Engine/Plugins/Media/ImgMedia/ImgMedia.uplugin" 414
"../../../Engine/Plugins/Media/HAPMedia/HAPMedia.uplugin" 415
"../../../Engine/Plugins/Media/HAPDecoderElectra/HAPDecoderElectra.uplugin" 416
"../../../Engine/Plugins/Media/HardwareEncoders/HardwareEncoders.uplugin" 417
"../../../Engine/Plugins/Media/ElectraUtil/ElectraUtil.uplugin" 418
"../../../Engine/Plugins/Media/ElectraSubtitles/ElectraSubtitles.uplugin" 419
"../../../Engine/Plugins/Media/FlacDecoderElectra/FlacDecoderElectra.uplugin" 420
"../../../Engine/Plugins/Media/MediaFrameworkUtilities/MediaFrameworkUtilities.uplugin" 421
"../../../Engine/Plugins/Media/MediaMovieStreamer/MediaMovieStreamer.uplugin" 422
"../../../Engine/Plugins/Media/LinearTimecode/LinearTimecode.uplugin" 423
"../../../Engine/Plugins/Media/MediaIOFramework/MediaIOFramework.uplugin" 424
"../../../Engine/Plugins/Media/MediaPlate/MediaPlate.uplugin" 425
"../../../Engine/Plugins/Media/MediaPlayerEditor/MediaPlayerEditor.uplugin" 426
"../../../Engine/Plugins/Media/OpusDecoderElectra/OpusDecoderElectra.uplugin" 427
"../../../Engine/Plugins/Media/NDIMedia/NDIMedia.uplugin" 428
"../../../Engine/Plugins/Media/PixelStreaming/PixelStreaming.uplugin" 429
"../../../Engine/Plugins/Media/MfMedia/MfMedia.uplugin" 430
"../../../Engine/Plugins/Media/VPxDecoderElectra/VPxDecoderElectra.uplugin" 431
"../../../Engine/Plugins/Media/PixelCapture/PixelCapture.uplugin" 432
"../../../Engine/Plugins/Media/WebMMedia/WebMMedia.uplugin" 433
"../../../Engine/Plugins/Media/TimecodeSynchronizer/TimecodeSynchronizer.uplugin" 434
"../../../Engine/Plugins/Messaging/TcpMessaging/TcpMessaging.uplugin" 435
"../../../Engine/Plugins/Media/WmfMedia/WmfMedia.uplugin" 436
"../../../Engine/Plugins/MovieScene/ActorSequence/ActorSequence.uplugin" 437
"../../../Engine/Plugins/MovieScene/CustomizableSequencerTracks/CustomizableSequencerTracks.uplugin" 438
"../../../Engine/Plugins/MovieScene/MoviePipelineMaskRenderPass/MoviePipelineMaskRenderPass.uplugin" 439
"../../../Engine/Plugins/MovieScene/MovieRenderPipeline/MovieRenderPipeline.uplugin" 440
"../../../Engine/Plugins/MovieScene/MovieSceneTextTrack/MovieSceneTextTrack.uplugin" 441
"../../../Engine/Plugins/MovieScene/SequencerScripting/SequencerScripting.uplugin" 442
"../../../Engine/Plugins/MovieScene/LevelSequenceEditor/LevelSequenceEditor.uplugin" 443
"../../../Engine/Plugins/NNE/NNEDenoiser/NNEDenoiser.uplugin" 444
"../../../Engine/Plugins/Messaging/UdpMessaging/UdpMessaging.uplugin" 445
"../../../Engine/Plugins/MovieScene/ReplayTracks/ReplayTracks.uplugin" 446
"../../../Engine/Plugins/MovieScene/TemplateSequence/TemplateSequence.uplugin" 447
"../../../Engine/Plugins/Performance/PerformanceMonitor/PerformanceMonitor.uplugin" 448
"../../../Engine/Plugins/Performance/AutomatedPerfTesting/AutomatedPerfTesting.uplugin" 449
"../../../Engine/Plugins/NNE/NNERuntimeORT/NNERuntimeORT.uplugin" 450
"../../../Engine/Plugins/Messaging/MessagingDebugger/MessagingDebugger.uplugin" 451
"../../../Engine/Plugins/Runtime/ADM/ADM.uplugin" 452
"../../../Engine/Plugins/Runtime/AndroidDeviceProfileSelector/AndroidDeviceProfileSelector.uplugin" 453
"../../../Engine/Plugins/Protocols/MQTT/MQTT.uplugin" 454
"../../../Engine/Plugins/Runtime/AndroidMoviePlayer/AndroidMoviePlayer.uplugin" 455
"../../../Engine/Plugins/Runtime/ActorLayerUtilities/ActorLayerUtilities.uplugin" 456
"../../../Engine/Plugins/Runtime/AndroidFileServer/AndroidFileServer.uplugin" 457
"../../../Engine/Plugins/Runtime/AppleImageUtils/AppleImageUtils.uplugin" 458
"../../../Engine/Plugins/Runtime/ApexDestruction/ApexDestruction.uplugin" 459
"../../../Engine/Plugins/Runtime/ArchVisCharacter/ArchVisCharacter.uplugin" 460
"../../../Engine/Plugins/Runtime/AnimationBudgetAllocator/AnimationBudgetAllocator.uplugin" 461
"../../../Engine/Plugins/Runtime/AndroidBackgroundService/AndroidBackgroundService.uplugin" 462
"../../../Engine/Plugins/Runtime/AudioModulation/AudioModulation.uplugin" 463
"../../../Engine/Plugins/Media/PixelStreaming2/PixelStreaming2.uplugin" 464
"../../../Engine/Plugins/Runtime/AudioMotorSim/AudioMotorSim.uplugin" 465
"../../../Engine/Plugins/Runtime/AssetTags/AssetTags.uplugin" 466
"../../../Engine/Plugins/Runtime/AudioWidgets/AudioWidgets.uplugin" 467
"../../../Engine/Plugins/Runtime/CableComponent/CableComponent.uplugin" 468
"../../../Engine/Plugins/Runtime/AudioCapture/AudioCapture.uplugin" 469
"../../../Engine/Plugins/Runtime/AppleMoviePlayer/AppleMoviePlayer.uplugin" 470
"../../../Engine/Plugins/Runtime/AndroidPermission/AndroidPermission.uplugin" 471
"../../../Engine/Plugins/Runtime/AudioSynesthesia/AudioSynesthesia.uplugin" 472
"../../../Engine/Plugins/Runtime/ComputeFramework/ComputeFramework.uplugin" 473
"../../../Engine/Plugins/Runtime/GameFeatures/GameFeatures.uplugin" 474
"../../../Engine/Plugins/Runtime/ChunkDownloader/ChunkDownloader.uplugin" 475
"../../../Engine/Plugins/Runtime/ExampleDeviceProfileSelector/ExampleDeviceProfileSelector.uplugin" 476
"../../../Engine/Plugins/Runtime/CommonUI/CommonUI.uplugin" 477
"../../../Engine/Plugins/Runtime/GameplayBehaviorSmartObjects/GameplayBehaviorSmartObjects.uplugin" 478
"../../../Engine/Plugins/Runtime/DataRegistry/DataRegistry.uplugin" 479
"../../../Engine/Plugins/Runtime/GeometryCache/GeometryCache.uplugin" 480
"../../../Engine/Plugins/Runtime/GameInput/GameInput.uplugin" 481
"../../../Engine/Plugins/Media/MediaCompositing/MediaCompositing.uplugin" 482
"../../../Engine/Plugins/Runtime/Firebase/Firebase.uplugin" 483
"../../../Engine/Plugins/Runtime/GameplayAbilities/GameplayAbilities.uplugin" 484
"../../../Engine/Plugins/Runtime/CustomMeshComponent/CustomMeshComponent.uplugin" 485
"../../../Engine/Plugins/Runtime/GameplayStateTree/GameplayStateTree.uplugin" 486
"../../../Engine/Plugins/Runtime/GameplayInteractions/GameplayInteractions.uplugin" 487
"../../../Engine/Plugins/Runtime/GooglePAD/GooglePAD.uplugin" 488
"../../../Engine/Plugins/Runtime/GoogleCloudMessaging/GoogleCloudMessaging.uplugin" 489
"../../../Engine/Plugins/Runtime/HDRIBackdrop/HDRIBackdrop.uplugin" 490
"../../../Engine/Plugins/Runtime/GeoReferencing/GeoReferencing.uplugin" 491
"../../../Engine/Plugins/Runtime/GeometryScripting/GeometryScripting.uplugin" 492
"../../../Engine/Plugins/Runtime/HTTPChunkInstaller/HTTPChunkInstaller.uplugin" 493
"../../../Engine/Plugins/Runtime/HairStrands/HairStrands.uplugin" 494
"../../../Engine/Plugins/Runtime/InputDebugging/InputDebugging.uplugin" 495
"../../../Engine/Plugins/Runtime/Harmonix/Harmonix.uplugin" 496
"../../../Engine/Plugins/Runtime/InstancedActors/InstancedActors.uplugin" 497
"../../../Engine/Plugins/Runtime/IOSReplayKit/IOSReplayKit.uplugin" 498
"../../../Engine/Plugins/Runtime/GeometryProcessing/GeometryProcessing.uplugin" 499
"../../../Engine/Plugins/Runtime/LinuxDeviceProfileSelector/LinuxDeviceProfileSelector.uplugin" 500
"../../../Engine/Plugins/Runtime/IOSDeviceProfileSelector/IOSDeviceProfileSelector.uplugin" 501
"../../../Engine/Plugins/Runtime/HPMotionController/HPMotionController.uplugin" 502
"../../../Engine/Plugins/Runtime/LocationServicesBPLibrary/LocationServicesBPLibrary.uplugin" 503
"../../../Engine/Plugins/Runtime/MeshModelingToolset/MeshModelingToolset.uplugin" 504
"../../../Engine/Plugins/Runtime/LocationServicesAndroidImpl/LocationServicesAndroidImpl.uplugin" 505
"../../../Engine/Plugins/Runtime/LiveLinkOvernDisplay/LiveLinkOverNDisplay.uplugin" 506
"../../../Engine/Plugins/Runtime/MassEntity/MassEntity.uplugin" 507
"../../../Engine/Plugins/Runtime/MicrosoftSpatialAudio/MicroSoftSpatialSound.uplugin" 508
"../../../Engine/Plugins/Runtime/Metasound/Metasound.uplugin" 509
"../../../Engine/Plugins/Runtime/MIDIDevice/MIDIDevice.uplugin" 510
"../../../Engine/Plugins/Runtime/LocationServicesIOSImpl/LocationServicesIOSImpl.uplugin" 511
"../../../Engine/Plugins/Runtime/MixedRealityCaptureFramework/MixedRealityCaptureFramework.uplugin" 512
"../../../Engine/Plugins/Runtime/LevelStreamingPersistence/LevelStreamingPersistence.uplugin" 513
"../../../Engine/Plugins/Runtime/MobilePatchingUtils/MobilePatchingUtils.uplugin" 514
"../../../Engine/Plugins/Runtime/MassGameplay/MassGameplay.uplugin" 515
"../../../Engine/Plugins/Runtime/ModelViewViewModel/ModelViewViewModel.uplugin" 516
"../../../Engine/Plugins/Runtime/MusicEnvironment/MusicEnvironment.uplugin" 517
"../../../Engine/Plugins/Runtime/MsQuic/MsQuic.uplugin" 518
"../../../Engine/Plugins/Runtime/NavCorridor/NavCorridor.uplugin" 519
"../../../Engine/Plugins/Runtime/MobileFSR/MobileFSR.uplugin" 520
"../../../Engine/Plugins/Runtime/nDisplay/nDisplay.uplugin" 521
"../../../Engine/Plugins/Runtime/MultiServerReplication/MultiServerReplication.uplugin" 522
"../../../Engine/Plugins/Runtime/NetworkPredictionExtras/NetworkPredictionExtras.uplugin" 523
"../../../Engine/Plugins/Runtime/NetworkPredictionInsights/NetworkPredictionInsights.uplugin" 524
"../../../Engine/Plugins/Runtime/OpenCV/OpenCV.uplugin" 525
"../../../Engine/Plugins/Runtime/OSC/OSC.uplugin" 526
"../../../Engine/Plugins/Runtime/OpenXRHandTracking/OpenXRHandTracking.uplugin" 527
"../../../Engine/Plugins/Runtime/NetworkPrediction/NetworkPrediction.uplugin" 528
"../../../Engine/Plugins/Runtime/nDisplayModularFeatures/nDisplayModularFeatures.uplugin" 529
"../../../Engine/Plugins/Runtime/OptionalMobileFeaturesBPLibrary/OptionalMobileFeaturesBPLibrary.uplugin" 530
"../../../Engine/Plugins/Runtime/OpenXREyeTracker/OpenXREyeTracker.uplugin" 531
"../../../Engine/Plugins/Runtime/ProceduralMeshComponent/ProceduralMeshComponent.uplugin" 532
"../../../Engine/Plugins/Runtime/OpenXRViveTracker/OpenXRViveTracker.uplugin" 533
"../../../Engine/Plugins/Runtime/OpenXR/OpenXR.uplugin" 534
"../../../Engine/Plugins/Runtime/PropertyBindingUtils/PropertyBindingUtils.uplugin" 535
"../../../Engine/Plugins/Runtime/RenderTrace/RenderTrace.uplugin" 536
"../../../Engine/Plugins/Runtime/ResonanceAudio/ResonanceAudio.uplugin" 537
"../../../Engine/Plugins/Runtime/OpenXRMsftHandInteraction/OpenXRMsftHandInteraction.uplugin" 538
"../../../Engine/Plugins/Runtime/PropertyAccess/PropertyAccessEditor.uplugin" 539
"../../../Engine/Plugins/Runtime/SignificanceManager/SignificanceManager.uplugin" 540
"../../../Engine/Plugins/Runtime/RigVM/RigVM.uplugin" 541
"../../../Engine/Plugins/Runtime/ScriptableToolsFramework/ScriptableToolsFramework.uplugin" 542
"../../../Engine/Plugins/Runtime/ReplicationSystemTestPlugin/ReplicationSystemTestPlugin.uplugin" 543
"../../../Engine/Plugins/Runtime/SoundCueTemplates/SoundCueTemplates.uplugin" 544
"../../../Engine/Plugins/Runtime/SkeletalMerging/SkeletalMerging.uplugin" 545
"../../../Engine/Plugins/Runtime/PreLoadScreenMoviePlayer/PreLoadScreenMoviePlayer.uplugin" 546
"../../../Engine/Plugins/Runtime/SunPosition/SunPosition.uplugin" 547
"../../../Engine/Plugins/Runtime/Synthesis/Synthesis.uplugin" 548
"../../../Engine/Plugins/Runtime/Soundscape/Soundscape.uplugin" 549
"../../../Engine/Plugins/Runtime/USDCore/USDCore.uplugin" 550
"../../../Engine/Plugins/Runtime/ModularGameplay/ModularGameplay.uplugin" 551
"../../../Engine/Plugins/Runtime/Spatialization/Spatialization.uplugin" 552
"../../../Engine/Plugins/Runtime/SoundMod/SoundMod.uplugin" 553
"../../../Engine/Plugins/Runtime/StateTree/StateTree.uplugin" 554
"../../../Engine/Plugins/Runtime/WebMMoviePlayer/WebMMoviePlayer.uplugin" 555
"../../../Engine/Plugins/Runtime/SoundFields/SoundFields.uplugin" 556
"../../../Engine/Plugins/Runtime/WindowsDeviceProfileSelector/WindowsDeviceProfileSelector.uplugin" 557
"../../../Engine/Plugins/Runtime/WebBrowserNativeProxy/WebBrowserNativeProxy.uplugin" 558
"../../../Engine/Plugins/Runtime/ZoneGraph/ZoneGraph.uplugin" 559
"../../../Engine/Plugins/Runtime/XRBase/XRBase.uplugin" 560
"../../../Engine/Plugins/Runtime/WaveTable/WaveTable.uplugin" 561
"../../../Engine/Plugins/Runtime/ZoneGraphAnnotations/ZoneGraphAnnotations.uplugin" 562
"../../../Engine/Plugins/Runtime/WarpUtils/WarpUtils.uplugin" 563
"../../../Engine/Plugins/Tests/AutomationDriverTests/AutomationDriverTests.uplugin" 564
"../../../Engine/Plugins/Tests/CQTest/CQTest.uplugin" 565
"../../../Engine/Plugins/Runtime/WindowsMoviePlayer/WindowsMoviePlayer.uplugin" 566
"../../../Engine/Plugins/Tests/CQTestEnhancedInput/CQTestEnhancedInput.uplugin" 567
"../../../Engine/Plugins/Runtime/WorldConditions/WorldConditions.uplugin" 568
"../../../Engine/Plugins/Tests/EditorTests/EditorTests.uplugin" 569
"../../../Engine/Plugins/Runtime/SoundUtilities/SoundUtilities.uplugin" 570
"../../../Engine/Plugins/Runtime/WebBrowserWidget/WebBrowserWidget.uplugin" 571
"../../../Engine/Plugins/Tests/PythonAutomationTest/PythonAutomationTest.uplugin" 572
"../../../Engine/Plugins/Runtime/SmartObjects/SmartObjects.uplugin" 573
"../../../Engine/Plugins/Tests/FunctionalTestingEditor/FunctionalTestingEditor.uplugin" 574
"../../../Engine/Plugins/Tests/InterchangeTests/InterchangeTests.uplugin" 575
"../../../Engine/Plugins/Tests/TestFramework/TestFramework.uplugin" 576
"../../../Engine/Plugins/Tests/RuntimeTests/RuntimeTests.uplugin" 577
"../../../Engine/Plugins/VirtualProduction/ActorModifier/ActorModifier.uplugin" 578
"../../../Engine/Plugins/VirtualProduction/ActorModifierCore/ActorModifierCore.uplugin" 579
"../../../Engine/Plugins/Tests/WidgetAutomationTests/WidgetAutomationTests.uplugin" 580
"../../../Engine/Plugins/Tests/RHITests/RHITests.uplugin" 581
"../../../Engine/Plugins/Runtime/ReplicationGraph/ReplicationGraph.uplugin" 582
"../../../Engine/Plugins/VirtualProduction/CameraCalibration/CameraCalibration.uplugin" 583
"../../../Engine/Plugins/VirtualProduction/CameraCalibrationML/CameraCalibrationML.uplugin" 584
"../../../Engine/Plugins/VirtualProduction/CameraCalibrationCore/CameraCalibrationCore.uplugin" 585
"../../../Engine/Plugins/VirtualProduction/CinematicAssemblyTools/CinematicAssemblyTools.uplugin" 586
"../../../Engine/Plugins/VirtualProduction/ClonerEffector/ClonerEffector.uplugin" 587
"../../../Engine/Plugins/VirtualProduction/CompositePlane/CompositePlane.uplugin" 588
"../../../Engine/Plugins/Tests/FbxAutomationTestBuilder/FbxAutomationTestBuilder.uplugin" 589
"../../../Engine/Plugins/Tests/TestSamples/TestSamples.uplugin" 590
"../../../Engine/Plugins/VirtualProduction/DataCharts/DataCharts.uplugin" 591
"../../../Engine/Plugins/VirtualProduction/Avalanche/Avalanche.uplugin" 592
"../../../Engine/Plugins/VirtualProduction/DynamicMaterial/DynamicMaterial.uplugin" 593
"../../../Engine/Plugins/VirtualProduction/GeometryMask/GeometryMask.uplugin" 594
"../../../Engine/Plugins/VirtualProduction/EpicStageApp/EpicStageApp.uplugin" 595
"../../../Engine/Plugins/VirtualProduction/ICVFX/ICVFX.uplugin" 596
"../../../Engine/Plugins/VirtualProduction/LiveLinkCamera/LiveLinkCamera.uplugin" 597
"../../../Engine/Plugins/VirtualProduction/LiveLinkFreeD/LiveLinkFreeD.uplugin" 598
"../../../Engine/Plugins/VirtualProduction/CaptureData/CaptureData.uplugin" 599
"../../../Engine/Plugins/VirtualProduction/CustomDetailsView/CustomDetailsView.uplugin" 600
"../../../Engine/Plugins/VirtualProduction/LiveLinkOpenTrackIO/LiveLinkOpenTrackIO.uplugin" 601
"../../../Engine/Plugins/VirtualProduction/LiveLinkInputDevice/LiveLinkInputDevice.uplugin" 602
"../../../Engine/Plugins/VirtualProduction/LiveLinkLens/LiveLinkLens.uplugin" 603
"../../../Engine/Plugins/VirtualProduction/ICVFXTesting/ICVFXTesting.uplugin" 604
"../../../Engine/Plugins/VirtualProduction/MultiUserTakes/MultiUserTakes.uplugin" 605
"../../../Engine/Plugins/VirtualProduction/OperatorStack/OperatorStack.uplugin" 606
"../../../Engine/Plugins/VirtualProduction/LevelSnapshots/LevelSnapshots.uplugin" 607
"../../../Engine/Plugins/VirtualProduction/LiveLinkVRPN/LiveLinkVRPN.uplugin" 608
"../../../Engine/Plugins/VirtualProduction/LiveLinkPrestonMDR/LiveLinkPrestonMDR.uplugin" 609
"../../../Engine/Plugins/VirtualProduction/PropertyAnimator/PropertyAnimator.uplugin" 610
"../../../Engine/Plugins/VirtualProduction/PerformanceCaptureWorkflow/PerformanceCaptureWorkflow.uplugin" 611
"../../../Engine/Plugins/VirtualProduction/PropertyAnimatorCore/PropertyAnimatorCore.uplugin" 612
"../../../Engine/Plugins/VirtualProduction/RemoteControl/RemoteControl.uplugin" 613
"../../../Engine/Plugins/VirtualProduction/LiveLinkMasterLockit/LiveLinkMasterLockit.uplugin" 614
"../../../Engine/Plugins/VirtualProduction/RemoteControlInterception/RemoteControlInterception.uplugin" 615
"../../../Engine/Plugins/VirtualProduction/LensComponent/LensComponent.uplugin" 616
"../../../Engine/Plugins/VirtualProduction/RemoteControlWebInterface/RemoteControlWebInterface.uplugin" 617
"../../../Engine/Plugins/VirtualProduction/LiveLinkXR/LiveLinkXR.uplugin" 618
"../../../Engine/Plugins/VirtualProduction/RemoteControlProtocolDMX/RemoteControlProtocolDMX.uplugin" 619
"../../../Engine/Plugins/VirtualProduction/StormSync/StormSync.uplugin" 620
"../../../Engine/Plugins/VirtualProduction/StageMonitoring/StageMonitoring.uplugin" 621
"../../../Engine/Plugins/VirtualProduction/Switchboard/Switchboard.uplugin" 622
"../../../Engine/Plugins/VirtualProduction/RemoteControlProtocolMIDI/RemoteControlProtocolMIDI.uplugin" 623
"../../../Engine/Plugins/VirtualProduction/Takes/Takes.uplugin" 624
"../../../Engine/Plugins/VirtualProduction/RemoteControlProtocolOSC/RemoteControlProtocolOSC.uplugin" 625
"../../../Engine/Plugins/VirtualProduction/VirtualCameraCore/VirtualCameraCore.uplugin" 626
"../../../Engine/Plugins/VirtualProduction/SequencerPlaylists/SequencerPlaylists.uplugin" 627
"../../../Engine/Plugins/VirtualProduction/TimedDataMonitor/TimedDataMonitor.uplugin" 628
"../../../Engine/Plugins/VirtualProduction/VirtualScouting/VirtualScouting.uplugin" 629
"../../../Engine/Plugins/VirtualProduction/StormSyncAvalancheBridge/StormSyncAvalancheBridge.uplugin" 630
"../../../Engine/Plugins/Animation/MLDeformer/ChaosFleshGenerator/ChaosFleshGenerator.uplugin" 631
"../../../Engine/Plugins/Animation/MLDeformer/ChaosClothGenerator/ChaosClothGenerator.uplugin" 632
"../../../Engine/Plugins/VirtualProduction/VirtualCamera/VirtualCamera.uplugin" 633
"../../../Engine/Plugins/Animation/MLDeformer/NearestNeighborModel/NearestNeighborModel.uplugin" 634
"../../../Engine/Plugins/Animation/MLDeformer/MLDeformerFramework/MLDeformerFramework.uplugin" 635
"../../../Engine/Plugins/VirtualProduction/TextureShare/TextureShare.uplugin" 636
"../../../Engine/Plugins/Animation/MLDeformer/NeuralMorphModel/NeuralMorphModel.uplugin" 637
"../../../Engine/Plugins/Animation/MLDeformer/VertexDeltaModel/VertexDeltaModel.uplugin" 638
"../../../Engine/Plugins/Developer/Concert/ConcertMain/ConcertMain.uplugin" 639
"../../../Engine/Plugins/Experimental/Animation/CurveExpression/CurveExpression.uplugin" 640
"../../../Engine/Plugins/Editor/Localization/PortableObjectFileDataSource/PortableObjectFileDataSource.uplugin" 641
"../../../Engine/Plugins/Experimental/Animation/HierarchyTable/HierarchyTable.uplugin" 642
"../../../Engine/Plugins/Experimental/Animation/Optimus/Optimus.uplugin" 643
"../../../Engine/Plugins/Experimental/Animation/Locomotor/Locomotor.uplugin" 644
"../../../Engine/Plugins/Experimental/Animation/ContextualAnimation/ContextualAnimation.uplugin" 645
"../../../Engine/Plugins/Experimental/Animation/RigMapper/RigMapper.uplugin" 646
"../../../Engine/Plugins/Experimental/Animation/SkeletalMeshMorphTargetEditingTools/SkeletalMeshMorphTargetEditingTools.uplugin" 647
"../../../Engine/Plugins/Experimental/Animation/TrajectoryTools/TrajectoryTools.uplugin" 648
"../../../Engine/Plugins/Experimental/CharacterFXEditor/ExampleCharacterFXEditor/ExampleCharacterFXEditor.uplugin" 649
"../../../Engine/Plugins/Experimental/Animation/MotionTrajectory/MotionTrajectory.uplugin" 650
"../../../Engine/Plugins/Experimental/Animation/SkeletonTemplateFramework/SkeletonTemplateFramework.uplugin" 651
"../../../Engine/Plugins/Experimental/Enterprise/DataprepGeometryOperations/DataprepGeometryOperations.uplugin" 652
"../../../Engine/Plugins/Experimental/CharacterFXEditor/BaseCharacterFXEditor/BaseCharacterFXEditor.uplugin" 653
"../../../Engine/Plugins/Experimental/Enterprise/DatasmithInterchange/DatasmithInterchange.uplugin" 654
"../../../Engine/Plugins/Runtime/Nvidia/Reflex/Reflex.uplugin" 655
"../../../Engine/Plugins/Experimental/Enterprise/DatasmithRuntime/DatasmithRuntime.uplugin" 656
"../../../Engine/Plugins/Runtime/Windows/WinDualShock/WinDualShock.uplugin" 657
"../../../Engine/Plugins/Experimental/Animation/PackedAttributes/PackedAttributes.uplugin" 658
"../../../Engine/Plugins/Experimental/AVCodecs/AMFCodecs/AMFCodecs.uplugin" 659
"../../../Engine/Plugins/Runtime/Nvidia/GeForceNOWWrapper/GeForceNOWWrapper.uplugin" 660
"../../../Engine/Plugins/Experimental/AVCodecs/AVCodecsCore/AVCodecsCore.uplugin" 661
"../../../Engine/Plugins/Runtime/Advertising/IOSTapJoy/IOSTapJoy.uplugin" 662
"../../../Engine/Plugins/Experimental/AVCodecs/LibVpxCodecs/LibVpxCodecs.uplugin" 663
"../../../Engine/Plugins/Runtime/Windows/XInputDevice/XInputDevice.uplugin" 664
"../../../Engine/Plugins/Editor/ObjectMixer/LightMixer/LightMixer.uplugin" 665
"../../../Engine/Plugins/Editor/ObjectMixer/ObjectMixer/ObjectMixer.uplugin" 666
"../../../Engine/Plugins/Experimental/AVCodecs/WMFCodecs/WMFCodecs.uplugin" 667
"../../../Engine/Plugins/Experimental/AVCodecs/NVCodecs/NVCodecs.uplugin" 668
"../../../Engine/Plugins/VirtualProduction/DMX/DatasmithMVR/DatasmithMVR.uplugin" 669
"../../../Engine/Plugins/Experimental/AVCodecs/VTCodecs/VTCodecs.uplugin" 670
"../../../Engine/Plugins/Experimental/Animation/HierarchyTableAnimation/HierarchyTableAnimation.uplugin" 671
"../../../Engine/Plugins/VirtualProduction/DMX/DMXGDTF/DMXGDTF.uplugin" 672
"../../../Engine/Plugins/VirtualProduction/DMX/DMXPixelMapping/DMXPixelMapping.uplugin" 673
"../../../Engine/Plugins/VirtualProduction/DMX/DMXDisplayCluster/DMXDisplayCluster.uplugin" 674
"../../../Engine/Plugins/VirtualProduction/DMX/DMXProtocol/DMXProtocol.uplugin" 675
"../../../Engine/Plugins/VirtualProduction/DMX/DMXModularFeatures/DMXModularFeatures.uplugin" 676
"../../../Engine/Plugins/VirtualProduction/DMX/DMXFixtures/DMXFixtures.uplugin" 677
"../../../Engine/Plugins/VirtualProduction/Rivermax/RivermaxCore/RivermaxCore.uplugin" 678
"../../../Engine/Plugins/VirtualProduction/Rivermax/RivermaxSync/RivermaxSync.uplugin" 679
"../../../Engine/Plugins/VirtualProduction/DMX/DMXEngine/DMXEngine.uplugin" 680
"../../../Engine/Plugins/VirtualProduction/DMX/DMXControlConsole/DMXControlConsole.uplugin" 681
"../../../Engine/Plugins/Experimental/Compositing/CompositeCore/CompositeCore.uplugin" 682
"../../../Engine/Plugins/VirtualProduction/Rivermax/RivermaxMedia/RivermaxMedia.uplugin" 683
"../../../Engine/Plugins/Experimental/Compositing/HoldoutComposite/HoldoutComposite.uplugin" 684
"../../../Engine/Plugins/Experimental/Web/WebAPI/WebAPI.uplugin" 685
"../../../Engine/Plugins/Runtime/Steam/SteamController/SteamController.uplugin" 686
"../../../Engine/Plugins/Runtime/AR/ARUtilities/ARUtilities.uplugin" 687
"../../../Engine/Plugins/Runtime/Steam/SteamShared/SteamShared.uplugin" 688
"../../../Engine/Plugins/Experimental/VirtualProduction/VPSettings/VPSettings.uplugin" 689
"../../../Engine/Plugins/Experimental/VirtualProduction/VPRoles/VPRoles.uplugin" 690
"../../../Engine/Plugins/Runtime/Steam/SteamAudio/SteamAudio.uplugin" 691
"../../../Engine/Plugins/Experimental/MetaHuman/MetaHumanRuntime/MetaHumanRuntime.uplugin" 692
"../../../Engine/Plugins/Runtime/Analytics/AnalyticsBlueprintLibrary/AnalyticsBlueprintLibrary.uplugin" 693
"../../../Engine/Plugins/Experimental/VirtualProduction/LedWallCalibration/LedWallCalibration.uplugin" 694
"../../../Engine/Plugins/Runtime/Database/DatabaseSupport/DatabaseSupport.uplugin" 695
"../../../Engine/Plugins/Runtime/Analytics/Adjust/Adjust.uplugin" 696
"../../../Engine/Plugins/Runtime/Analytics/FileLogging/FileLogging.uplugin" 697
"../../../Engine/Plugins/Runtime/Database/SQLiteSupport/SQLiteSupport.uplugin" 698
"../../../Engine/Plugins/Runtime/Database/RemoteDatabaseSupport/RemoteDatabaseSupport.uplugin" 699
"../../../Engine/Plugins/Runtime/Database/SQLiteCore/SQLiteCore.uplugin" 700
"../../../Engine/Plugins/Interchange/Extensions/OpenUSD/InterchangeOpenUSD.uplugin" 701
"../../../Engine/Plugins/Runtime/MeshReconstruction/DummyMeshReconstructor/DummyMeshReconstructor.uplugin" 702
"../../../Engine/Plugins/Runtime/Analytics/AnalyticsMulticast/AnalyticsMulticast.uplugin" 703
"../../../Engine/Plugins/Online/Android/AndroidFetchBackgroundDownload/AndroidFetchBackgroundDownload.uplugin" 704
"../../../Engine/Plugins/Runtime/PacketHandlers/AESGCMHandlerComponent/AESGCMHandlerComponent.uplugin" 705
"../../../Engine/Plugins/Runtime/Steam/SteamSockets/SteamSockets.uplugin" 706
"../../../Engine/Plugins/Runtime/PacketHandlers/DTLSHandlerComponent/DTLSHandlerComponent.uplugin" 707
"../../../Engine/Plugins/Interchange/Extensions/OpenVDB/InterchangeOpenVDB.uplugin" 708
"../../../Engine/Plugins/Online/VoiceChat/EOSVoiceChat/EOSVoiceChat.uplugin" 709
"../../../Engine/Plugins/Online/VoiceChat/VoiceChat/VoiceChat.uplugin" 710
"../../../Engine/Plugins/Online/Android/OnlineSubsystemGooglePlay/OnlineSubsystemGooglePlay.uplugin" 711
"../../../Engine/Plugins/Editor/ContentBrowser/ContentBrowserClassDataSource/ContentBrowserClassDataSource.uplugin" 712
"../../../Engine/Plugins/Experimental/PCGInterops/PCGInstancedActorsInterop/PCGInstancedActorsInterop.uplugin" 713
"../../../Engine/Plugins/Editor/ContentBrowser/ContentBrowserAssetDataSource/ContentBrowserAssetDataSource.uplugin" 714
"../../../Engine/Plugins/Runtime/XR/XRScribe/XRScribe.uplugin" 715
"../../../Engine/Plugins/Online/IOS/OnlineSubsystemIOS/OnlineSubsystemIOS.uplugin" 716
"../../../Engine/Plugins/Editor/ContentBrowser/ContentBrowserFileDataSource/ContentBrowserFileDataSource.uplugin" 717
"../../../Engine/Plugins/VirtualProduction/CaptureManager/CaptureManagerApp/CaptureManagerApp.uplugin" 718
"../../../Engine/Plugins/Experimental/PCGInterops/PCGWaterInterop/PCGWaterInterop.uplugin" 719
"../../../Engine/Plugins/Experimental/PCGInterops/PCGNiagaraInterop/PCGNiagaraInterop.uplugin" 720
"../../../Engine/Plugins/Runtime/XR/XRVisualization/XRVisualization.uplugin" 721
"../../../Engine/Plugins/VirtualProduction/CaptureManager/CaptureManagerDevices/CaptureManagerDevices.uplugin" 722
"../../../Engine/Plugins/Runtime/Database/ADOSupport/ADOSupport.uplugin" 723
"../../../Engine/Plugins/Runtime/PacketHandlers/AESHandlerComponent/AESHandlerComponent.uplugin" 724
"../../../Engine/Plugins/VirtualProduction/CaptureManager/CaptureManagerEditor/CaptureManagerEditor.uplugin" 725
"../../../Engine/Plugins/Editor/ContentBrowser/ContentBrowserAliasDataSource/ContentBrowserAliasDataSource.uplugin" 726
"../../../Engine/Plugins/VirtualProduction/CaptureManager/CaptureManagerCore/CaptureManagerCore.uplugin" 727
"../../../Engine/Plugins/Developer/Concert/ConcertInsights/ConcertInsightsCore/ConcertInsightsCore.uplugin" 728
"../../../Engine/Plugins/Developer/Concert/ConcertInsights/ConcertInsightsClient/ConcertInsightsClient.uplugin" 729
"../../../Engine/Plugins/Experimental/Animation/MLDeformer/DetailPoseModel/DetailPoseModel.uplugin" 730
"../../../Engine/Plugins/Developer/Concert/ConcertInsights/ConcertInsightsServer/ConcertInsightsServer.uplugin" 731
"../../../Engine/Plugins/Developer/Concert/ConcertInsights/ConcertInsightsVisualizer/ConcertInsightsVisualizer.uplugin" 732
"../../../Engine/Plugins/Runtime/AR/AppleAR/AppleARKit/AppleARKit.uplugin" 733
"../../../Engine/Plugins/Developer/Concert/ConcertScripting/ConcertReplicationScripting/ConcertReplicationScripting.uplugin" 734
"../../../Engine/Plugins/Runtime/AR/AppleAR/AppleARKitFaceSupport/AppleARKitFaceSupport.uplugin" 735
"../../../Engine/Plugins/Developer/Concert/ConcertSync/ConcertSyncServer/ConcertSyncServer.uplugin" 736
"../../../Engine/Plugins/Developer/Concert/ConcertSync/ConcertSyncClient/ConcertSyncClient.uplugin" 737
"../../../Engine/Plugins/Developer/Concert/ConcertSync/ConcertSyncTest/ConcertSyncTest.uplugin" 738
"../../../Engine/Plugins/Developer/Concert/ConcertApp/MultiUserClient/MultiUserClient.uplugin" 739
"../../../Engine/Plugins/Developer/Concert/ConcertSync/ConcertSyncCore/ConcertSyncCore.uplugin" 740
"../../../Engine/Plugins/Developer/Concert/ConcertUI/ConcertClientSharedSlate/ConcertClientSharedSlate.uplugin" 741
"../../../Engine/Plugins/Developer/Concert/ConcertApp/MultiUserServer/MultiUserServer.uplugin" 742
"../../../Engine/Plugins/Runtime/AR/Google/GoogleARCore/GoogleARCore.uplugin" 743
"../../../Engine/Plugins/Developer/Concert/ConcertApp/DisasterRecoveryClient/DisasterRecoveryClient.uplugin" 744
"../../../Engine/Plugins/Developer/Concert/ConcertUI/ConcertSharedSlate/ConcertSharedSlate.uplugin" 745
"../../../Engine/Plugins/Runtime/AR/Google/GoogleARCoreServices/GoogleARCoreServices.uplugin" 746
"../../../Engine/Platforms/Android/Plugins/RigLogic/RigLogic_Android.uplugin" 747
"../../../Engine/Platforms/Android/Plugins/Animation/ACLPlugin/ACLPlugin_Android.uplugin" 748
"../../../Engine/Platforms/IOS/Plugins/RigLogic/RigLogic_IOS.uplugin" 749
"../../../Engine/Content/Internationalization/icudt64l/cnvalias.icu" 750
"../../../Engine/Content/Internationalization/icudt64l/res_index.res" 751
"../../../Engine/Content/Internationalization/icudt64l/plurals.res" 752
"../../../Engine/Content/Internationalization/icudt64l/lang/it.res" 753
"../../../Engine/Content/Internationalization/icudt64l/lang/pool.res" 754
"../../../Engine/Content/Internationalization/icudt64l/lang/root.res" 755
"../../../Engine/Content/Internationalization/icudt64l/region/it.res" 756
"../../../Engine/Content/Internationalization/icudt64l/region/pool.res" 757
"../../../Engine/Content/Internationalization/icudt64l/region/root.res" 758
"../../../Engine/Content/Internationalization/icudt64l/lang/en.res" 759
"../../../Engine/Content/Internationalization/icudt64l/region/en.res" 760
"../../../Engine/Content/Internationalization/icudt64l/windowsZones.res" 761
"../../../Engine/Content/Internationalization/icudt64l/zoneinfo64.res" 762
"../../../Engine/Content/Internationalization/icudt64l/keyTypeData.res" 763
"../../../Engine/Content/Internationalization/icudt64l/timezoneTypes.res" 764
"../../../Engine/Content/Internationalization/icudt64l/likelySubtags.res" 765
"../../../Engine/Content/Internationalization/icudt64l/it_IT.res" 766
"../../../Engine/Content/Internationalization/icudt64l/pool.res" 767
"../../../Engine/Content/Internationalization/icudt64l/it.res" 768
"../../../Engine/Content/Internationalization/icudt64l/root.res" 769
"../../../Engine/Content/Internationalization/icudt64l/supplementalData.res" 770
"../../../Engine/Config/ConfigRedirects.ini" 771
"C:/Users/nicol/AppData/Local/UnrealEngine/5.6/Saved/Config/WindowsEditor/Manifest.ini" 772
"../../../Engine/Config/BaseEngine.ini" 773
"../../../Engine/Config/Windows/BaseWindowsEngine.ini" 774
"../../../../ProgrammazioneAvanzata/ImpetusFirstLevel/Config/DefaultEngine.ini" 775
"../../../Engine/Config/BaseGame.ini" 776
"../../../../ProgrammazioneAvanzata/ImpetusFirstLevel/Config/DefaultGame.ini" 777
"../../../Engine/Config/Windows/WindowsGame.ini" 778
"D:/ProgrammazioneAvanzata/ImpetusFirstLevel/Saved/Config/WindowsEditor/Game.ini" 779
"../../../Engine/Config/BaseInput.ini" 780
"../../../Engine/Config/Windows/BaseWindowsInput.ini" 781
"../../../../ProgrammazioneAvanzata/ImpetusFirstLevel/Config/DefaultInput.ini" 782
"../../../Engine/Config/Windows/WindowsInput.ini" 783
"../../../Engine/Config/BaseDeviceProfiles.ini" 784
"../../../Engine/Config/BaseGameUserSettings.ini" 785
"D:/ProgrammazioneAvanzata/ImpetusFirstLevel/Saved/Config/WindowsEditor/GameUserSettings.ini" 786
"../../../Engine/Config/BaseScalability.ini" 787
"../../../Engine/Config/BaseRuntimeOptions.ini" 788
"../../../Engine/Config/BaseInstallBundle.ini" 789
"../../../Engine/Config/BaseHardware.ini" 790
"../../../Engine/Config/BaseCompat.ini" 791
"../../../Engine/Config/BaseLightmass.ini" 792
"../../../Engine/Config/BaseEditor.ini" 793
"../../../../ProgrammazioneAvanzata/ImpetusFirstLevel/Config/DefaultEditor.ini" 794
"../../../Engine/Config/BaseMaterialExpressions.ini" 795
"../../../Engine/Config/BaseEditorPerProjectUserSettings.ini" 796
"../../../Engine/Config/Windows/WindowsEditorPerProjectUserSettings.ini" 797
"D:/ProgrammazioneAvanzata/ImpetusFirstLevel/Saved/Config/WindowsEditor/EditorPerProjectUserSettings.ini" 798
"../../../Engine/Config/BaseEditorSettings.ini" 799
"../../../Engine/Config/Windows/WindowsEditorSettings.ini" 800
"C:/Users/nicol/AppData/Local/UnrealEngine/5.6/Saved/Config/WindowsEditor/EditorSettings.ini" 801
"../../../Engine/Config/BaseEditorKeyBindings.ini" 802
"C:/Users/nicol/AppData/Local/UnrealEngine/5.6/Saved/Config/WindowsEditor/EditorLayout.ini" 803
"../../../../ProgrammazioneAvanzata/ImpetusFirstLevel/Binaries/Win64/ImpetusFirstLevel.target" 804
"../../../../ProgrammazioneAvanzata/ImpetusFirstLevel/Binaries/Win64/ImpetusFirstLevelEditor.target" 805
"../../../Engine/Config/Unix/UnixEngine.ini" 806
"../../../Engine/Config/IOS/BaseIOSEngine.ini" 807
"../../../Engine/Config/Mac/BaseMacEngine.ini" 808
"../../../Engine/Config/Android/BaseAndroidEngine.ini" 809
"../../../Engine/Config/Linux/BaseLinuxEngine.ini" 810
"../../../Engine/Config/Android/AndroidEngine.ini" 811
"../../../Engine/Config/IOS/BaseIOSGame.ini" 812
"../../../Engine/Config/TVOS/TVOSEngine.ini" 813
"../../../Engine/Config/Linux/LinuxEngine.ini" 814
"../../../Engine/Config/Mac/MacGame.ini" 815
"../../../Engine/Config/IOS/IOSGame.ini" 816
"../../../Engine/Config/Android/BaseAndroidGame.ini" 817
"../../../Engine/Config/Mac/BaseMacInput.ini" 818
"../../../Engine/Config/IOS/BaseIOSInput.ini" 819
"../../../Engine/Config/Android/BaseAndroidInput.ini" 820
"../../../Engine/Config/Linux/LinuxGame.ini" 821
"../../../Engine/Config/IOS/IOSScalability.ini" 822
"../../../Engine/Config/Android/AndroidScalability.ini" 823
"../../../Engine/Config/IOS/BaseIOSInstallBundle.ini" 824
"../../../Engine/Config/Android/BaseAndroidInstallBundle.ini" 825
"../../../Engine/Platforms/VisionOS/Config/BaseVisionOSEngine.ini" 826
"../../../Engine/Platforms/VisionOS/Config/VisionOSEngine.ini" 827
"../../../Engine/Config/PluginBase.ini" 828
"../../../Engine/Plugins/ChaosVD/Config/DefaultChaosVD.ini" 829
"../../../Engine/Plugins/EnhancedInput/Config/BaseEnhancedInput.ini" 830
"../../../Engine/Plugins/Fab/Config/BaseFab.ini" 831
"../../../Engine/Plugins/TraceUtilities/Config/BaseTraceUtilities.ini" 832
"../../../Engine/Plugins/MetaHuman/MetaHumanSDK/Config/BaseMetaHumanSDK.ini" 833
"../../../Engine/Plugins/2D/Paper2D/Config/BasePaper2D.ini" 834
"../../../Engine/Plugins/Animation/ControlRig/Config/BaseControlRig.ini" 835
"../../../Engine/Plugins/Animation/DeformerGraph/Config/BaseDeformerGraph.ini" 836
"../../../Engine/Plugins/Animation/IKRig/Config/BaseIKRig.ini" 837
"../../../Engine/Plugins/Cameras/GameplayCameras/Config/BaseGameplayCameras.ini" 838
"../../../Engine/Plugins/Editor/EditorScriptingUtilities/Config/BaseEditorScriptingUtilities.ini" 839
"../../../Engine/Plugins/Enterprise/DatasmithContent/Config/BaseDatasmithContent.ini" 840
"../../../Engine/Plugins/Enterprise/GLTFExporter/Config/BaseGLTFExporter.ini" 841
"../../../Engine/Plugins/Enterprise/GLTFExporter/Config/DefaultGLTFExporter.ini" 842
"../../../Engine/Plugins/Enterprise/VariantManagerContent/Config/BaseVariantManagerContent.ini" 843
"../../../Engine/Plugins/Experimental/FullBodyIK/Config/BaseFullBodyIK.ini" 844
"../../../Engine/Plugins/Experimental/ToolPresets/Config/BaseToolPresets.ini" 845
"../../../Engine/Plugins/Interchange/Assets/Config/BaseInterchangeAssets.ini" 846
"../../../Engine/Plugins/FX/Niagara/Config/BaseNiagara.ini" 847
"../../../Engine/Plugins/Interchange/Runtime/Config/BaseInterchange.ini" 848
"../../../Engine/Plugins/Runtime/HairStrands/Config/BaseHairStrands.ini" 849
"../../../Engine/Plugins/Runtime/Metasound/Config/BaseMetasound.ini" 850
"../../../Engine/Plugins/Runtime/Metasound/Config/DefaultMetasound.ini" 851
"../../../Engine/Plugins/Runtime/PropertyBindingUtils/Config/BasePropertyBindingUtils.ini" 852
"../../../Engine/Plugins/Runtime/RigVM/Config/BaseRigVM.ini" 853
"../../../Engine/Plugins/Runtime/Synthesis/Config/BaseSynthesis.ini" 854
"../../../Engine/Plugins/Runtime/StateTree/Config/BaseStateTree.ini" 855
"../../../Engine/Plugins/VirtualProduction/CameraCalibrationCore/Config/BaseCameraCalibrationCore.ini" 856
"../../../Engine/Plugins/VirtualProduction/Takes/Config/BaseTakes.ini" 857
"../../../Engine/Plugins/Experimental/Compositing/CompositeCore/Config/BaseCompositeCore.ini" 858
"../../../Engine/Plugins/ChaosVD/Config/Engine.ini" 859
"../../../Engine/Plugins/EnhancedInput/Config/Input.ini" 860
"../../../Engine/Plugins/Runtime/InputDebugging/Config/Input.ini" 861
"../../../Engine/Plugins/Runtime/Windows/XInputDevice/Config/Input.ini" 862
"../../../Engine/Plugins/Online/OnlineSubsystemUtils/Config/Editor.ini" 863
"../../../Engine/Plugins/Runtime/RigVM/Config/Editor.ini" 864
"../../../Engine/Plugins/NNE/NNEDenoiser/Config/Game.ini" 865
"../../../Engine/Plugins/Editor/ModelingToolsEditorMode/Binaries/Win64/UnrealEditor.modules" 866
"../../../Engine/Plugins/Runtime/MeshModelingToolset/Binaries/Win64/UnrealEditor.modules" 867
"../../../Engine/Plugins/Experimental/MeshModelingToolsetExp/Binaries/Win64/UnrealEditor.modules" 868
"../../../Engine/Plugins/Editor/MeshLODToolset/Binaries/Win64/UnrealEditor.modules" 869
"../../../Engine/Plugins/Experimental/ToolPresets/Binaries/Win64/UnrealEditor.modules" 870
"../../../Engine/Plugins/Editor/StylusInput/Binaries/Win64/UnrealEditor.modules" 871
"../../../Engine/Plugins/Runtime/GeometryProcessing/Binaries/Win64/UnrealEditor.modules" 872
"../../../Engine/Plugins/Editor/ProxyLODPlugin/Binaries/Win64/UnrealEditor.modules" 873
"../../../Engine/Plugins/Experimental/PlanarCutPlugin/Binaries/Win64/UnrealEditor.modules" 874
"../../../Engine/Plugins/Runtime/GeometryCache/Binaries/Win64/UnrealEditor.modules" 875
"../../../Engine/Plugins/Experimental/GeometryFlow/Binaries/Win64/UnrealEditor.modules" 876
"../../../Engine/Plugins/Editor/EditorScriptingUtilities/Binaries/Win64/UnrealEditor.modules" 877
"../../../Engine/Plugins/FX/Niagara/Binaries/Win64/UnrealEditor.modules" 878
"../../../Engine/Plugins/Experimental/PythonScriptPlugin/Binaries/Win64/UnrealEditor.modules" 879
"../../../Engine/Plugins/Editor/ContentBrowser/ContentBrowserFileDataSource/Binaries/Win64/UnrealEditor.modules" 880
"../../../Engine/Plugins/Experimental/Water/Binaries/Win64/UnrealEditor.modules" 881
"../../../Engine/Plugins/Experimental/Landmass/Binaries/Win64/UnrealEditor.modules" 882
"../../../Engine/Plugins/Editor/BlueprintMaterialTextureNodes/Binaries/Win64/UnrealEditor.modules" 883
"../../../Engine/Plugins/Marketplace/AsyncLoabb9e7e751a1fV12/Binaries/Win64/UnrealEditor.modules" 884
"../../../Engine/Plugins/Bridge/Binaries/Win64/UnrealEditor.modules" 885
"../../../Engine/Plugins/MetaHuman/MetaHumanSDK/Binaries/Win64/UnrealEditor.modules" 886
"../../../Engine/Plugins/Animation/ControlRig/Binaries/Win64/UnrealEditor.modules" 887
"../../../Engine/Plugins/Runtime/HairStrands/Binaries/Win64/UnrealEditor.modules" 888
"../../../Engine/Plugins/Animation/RigLogic/Binaries/Win64/UnrealEditor.modules" 889
"../../../Engine/Plugins/Online/EOSShared/Binaries/Win64/UnrealEditor.modules" 890
"../../../Engine/Plugins/Runtime/RigVM/Binaries/Win64/UnrealEditor.modules" 891
"../../../Engine/Plugins/MovieScene/LevelSequenceEditor/Binaries/Win64/UnrealEditor.modules" 892
"../../../Engine/Plugins/Runtime/PropertyAccess/Binaries/Win64/UnrealEditor.modules" 893
"../../../Engine/Plugins/MovieScene/SequencerScripting/Binaries/Win64/UnrealEditor.modules" 894
"../../../Engine/Plugins/Animation/TweeningUtils/Binaries/Win64/UnrealEditor.modules" 895
"../../../Engine/Plugins/Animation/DeformerGraph/Binaries/Win64/UnrealEditor.modules" 896
"../../../Engine/Plugins/Experimental/Dataflow/Binaries/Win64/UnrealEditor.modules" 897
"../../../Engine/Plugins/Runtime/ComputeFramework/Binaries/Win64/UnrealEditor.modules" 898
"../../../Engine/Plugins/Experimental/CharacterFXEditor/BaseCharacterFXEditor/Binaries/Win64/UnrealEditor.modules" 899
"../../../Engine/Plugins/Runtime/ProceduralMeshComponent/Binaries/Win64/UnrealEditor.modules" 900
"../../../Engine/Plugins/Experimental/ChaosCaching/Binaries/Win64/UnrealEditor.modules" 901
"../../../Engine/Plugins/Experimental/EditorDataStorage/Binaries/Win64/UnrealEditor.modules" 902
"../../../Engine/Plugins/Experimental/EditorDataStorageFeatures/Binaries/Win64/UnrealEditor.modules" 903
"../../../Engine/Plugins/VirtualProduction/Takes/Binaries/Win64/UnrealEditor.modules" 904
"../../../Engine/Plugins/Runtime/AudioCapture/Binaries/Win64/UnrealEditor.modules" 905
"../../../Engine/Plugins/Developer/NamingTokens/Binaries/Win64/UnrealEditor.modules" 906
"../../../Engine/Plugins/Editor/EngineAssetDefinitions/Binaries/Win64/UnrealEditor.modules" 907
"../../../Engine/Plugins/ChaosCloth/Binaries/Win64/UnrealEditor.modules" 908
"../../../Engine/Plugins/ChaosInsights/Binaries/Win64/UnrealEditor.modules" 909
"../../../Engine/Plugins/ChaosVD/Binaries/Win64/UnrealEditor.modules" 910
"../../../Engine/Plugins/CmdLinkServer/Binaries/Win64/UnrealEditor.modules" 911
"../../../Engine/Plugins/EnhancedInput/Binaries/Win64/UnrealEditor.modules" 912
"../../../Engine/Plugins/Editor/DataValidation/Binaries/Win64/UnrealEditor.modules" 913
"../../../Engine/Plugins/Fab/Binaries/Win64/UnrealEditor.modules" 914
"../../../Engine/Plugins/Interchange/Runtime/Binaries/Win64/UnrealEditor.modules" 915
"../../../Engine/Plugins/Enterprise/VariantManagerContent/Binaries/Win64/UnrealEditor.modules" 916
"../../../Engine/Plugins/Enterprise/VariantManager/Binaries/Win64/UnrealEditor.modules" 917
"../../../Engine/Plugins/Interchange/Assets/Binaries/Win64/UnrealEditor.modules" 918
"../../../Engine/Plugins/FastBuildController/Binaries/Win64/UnrealEditor.modules" 919
"../../../Engine/Plugins/IoStoreInsights/Binaries/Win64/UnrealEditor.modules" 920
"../../../Engine/Plugins/MassInsights/Binaries/Win64/UnrealEditor.modules" 921
"../../../Engine/Plugins/MeshPainting/Binaries/Win64/UnrealEditor.modules" 922
"../../../Engine/Plugins/Interchange/Editor/Binaries/Win64/UnrealEditor.modules" 923
"../../../Engine/Plugins/RenderGraphInsights/Binaries/Win64/UnrealEditor.modules" 924
"../../../Engine/Plugins/TraceUtilities/Binaries/Win64/UnrealEditor.modules" 925
"../../../Engine/Plugins/UbaController/Binaries/Win64/UnrealEditor.modules" 926
"../../../Engine/Plugins/WorldMetrics/Binaries/Win64/UnrealEditor.modules" 927
"../../../Engine/Plugins/XGEController/Binaries/Win64/UnrealEditor.modules" 928
"../../../Engine/Plugins/Importers/AlembicImporter/Binaries/Win64/UnrealEditor.modules" 929
"../../../Engine/Plugins/Online/OnlineBase/Binaries/Win64/UnrealEditor.modules" 930
"../../../Engine/Plugins/Online/OnlineSubsystem/Binaries/Win64/UnrealEditor.modules" 931
"../../../Engine/Plugins/Online/OnlineSubsystemNull/Binaries/Win64/UnrealEditor.modules" 932
"../../../Engine/Plugins/Online/OnlineSubsystemUtils/Binaries/Win64/UnrealEditor.modules" 933
"../../../Engine/Plugins/Online/OnlineServices/Binaries/Win64/UnrealEditor.modules" 934
"../../../Engine/Plugins/Portal/LauncherChunkInstaller/Binaries/Win64/UnrealEditor.modules" 935
"../../../Engine/Plugins/2D/Paper2D/Binaries/Win64/UnrealEditor.modules" 936
"../../../Engine/Plugins/AI/AISupport/Binaries/Win64/UnrealEditor.modules" 937
"../../../Engine/Plugins/AI/EnvironmentQueryEditor/Binaries/Win64/UnrealEditor.modules" 938
"../../../Engine/Plugins/Animation/ACLPlugin/Binaries/Win64/UnrealEditor.modules" 939
"../../../Engine/Plugins/Animation/AnimationData/Binaries/Win64/UnrealEditor.modules" 940
"../../../Engine/Plugins/Animation/AnimationModifierLibrary/Binaries/Win64/UnrealEditor.modules" 941
"../../../Engine/Plugins/Animation/BlendSpaceMotionAnalysis/Binaries/Win64/UnrealEditor.modules" 942
"../../../Engine/Plugins/Animation/ControlRigSpline/Binaries/Win64/UnrealEditor.modules" 943
"../../../Engine/Plugins/Animation/IKRig/Binaries/Win64/UnrealEditor.modules" 944
"../../../Engine/Plugins/Experimental/FullBodyIK/Binaries/Win64/UnrealEditor.modules" 945
"../../../Engine/Plugins/Animation/SkeletalMeshModelingTools/Binaries/Win64/UnrealEditor.modules" 946
"../../../Engine/Plugins/Cameras/CameraShakePreviewer/Binaries/Win64/UnrealEditor.modules" 947
"../../../Engine/Plugins/Cameras/GameplayCameras/Binaries/Win64/UnrealEditor.modules" 948
"../../../Engine/Plugins/VirtualProduction/CameraCalibrationCore/Binaries/Win64/UnrealEditor.modules" 949
"../../../Engine/Plugins/Runtime/StateTree/Binaries/Win64/UnrealEditor.modules" 950
"../../../Engine/Plugins/MovieScene/TemplateSequence/Binaries/Win64/UnrealEditor.modules" 951
"../../../Engine/Plugins/Animation/GameplayInsights/Binaries/Win64/UnrealEditor.modules" 952
"../../../Engine/Plugins/Runtime/PropertyBindingUtils/Binaries/Win64/UnrealEditor.modules" 953
"../../../Engine/Plugins/Cameras/EngineCameras/Binaries/Win64/UnrealEditor.modules" 954
"../../../Engine/Plugins/Compression/OodleNetwork/Binaries/Win64/UnrealEditor.modules" 955
"../../../Engine/Plugins/Developer/AnimationSharing/Binaries/Win64/UnrealEditor.modules" 956
"../../../Engine/Plugins/Runtime/SignificanceManager/Binaries/Win64/UnrealEditor.modules" 957
"../../../Engine/Plugins/Developer/CLionSourceCodeAccess/Binaries/Win64/UnrealEditor.modules" 958
"../../../Engine/Plugins/Developer/DumpGPUServices/Binaries/Win64/UnrealEditor.modules" 959
"../../../Engine/Plugins/Developer/GitSourceControl/Binaries/Win64/UnrealEditor.modules" 960
"../../../Engine/Plugins/Developer/N10XSourceCodeAccess/Binaries/Win64/UnrealEditor.modules" 961
"../../../Engine/Plugins/Developer/PerforceSourceControl/Binaries/Win64/UnrealEditor.modules" 962
"../../../Engine/Plugins/Developer/PixWinPlugin/Binaries/Win64/UnrealEditor.modules" 963
"../../../Engine/Plugins/Developer/PlasticSourceControl/Binaries/Win64/UnrealEditor.modules" 964
"../../../Engine/Plugins/Developer/PluginUtils/Binaries/Win64/UnrealEditor.modules" 965
"../../../Engine/Plugins/Developer/ProjectLauncher/Binaries/Win64/UnrealEditor.modules" 966
"../../../Engine/Plugins/Developer/PropertyAccessNode/Binaries/Win64/UnrealEditor.modules" 967
"../../../Engine/Plugins/Developer/RiderSourceCodeAccess/Binaries/Win64/UnrealEditor.modules" 968
"../../../Engine/Plugins/Developer/SubversionSourceControl/Binaries/Win64/UnrealEditor.modules" 969
"../../../Engine/Plugins/Developer/TextureFormatOodle/Binaries/Win64/UnrealEditor.modules" 970
"../../../Engine/Plugins/Developer/UObjectPlugin/Binaries/Win64/UnrealEditor.modules" 971
"../../../Engine/Plugins/Developer/VisualStudioCodeSourceCodeAccess/Binaries/Win64/UnrealEditor.modules" 972
"../../../Engine/Plugins/Developer/RenderDocPlugin/Binaries/Win64/UnrealEditor.modules" 973
"../../../Engine/Plugins/Developer/VisualStudioSourceCodeAccess/Binaries/Win64/UnrealEditor.modules" 974
"../../../Engine/Plugins/Editor/BlueprintHeaderView/Binaries/Win64/UnrealEditor.modules" 975
"../../../Engine/Plugins/Editor/AssetManagerEditor/Binaries/Win64/UnrealEditor.modules" 976
"../../../Engine/Plugins/Editor/ContentBrowser/ContentBrowserAssetDataSource/Binaries/Win64/UnrealEditor.modules" 977
"../../../Engine/Plugins/Editor/ChangelistReview/Binaries/Win64/UnrealEditor.modules" 978
"../../../Engine/Plugins/Editor/CryptoKeys/Binaries/Win64/UnrealEditor.modules" 979
"../../../Engine/Plugins/Editor/ColorGrading/Binaries/Win64/UnrealEditor.modules" 980
"../../../Engine/Plugins/Editor/ObjectMixer/ObjectMixer/Binaries/Win64/UnrealEditor.modules" 981
"../../../Engine/Plugins/Editor/CurveEditorTools/Binaries/Win64/UnrealEditor.modules" 982
"../../../Engine/Plugins/Editor/EditorDebugTools/Binaries/Win64/UnrealEditor.modules" 983
"../../../Engine/Plugins/Editor/GameplayTagsEditor/Binaries/Win64/UnrealEditor.modules" 984
"../../../Engine/Plugins/Editor/GeometryMode/Binaries/Win64/UnrealEditor.modules" 985
"../../../Engine/Plugins/Editor/FacialAnimation/Binaries/Win64/UnrealEditor.modules" 986
"../../../Engine/Plugins/Editor/MobileLauncherProfileWizard/Binaries/Win64/UnrealEditor.modules" 987
"../../../Engine/Plugins/Editor/MaterialAnalyzer/Binaries/Win64/UnrealEditor.modules" 988
"../../../Engine/Plugins/Editor/PluginBrowser/Binaries/Win64/UnrealEditor.modules" 989
"../../../Engine/Plugins/Editor/SequencerAnimTools/Binaries/Win64/UnrealEditor.modules" 990
"../../../Engine/Plugins/Editor/UMGWidgetPreview/Binaries/Win64/UnrealEditor.modules" 991
"../../../Engine/Plugins/Editor/UVEditor/Binaries/Win64/UnrealEditor.modules" 992
"../../../Engine/Plugins/Editor/WorldPartitionHLODUtilities/Binaries/Win64/UnrealEditor.modules" 993
"../../../Engine/Plugins/Editor/SpeedTreeImporter/Binaries/Win64/UnrealEditor.modules" 994
"../../../Engine/Plugins/Enterprise/DatasmithContent/Binaries/Win64/UnrealEditor.modules" 995
"../../../Engine/Plugins/Enterprise/GLTFExporter/Binaries/Win64/UnrealEditor.modules" 996
"../../../Engine/Plugins/Experimental/AdvancedRenamer/Binaries/Win64/UnrealEditor.modules" 997
"../../../Engine/Plugins/Experimental/AutomationUtils/Binaries/Win64/UnrealEditor.modules" 998
"../../../Engine/Plugins/Experimental/BackChannel/Binaries/Win64/UnrealEditor.modules" 999
"../../../Engine/Plugins/Experimental/ChaosEditor/Binaries/Win64/UnrealEditor.modules" 1000
"../../../Engine/Plugins/Experimental/GeometryCollectionPlugin/Binaries/Win64/UnrealEditor.modules" 1001
"../../../Engine/Plugins/Experimental/Fracture/Binaries/Win64/UnrealEditor.modules" 1002
"../../../Engine/Plugins/Experimental/ChaosSolverPlugin/Binaries/Win64/UnrealEditor.modules" 1003
"../../../Engine/Plugins/Experimental/GeometryDataflow/Binaries/Win64/UnrealEditor.modules" 1004
"../../../Engine/Plugins/Experimental/ChaosNiagara/Binaries/Win64/UnrealEditor.modules" 1005
"../../../Engine/Plugins/Experimental/ChaosUserDataPT/Binaries/Win64/UnrealEditor.modules" 1006
"../../../Engine/Plugins/Experimental/CharacterAI/Binaries/Win64/UnrealEditor.modules" 1007
"../../../Engine/Plugins/Experimental/EditorTelemetry/Binaries/Win64/UnrealEditor.modules" 1008
"../../../Engine/Plugins/Experimental/EditorPerformance/Binaries/Win64/UnrealEditor.modules" 1009
"../../../Engine/Plugins/Experimental/LevelSequenceNavigatorBridge/Binaries/Win64/UnrealEditor.modules" 1010
"../../../Engine/Plugins/Experimental/SequenceNavigator/Binaries/Win64/UnrealEditor.modules" 1011
"../../../Engine/Plugins/Experimental/LocalizableMessage/Binaries/Win64/UnrealEditor.modules" 1012
"../../../Engine/Plugins/Experimental/NFORDenoise/Binaries/Win64/UnrealEditor.modules" 1013
"../../../Engine/Plugins/Experimental/PlatformCrypto/Binaries/Win64/UnrealEditor.modules" 1014
"../../../Engine/Plugins/Experimental/RuntimeTelemetry/Binaries/Win64/UnrealEditor.modules" 1015
"../../../Engine/Plugins/Experimental/SkeletalReduction/Binaries/Win64/UnrealEditor.modules" 1016
"../../../Engine/Plugins/FX/Cascade/Binaries/Win64/UnrealEditor.modules" 1017
"../../../Engine/Plugins/FX/NiagaraSimCaching/Binaries/Win64/UnrealEditor.modules" 1018
"../../../Engine/Plugins/Media/AndroidMedia/Binaries/Win64/UnrealEditor.modules" 1019
"../../../Engine/Plugins/Media/AvfMedia/Binaries/Win64/UnrealEditor.modules" 1020
"../../../Engine/Plugins/Media/ImgMedia/Binaries/Win64/UnrealEditor.modules" 1021
"../../../Engine/Plugins/Media/MediaPlayerEditor/Binaries/Win64/UnrealEditor.modules" 1022
"../../../Engine/Plugins/Media/MediaCompositing/Binaries/Win64/UnrealEditor.modules" 1023
"../../../Engine/Plugins/Media/MediaPlate/Binaries/Win64/UnrealEditor.modules" 1024
"../../../Engine/Plugins/Experimental/Compositing/CompositeCore/Binaries/Win64/UnrealEditor.modules" 1025
"../../../Engine/Plugins/Media/WmfMedia/Binaries/Win64/UnrealEditor.modules" 1026
"../../../Engine/Plugins/Messaging/TcpMessaging/Binaries/Win64/UnrealEditor.modules" 1027
"../../../Engine/Plugins/MovieScene/ActorSequence/Binaries/Win64/UnrealEditor.modules" 1028
"../../../Engine/Plugins/Messaging/UdpMessaging/Binaries/Win64/UnrealEditor.modules" 1029
"../../../Engine/Plugins/NNE/NNEDenoiser/Binaries/Win64/UnrealEditor.modules" 1030
"../../../Engine/Plugins/NNE/NNERuntimeORT/Binaries/Win64/UnrealEditor.modules" 1031
"../../../Engine/Plugins/Runtime/AndroidDeviceProfileSelector/Binaries/Win64/UnrealEditor.modules" 1032
"../../../Engine/Plugins/Runtime/AndroidFileServer/Binaries/Win64/UnrealEditor.modules" 1033
"../../../Engine/Plugins/Runtime/ActorLayerUtilities/Binaries/Win64/UnrealEditor.modules" 1034
"../../../Engine/Plugins/Runtime/AppleImageUtils/Binaries/Win64/UnrealEditor.modules" 1035
"../../../Engine/Plugins/Runtime/ArchVisCharacter/Binaries/Win64/UnrealEditor.modules" 1036
"../../../Engine/Plugins/Runtime/AssetTags/Binaries/Win64/UnrealEditor.modules" 1037
"../../../Engine/Plugins/Runtime/CableComponent/Binaries/Win64/UnrealEditor.modules" 1038
"../../../Engine/Plugins/Runtime/AndroidPermission/Binaries/Win64/UnrealEditor.modules" 1039
"../../../Engine/Plugins/Runtime/ChunkDownloader/Binaries/Win64/UnrealEditor.modules" 1040
"../../../Engine/Plugins/Runtime/ExampleDeviceProfileSelector/Binaries/Win64/UnrealEditor.modules" 1041
"../../../Engine/Plugins/Runtime/CustomMeshComponent/Binaries/Win64/UnrealEditor.modules" 1042
"../../../Engine/Plugins/Runtime/GooglePAD/Binaries/Win64/UnrealEditor.modules" 1043
"../../../Engine/Plugins/Runtime/InputDebugging/Binaries/Win64/UnrealEditor.modules" 1044
"../../../Engine/Plugins/Runtime/LocationServicesBPLibrary/Binaries/Win64/UnrealEditor.modules" 1045
"../../../Engine/Plugins/Runtime/Metasound/Binaries/Win64/UnrealEditor.modules" 1046
"../../../Engine/Plugins/Runtime/AudioWidgets/Binaries/Win64/UnrealEditor.modules" 1047
"../../../Engine/Plugins/Runtime/AudioSynesthesia/Binaries/Win64/UnrealEditor.modules" 1048
"../../../Engine/Plugins/Runtime/WaveTable/Binaries/Win64/UnrealEditor.modules" 1049
"../../../Engine/Plugins/Runtime/MobilePatchingUtils/Binaries/Win64/UnrealEditor.modules" 1050
"../../../Engine/Plugins/Runtime/MsQuic/Binaries/Win64/UnrealEditor.modules" 1051
"../../../Engine/Plugins/Runtime/ResonanceAudio/Binaries/Win64/UnrealEditor.modules" 1052
"../../../Engine/Plugins/Runtime/SoundFields/Binaries/Win64/UnrealEditor.modules" 1053
"../../../Engine/Plugins/Runtime/Synthesis/Binaries/Win64/UnrealEditor.modules" 1054
"../../../Engine/Plugins/Runtime/WebMMoviePlayer/Binaries/Win64/UnrealEditor.modules" 1055
"../../../Engine/Plugins/Media/WebMMedia/Binaries/Win64/UnrealEditor.modules" 1056
"../../../Engine/Plugins/Runtime/WindowsDeviceProfileSelector/Binaries/Win64/UnrealEditor.modules" 1057
"../../../Engine/Plugins/Runtime/WindowsMoviePlayer/Binaries/Win64/UnrealEditor.modules" 1058
"../../../Engine/Plugins/Tests/InterchangeTests/Binaries/Win64/UnrealEditor.modules" 1059
"../../../Engine/Plugins/Editor/Localization/PortableObjectFileDataSource/Binaries/Win64/UnrealEditor.modules" 1060
"../../../Engine/Plugins/Runtime/Windows/XInputDevice/Binaries/Win64/UnrealEditor.modules" 1061
"../../../Engine/Plugins/Editor/ObjectMixer/LightMixer/Binaries/Win64/UnrealEditor.modules" 1062
"../../../Engine/Plugins/Editor/ContentBrowser/ContentBrowserClassDataSource/Binaries/Win64/UnrealEditor.modules" 1063
"../../../Engine/Config/BaseSourceControlSettings.ini" 1064
"../../../Engine/Content/Internationalization/icudt64l/coll/ucadata.icu" 1065
"../../../Engine/Content/Internationalization/icudt64l/coll/it.res" 1066
"../../../Engine/Content/Internationalization/icudt64l/coll/root.res" 1067
"../../../Engine/Content/Certificates/ThirdParty/cacert.pem" 1068
"../../../Engine/Config/ConsoleVariables.ini" 1069
"../../../Engine/Binaries/Win64/Android/UnrealEditor.modules" 1070
"../../../Engine/Binaries/Win64/IOS/UnrealEditor.modules" 1071
"../../../Engine/Binaries/Win64/Linux/UnrealEditor.modules" 1072
"../../../Engine/Content/Localization/Editor/en/Editor.locres" 1073
"../../../Engine/Content/Localization/EditorTutorials/en/EditorTutorials.locres" 1074
"../../../Engine/Content/Localization/Keywords/en/Keywords.locres" 1075
"../../../Engine/Content/Localization/Category/en/Category.locres" 1076
"../../../Engine/Content/Localization/ToolTips/en/ToolTips.locres" 1077
"../../../Engine/Content/Localization/PropertyNames/en/PropertyNames.locres" 1078
"../../../Engine/Content/Localization/Engine/en/Engine.locres" 1079
"../../../Engine/Plugins/MetaHuman/MetaHumanSDK/Content/Localization/MetaHumanSDK/en/MetaHumanSDK.locres" 1080
"../../../Engine/Plugins/Online/OnlineSubsystem/Content/Localization/OnlineSubsystem/en/OnlineSubsystem.locres" 1081
"../../../Engine/Plugins/Online/OnlineSubsystemUtils/Content/Localization/OnlineSubsystemUtils/en/OnlineSubsystemUtils.locres" 1082
"../../../Engine/Plugins/Online/IOS/OnlineSubsystemIOS/Content/Localization/OnlineSubsystemIOS/en/OnlineSubsystemIOS.locres" 1083
"../../../Engine/Plugins/Online/Android/OnlineSubsystemGooglePlay/Content/Localization/OnlineSubsystemGooglePlay/en/OnlineSubsystemGooglePlay.locres" 1084
"../../../Engine/Content/Internationalization/icudt64l/numberingSystems.res" 1085
"../../../Engine/Content/Internationalization/icudt64l/curr/supplementalData.res" 1086
"../../../Engine/Content/Internationalization/icudt64l/curr/it.res" 1087
"../../../Engine/Content/Internationalization/icudt64l/curr/pool.res" 1088
"../../../Engine/Content/Internationalization/icudt64l/curr/root.res" 1089
"../../../Engine/Content/Internationalization/icudt64l/lang/af.res" 1090
"../../../Engine/Content/Internationalization/icudt64l/region/af.res" 1091
"../../../Engine/Content/Internationalization/icudt64l/lang/agq.res" 1092
"../../../Engine/Content/Internationalization/icudt64l/region/agq.res" 1093
"../../../Engine/Content/Internationalization/icudt64l/lang/ak.res" 1094
"../../../Engine/Content/Internationalization/icudt64l/region/ak.res" 1095
"../../../Engine/Content/Internationalization/icudt64l/lang/am.res" 1096
"../../../Engine/Content/Internationalization/icudt64l/region/am.res" 1097
"../../../Engine/Content/Internationalization/icudt64l/lang/ar.res" 1098
"../../../Engine/Content/Internationalization/icudt64l/region/ar.res" 1099
"../../../Engine/Content/Internationalization/icudt64l/region/ar_AE.res" 1100
"../../../Engine/Content/Internationalization/icudt64l/lang/ar_EG.res" 1101
"../../../Engine/Content/Internationalization/icudt64l/lang/ar_LY.res" 1102
"../../../Engine/Content/Internationalization/icudt64l/region/ar_LY.res" 1103
"../../../Engine/Content/Internationalization/icudt64l/lang/ar_SA.res" 1104
"../../../Engine/Content/Internationalization/icudt64l/region/ar_SA.res" 1105
"../../../Engine/Content/Internationalization/icudt64l/lang/as.res" 1106
"../../../Engine/Content/Internationalization/icudt64l/region/as.res" 1107
"../../../Engine/Content/Internationalization/icudt64l/lang/asa.res" 1108
"../../../Engine/Content/Internationalization/icudt64l/region/asa.res" 1109
"../../../Engine/Content/Internationalization/icudt64l/lang/ast.res" 1110
"../../../Engine/Content/Internationalization/icudt64l/region/ast.res" 1111
"../../../Engine/Content/Internationalization/icudt64l/lang/az.res" 1112
"../../../Engine/Content/Internationalization/icudt64l/lang/az_Cyrl.res" 1113
"../../../Engine/Content/Internationalization/icudt64l/lang/az_AZ.res" 1114
"../../../Engine/Content/Internationalization/icudt64l/lang/az_Latn_AZ.res" 1115
"../../../Engine/Content/Internationalization/icudt64l/lang/az_Latn.res" 1116
"../../../Engine/Content/Internationalization/icudt64l/region/az_AZ.res" 1117
"../../../Engine/Content/Internationalization/icudt64l/region/az_Latn_AZ.res" 1118
"../../../Engine/Content/Internationalization/icudt64l/region/az_Latn.res" 1119
"../../../Engine/Content/Internationalization/icudt64l/region/az.res" 1120
"../../../Engine/Content/Internationalization/icudt64l/region/az_Cyrl.res" 1121
"../../../Engine/Content/Internationalization/icudt64l/lang/bas.res" 1122
"../../../Engine/Content/Internationalization/icudt64l/region/bas.res" 1123
"../../../Engine/Content/Internationalization/icudt64l/lang/be.res" 1124
"../../../Engine/Content/Internationalization/icudt64l/region/be.res" 1125
"../../../Engine/Content/Internationalization/icudt64l/lang/bem.res" 1126
"../../../Engine/Content/Internationalization/icudt64l/region/bem.res" 1127
"../../../Engine/Content/Internationalization/icudt64l/lang/bez.res" 1128
"../../../Engine/Content/Internationalization/icudt64l/region/bez.res" 1129
"../../../Engine/Content/Internationalization/icudt64l/lang/bg.res" 1130
"../../../Engine/Content/Internationalization/icudt64l/region/bg.res" 1131
"../../../Engine/Content/Internationalization/icudt64l/lang/bm.res" 1132
"../../../Engine/Content/Internationalization/icudt64l/region/bm.res" 1133
"../../../Engine/Content/Internationalization/icudt64l/lang/bn.res" 1134
"../../../Engine/Content/Internationalization/icudt64l/region/bn.res" 1135
"../../../Engine/Content/Internationalization/icudt64l/lang/bn_IN.res" 1136
"../../../Engine/Content/Internationalization/icudt64l/region/bn_IN.res" 1137
"../../../Engine/Content/Internationalization/icudt64l/lang/bo.res" 1138
"../../../Engine/Content/Internationalization/icudt64l/region/bo.res" 1139
"../../../Engine/Content/Internationalization/icudt64l/region/bo_IN.res" 1140
"../../../Engine/Content/Internationalization/icudt64l/lang/br.res" 1141
"../../../Engine/Content/Internationalization/icudt64l/region/br.res" 1142
"../../../Engine/Content/Internationalization/icudt64l/lang/brx.res" 1143
"../../../Engine/Content/Internationalization/icudt64l/region/brx.res" 1144
"../../../Engine/Content/Internationalization/icudt64l/lang/bs.res" 1145
"../../../Engine/Content/Internationalization/icudt64l/lang/bs_Cyrl.res" 1146
"../../../Engine/Content/Internationalization/icudt64l/lang/bs_BA.res" 1147
"../../../Engine/Content/Internationalization/icudt64l/lang/bs_Latn_BA.res" 1148
"../../../Engine/Content/Internationalization/icudt64l/lang/bs_Latn.res" 1149
"../../../Engine/Content/Internationalization/icudt64l/region/bs_BA.res" 1150
"../../../Engine/Content/Internationalization/icudt64l/region/bs_Latn_BA.res" 1151
"../../../Engine/Content/Internationalization/icudt64l/region/bs_Latn.res" 1152
"../../../Engine/Content/Internationalization/icudt64l/region/bs.res" 1153
"../../../Engine/Content/Internationalization/icudt64l/region/bs_Cyrl.res" 1154
"../../../Engine/Content/Internationalization/icudt64l/lang/ca.res" 1155
"../../../Engine/Content/Internationalization/icudt64l/region/ca.res" 1156
"../../../Engine/Content/Internationalization/icudt64l/lang/ccp.res" 1157
"../../../Engine/Content/Internationalization/icudt64l/region/ccp.res" 1158
"../../../Engine/Content/Internationalization/icudt64l/lang/ce.res" 1159
"../../../Engine/Content/Internationalization/icudt64l/region/ce.res" 1160
"../../../Engine/Content/Internationalization/icudt64l/lang/ceb.res" 1161
"../../../Engine/Content/Internationalization/icudt64l/region/ceb.res" 1162
"../../../Engine/Content/Internationalization/icudt64l/lang/cgg.res" 1163
"../../../Engine/Content/Internationalization/icudt64l/region/cgg.res" 1164
"../../../Engine/Content/Internationalization/icudt64l/lang/chr.res" 1165
"../../../Engine/Content/Internationalization/icudt64l/region/chr.res" 1166
"../../../Engine/Content/Internationalization/icudt64l/lang/ckb.res" 1167
"../../../Engine/Content/Internationalization/icudt64l/region/ckb.res" 1168
"../../../Engine/Content/Internationalization/icudt64l/lang/cs.res" 1169
"../../../Engine/Content/Internationalization/icudt64l/region/cs.res" 1170
"../../../Engine/Content/Internationalization/icudt64l/lang/cy.res" 1171
"../../../Engine/Content/Internationalization/icudt64l/region/cy.res" 1172
"../../../Engine/Content/Internationalization/icudt64l/lang/da.res" 1173
"../../../Engine/Content/Internationalization/icudt64l/region/da.res" 1174
"../../../Engine/Content/Internationalization/icudt64l/lang/dav.res" 1175
"../../../Engine/Content/Internationalization/icudt64l/region/dav.res" 1176
"../../../Engine/Content/Internationalization/icudt64l/lang/de.res" 1177
"../../../Engine/Content/Internationalization/icudt64l/lang/de_AT.res" 1178
"../../../Engine/Content/Internationalization/icudt64l/region/de_AT.res" 1179
"../../../Engine/Content/Internationalization/icudt64l/region/de.res" 1180
"../../../Engine/Content/Internationalization/icudt64l/lang/de_CH.res" 1181
"../../../Engine/Content/Internationalization/icudt64l/region/de_CH.res" 1182
"../../../Engine/Content/Internationalization/icudt64l/lang/de_LU.res" 1183
"../../../Engine/Content/Internationalization/icudt64l/lang/dje.res" 1184
"../../../Engine/Content/Internationalization/icudt64l/region/dje.res" 1185
"../../../Engine/Content/Internationalization/icudt64l/lang/dsb.res" 1186
"../../../Engine/Content/Internationalization/icudt64l/region/dsb.res" 1187
"../../../Engine/Content/Internationalization/icudt64l/lang/dua.res" 1188
"../../../Engine/Content/Internationalization/icudt64l/region/dua.res" 1189
"../../../Engine/Content/Internationalization/icudt64l/lang/dyo.res" 1190
"../../../Engine/Content/Internationalization/icudt64l/region/dyo.res" 1191
"../../../Engine/Content/Internationalization/icudt64l/lang/dz.res" 1192
"../../../Engine/Content/Internationalization/icudt64l/region/dz.res" 1193
"../../../Engine/Content/Internationalization/icudt64l/lang/ebu.res" 1194
"../../../Engine/Content/Internationalization/icudt64l/region/ebu.res" 1195
"../../../Engine/Content/Internationalization/icudt64l/lang/ee.res" 1196
"../../../Engine/Content/Internationalization/icudt64l/region/ee.res" 1197
"../../../Engine/Content/Internationalization/icudt64l/lang/el.res" 1198
"../../../Engine/Content/Internationalization/icudt64l/region/el.res" 1199
"../../../Engine/Content/Internationalization/icudt64l/lang/en_001.res" 1200
"../../../Engine/Content/Internationalization/icudt64l/lang/en_150.res" 1201
"../../../Engine/Content/Internationalization/icudt64l/region/en_150.res" 1202
"../../../Engine/Content/Internationalization/icudt64l/lang/en_AG.res" 1203
"../../../Engine/Content/Internationalization/icudt64l/region/en_AG.res" 1204
"../../../Engine/Content/Internationalization/icudt64l/lang/en_AI.res" 1205
"../../../Engine/Content/Internationalization/icudt64l/region/en_AI.res" 1206
"../../../Engine/Content/Internationalization/icudt64l/lang/en_AT.res" 1207
"../../../Engine/Content/Internationalization/icudt64l/region/en_AT.res" 1208
"../../../Engine/Content/Internationalization/icudt64l/lang/en_AU.res" 1209
"../../../Engine/Content/Internationalization/icudt64l/region/en_AU.res" 1210
"../../../Engine/Content/Internationalization/icudt64l/lang/en_BB.res" 1211
"../../../Engine/Content/Internationalization/icudt64l/region/en_BB.res" 1212
"../../../Engine/Content/Internationalization/icudt64l/lang/en_BE.res" 1213
"../../../Engine/Content/Internationalization/icudt64l/region/en_BE.res" 1214
"../../../Engine/Content/Internationalization/icudt64l/lang/en_BM.res" 1215
"../../../Engine/Content/Internationalization/icudt64l/region/en_BM.res" 1216
"../../../Engine/Content/Internationalization/icudt64l/lang/en_BS.res" 1217
"../../../Engine/Content/Internationalization/icudt64l/region/en_BS.res" 1218
"../../../Engine/Content/Internationalization/icudt64l/lang/en_BW.res" 1219
"../../../Engine/Content/Internationalization/icudt64l/region/en_BW.res" 1220
"../../../Engine/Content/Internationalization/icudt64l/lang/en_BZ.res" 1221
"../../../Engine/Content/Internationalization/icudt64l/region/en_BZ.res" 1222
"../../../Engine/Content/Internationalization/icudt64l/lang/en_CA.res" 1223
"../../../Engine/Content/Internationalization/icudt64l/region/en_CA.res" 1224
"../../../Engine/Content/Internationalization/icudt64l/lang/en_CC.res" 1225
"../../../Engine/Content/Internationalization/icudt64l/region/en_CC.res" 1226
"../../../Engine/Content/Internationalization/icudt64l/lang/en_CH.res" 1227
"../../../Engine/Content/Internationalization/icudt64l/region/en_CH.res" 1228
"../../../Engine/Content/Internationalization/icudt64l/lang/en_CK.res" 1229
"../../../Engine/Content/Internationalization/icudt64l/region/en_CK.res" 1230
"../../../Engine/Content/Internationalization/icudt64l/lang/en_CM.res" 1231
"../../../Engine/Content/Internationalization/icudt64l/region/en_CM.res" 1232
"../../../Engine/Content/Internationalization/icudt64l/lang/en_CX.res" 1233
"../../../Engine/Content/Internationalization/icudt64l/region/en_CX.res" 1234
"../../../Engine/Content/Internationalization/icudt64l/lang/en_CY.res" 1235
"../../../Engine/Content/Internationalization/icudt64l/region/en_CY.res" 1236
"../../../Engine/Content/Internationalization/icudt64l/lang/en_DE.res" 1237
"../../../Engine/Content/Internationalization/icudt64l/region/en_DE.res" 1238
"../../../Engine/Content/Internationalization/icudt64l/lang/en_DG.res" 1239
"../../../Engine/Content/Internationalization/icudt64l/region/en_DG.res" 1240
"../../../Engine/Content/Internationalization/icudt64l/lang/en_DK.res" 1241
"../../../Engine/Content/Internationalization/icudt64l/region/en_DK.res" 1242
"../../../Engine/Content/Internationalization/icudt64l/lang/en_DM.res" 1243
"../../../Engine/Content/Internationalization/icudt64l/region/en_DM.res" 1244
"../../../Engine/Content/Internationalization/icudt64l/lang/en_ER.res" 1245
"../../../Engine/Content/Internationalization/icudt64l/region/en_ER.res" 1246
"../../../Engine/Content/Internationalization/icudt64l/lang/en_FI.res" 1247
"../../../Engine/Content/Internationalization/icudt64l/region/en_FI.res" 1248
"../../../Engine/Content/Internationalization/icudt64l/lang/en_FJ.res" 1249
"../../../Engine/Content/Internationalization/icudt64l/region/en_FJ.res" 1250
"../../../Engine/Content/Internationalization/icudt64l/lang/en_FK.res" 1251
"../../../Engine/Content/Internationalization/icudt64l/region/en_FK.res" 1252
"../../../Engine/Content/Internationalization/icudt64l/lang/en_FM.res" 1253
"../../../Engine/Content/Internationalization/icudt64l/region/en_FM.res" 1254
"../../../Engine/Content/Internationalization/icudt64l/lang/en_GB.res" 1255
"../../../Engine/Content/Internationalization/icudt64l/region/en_GB.res" 1256
"../../../Engine/Content/Internationalization/icudt64l/lang/en_GD.res" 1257
"../../../Engine/Content/Internationalization/icudt64l/region/en_GD.res" 1258
"../../../Engine/Content/Internationalization/icudt64l/lang/en_GG.res" 1259
"../../../Engine/Content/Internationalization/icudt64l/region/en_GG.res" 1260
"../../../Engine/Content/Internationalization/icudt64l/lang/en_GH.res" 1261
"../../../Engine/Content/Internationalization/icudt64l/region/en_GH.res" 1262
"../../../Engine/Content/Internationalization/icudt64l/lang/en_GI.res" 1263
"../../../Engine/Content/Internationalization/icudt64l/region/en_GI.res" 1264
"../../../Engine/Content/Internationalization/icudt64l/lang/en_GM.res" 1265
"../../../Engine/Content/Internationalization/icudt64l/region/en_GM.res" 1266
"../../../Engine/Content/Internationalization/icudt64l/lang/en_GY.res" 1267
"../../../Engine/Content/Internationalization/icudt64l/region/en_GY.res" 1268
"../../../Engine/Content/Internationalization/icudt64l/lang/en_HK.res" 1269
"../../../Engine/Content/Internationalization/icudt64l/region/en_HK.res" 1270
"../../../Engine/Content/Internationalization/icudt64l/lang/en_IE.res" 1271
"../../../Engine/Content/Internationalization/icudt64l/region/en_IE.res" 1272
"../../../Engine/Content/Internationalization/icudt64l/lang/en_IL.res" 1273
"../../../Engine/Content/Internationalization/icudt64l/region/en_IL.res" 1274
"../../../Engine/Content/Internationalization/icudt64l/lang/en_IM.res" 1275
"../../../Engine/Content/Internationalization/icudt64l/region/en_IM.res" 1276
"../../../Engine/Content/Internationalization/icudt64l/lang/en_IN.res" 1277
"../../../Engine/Content/Internationalization/icudt64l/region/en_IN.res" 1278
"../../../Engine/Content/Internationalization/icudt64l/lang/en_IO.res" 1279
"../../../Engine/Content/Internationalization/icudt64l/region/en_IO.res" 1280
"../../../Engine/Content/Internationalization/icudt64l/lang/en_JE.res" 1281
"../../../Engine/Content/Internationalization/icudt64l/region/en_JE.res" 1282
"../../../Engine/Content/Internationalization/icudt64l/lang/en_JM.res" 1283
"../../../Engine/Content/Internationalization/icudt64l/region/en_JM.res" 1284
"../../../Engine/Content/Internationalization/icudt64l/lang/en_KE.res" 1285
"../../../Engine/Content/Internationalization/icudt64l/region/en_KE.res" 1286
"../../../Engine/Content/Internationalization/icudt64l/lang/en_KI.res" 1287
"../../../Engine/Content/Internationalization/icudt64l/region/en_KI.res" 1288
"../../../Engine/Content/Internationalization/icudt64l/lang/en_KN.res" 1289
"../../../Engine/Content/Internationalization/icudt64l/region/en_KN.res" 1290
"../../../Engine/Content/Internationalization/icudt64l/lang/en_KY.res" 1291
"../../../Engine/Content/Internationalization/icudt64l/region/en_KY.res" 1292
"../../../Engine/Content/Internationalization/icudt64l/lang/en_LC.res" 1293
"../../../Engine/Content/Internationalization/icudt64l/region/en_LC.res" 1294
"../../../Engine/Content/Internationalization/icudt64l/lang/en_LR.res" 1295
"../../../Engine/Content/Internationalization/icudt64l/region/en_LR.res" 1296
"../../../Engine/Content/Internationalization/icudt64l/lang/en_LS.res" 1297
"../../../Engine/Content/Internationalization/icudt64l/region/en_LS.res" 1298
"../../../Engine/Content/Internationalization/icudt64l/lang/en_MG.res" 1299
"../../../Engine/Content/Internationalization/icudt64l/region/en_MG.res" 1300
"../../../Engine/Content/Internationalization/icudt64l/lang/en_MO.res" 1301
"../../../Engine/Content/Internationalization/icudt64l/region/en_MO.res" 1302
"../../../Engine/Content/Internationalization/icudt64l/lang/en_MS.res" 1303
"../../../Engine/Content/Internationalization/icudt64l/region/en_MS.res" 1304
"../../../Engine/Content/Internationalization/icudt64l/lang/en_MT.res" 1305
"../../../Engine/Content/Internationalization/icudt64l/region/en_MT.res" 1306
"../../../Engine/Content/Internationalization/icudt64l/lang/en_MU.res" 1307
"../../../Engine/Content/Internationalization/icudt64l/region/en_MU.res" 1308
"../../../Engine/Content/Internationalization/icudt64l/lang/en_MW.res" 1309
"../../../Engine/Content/Internationalization/icudt64l/region/en_MW.res" 1310
"../../../Engine/Content/Internationalization/icudt64l/lang/en_MY.res" 1311
"../../../Engine/Content/Internationalization/icudt64l/region/en_MY.res" 1312
"../../../Engine/Content/Internationalization/icudt64l/lang/en_NA.res" 1313
"../../../Engine/Content/Internationalization/icudt64l/region/en_NA.res" 1314
"../../../Engine/Content/Internationalization/icudt64l/lang/en_NF.res" 1315
"../../../Engine/Content/Internationalization/icudt64l/region/en_NF.res" 1316
"../../../Engine/Content/Internationalization/icudt64l/lang/en_NG.res" 1317
"../../../Engine/Content/Internationalization/icudt64l/region/en_NG.res" 1318
"../../../Engine/Content/Internationalization/icudt64l/lang/en_NL.res" 1319
"../../../Engine/Content/Internationalization/icudt64l/region/en_NL.res" 1320
"../../../Engine/Content/Internationalization/icudt64l/lang/en_NR.res" 1321
"../../../Engine/Content/Internationalization/icudt64l/region/en_NR.res" 1322
"../../../Engine/Content/Internationalization/icudt64l/lang/en_NU.res" 1323
"../../../Engine/Content/Internationalization/icudt64l/region/en_NU.res" 1324
"../../../Engine/Content/Internationalization/icudt64l/lang/en_NZ.res" 1325
"../../../Engine/Content/Internationalization/icudt64l/region/en_NZ.res" 1326
"../../../Engine/Content/Internationalization/icudt64l/lang/en_PG.res" 1327
"../../../Engine/Content/Internationalization/icudt64l/region/en_PG.res" 1328
"../../../Engine/Content/Internationalization/icudt64l/lang/en_PH.res" 1329
"../../../Engine/Content/Internationalization/icudt64l/region/en_PH.res" 1330
"../../../Engine/Content/Internationalization/icudt64l/lang/en_PK.res" 1331
"../../../Engine/Content/Internationalization/icudt64l/region/en_PK.res" 1332
"../../../Engine/Content/Internationalization/icudt64l/lang/en_PN.res" 1333
"../../../Engine/Content/Internationalization/icudt64l/region/en_PN.res" 1334
"../../../Engine/Content/Internationalization/icudt64l/lang/en_PW.res" 1335
"../../../Engine/Content/Internationalization/icudt64l/region/en_PW.res" 1336
"../../../Engine/Content/Internationalization/icudt64l/lang/en_RW.res" 1337
"../../../Engine/Content/Internationalization/icudt64l/region/en_RW.res" 1338
"../../../Engine/Content/Internationalization/icudt64l/lang/en_SB.res" 1339
"../../../Engine/Content/Internationalization/icudt64l/region/en_SB.res" 1340
"../../../Engine/Content/Internationalization/icudt64l/lang/en_SC.res" 1341
"../../../Engine/Content/Internationalization/icudt64l/region/en_SC.res" 1342
"../../../Engine/Content/Internationalization/icudt64l/lang/en_SD.res" 1343
"../../../Engine/Content/Internationalization/icudt64l/region/en_SD.res" 1344
"../../../Engine/Content/Internationalization/icudt64l/lang/en_SE.res" 1345
"../../../Engine/Content/Internationalization/icudt64l/region/en_SE.res" 1346
"../../../Engine/Content/Internationalization/icudt64l/lang/en_SG.res" 1347
"../../../Engine/Content/Internationalization/icudt64l/region/en_SG.res" 1348
"../../../Engine/Content/Internationalization/icudt64l/lang/en_SH.res" 1349
"../../../Engine/Content/Internationalization/icudt64l/region/en_SH.res" 1350
"../../../Engine/Content/Internationalization/icudt64l/lang/en_SI.res" 1351
"../../../Engine/Content/Internationalization/icudt64l/region/en_SI.res" 1352
"../../../Engine/Content/Internationalization/icudt64l/lang/en_SL.res" 1353
"../../../Engine/Content/Internationalization/icudt64l/region/en_SL.res" 1354
"../../../Engine/Content/Internationalization/icudt64l/lang/en_SS.res" 1355
"../../../Engine/Content/Internationalization/icudt64l/region/en_SS.res" 1356
"../../../Engine/Content/Internationalization/icudt64l/lang/en_SX.res" 1357
"../../../Engine/Content/Internationalization/icudt64l/region/en_SX.res" 1358
"../../../Engine/Content/Internationalization/icudt64l/lang/en_SZ.res" 1359
"../../../Engine/Content/Internationalization/icudt64l/region/en_SZ.res" 1360
"../../../Engine/Content/Internationalization/icudt64l/lang/en_TC.res" 1361
"../../../Engine/Content/Internationalization/icudt64l/region/en_TC.res" 1362
"../../../Engine/Content/Internationalization/icudt64l/lang/en_TK.res" 1363
"../../../Engine/Content/Internationalization/icudt64l/region/en_TK.res" 1364
"../../../Engine/Content/Internationalization/icudt64l/lang/en_TO.res" 1365
"../../../Engine/Content/Internationalization/icudt64l/region/en_TO.res" 1366
"../../../Engine/Content/Internationalization/icudt64l/lang/en_TT.res" 1367
"../../../Engine/Content/Internationalization/icudt64l/region/en_TT.res" 1368
"../../../Engine/Content/Internationalization/icudt64l/lang/en_TV.res" 1369
"../../../Engine/Content/Internationalization/icudt64l/region/en_TV.res" 1370
"../../../Engine/Content/Internationalization/icudt64l/lang/en_TZ.res" 1371
"../../../Engine/Content/Internationalization/icudt64l/region/en_TZ.res" 1372
"../../../Engine/Content/Internationalization/icudt64l/lang/en_UG.res" 1373
"../../../Engine/Content/Internationalization/icudt64l/region/en_UG.res" 1374
"../../../Engine/Content/Internationalization/icudt64l/lang/en_VC.res" 1375
"../../../Engine/Content/Internationalization/icudt64l/region/en_VC.res" 1376
"../../../Engine/Content/Internationalization/icudt64l/lang/en_VG.res" 1377
"../../../Engine/Content/Internationalization/icudt64l/region/en_VG.res" 1378
"../../../Engine/Content/Internationalization/icudt64l/lang/en_VU.res" 1379
"../../../Engine/Content/Internationalization/icudt64l/region/en_VU.res" 1380
"../../../Engine/Content/Internationalization/icudt64l/lang/en_WS.res" 1381
"../../../Engine/Content/Internationalization/icudt64l/region/en_WS.res" 1382
"../../../Engine/Content/Internationalization/icudt64l/lang/en_ZA.res" 1383
"../../../Engine/Content/Internationalization/icudt64l/region/en_ZA.res" 1384
"../../../Engine/Content/Internationalization/icudt64l/lang/en_ZM.res" 1385
"../../../Engine/Content/Internationalization/icudt64l/region/en_ZM.res" 1386
"../../../Engine/Content/Internationalization/icudt64l/lang/en_ZW.res" 1387
"../../../Engine/Content/Internationalization/icudt64l/region/en_ZW.res" 1388
"../../../Engine/Content/Internationalization/icudt64l/lang/eo.res" 1389
"../../../Engine/Content/Internationalization/icudt64l/region/eo.res" 1390
"../../../Engine/Content/Internationalization/icudt64l/lang/es.res" 1391
"../../../Engine/Content/Internationalization/icudt64l/lang/es_419.res" 1392
"../../../Engine/Content/Internationalization/icudt64l/region/es_419.res" 1393
"../../../Engine/Content/Internationalization/icudt64l/region/es.res" 1394
"../../../Engine/Content/Internationalization/icudt64l/lang/es_AR.res" 1395
"../../../Engine/Content/Internationalization/icudt64l/region/es_AR.res" 1396
"../../../Engine/Content/Internationalization/icudt64l/lang/es_BO.res" 1397
"../../../Engine/Content/Internationalization/icudt64l/region/es_BO.res" 1398
"../../../Engine/Content/Internationalization/icudt64l/lang/es_BR.res" 1399
"../../../Engine/Content/Internationalization/icudt64l/region/es_BR.res" 1400
"../../../Engine/Content/Internationalization/icudt64l/lang/es_BZ.res" 1401
"../../../Engine/Content/Internationalization/icudt64l/region/es_BZ.res" 1402
"../../../Engine/Content/Internationalization/icudt64l/lang/es_CL.res" 1403
"../../../Engine/Content/Internationalization/icudt64l/region/es_CL.res" 1404
"../../../Engine/Content/Internationalization/icudt64l/lang/es_CO.res" 1405
"../../../Engine/Content/Internationalization/icudt64l/region/es_CO.res" 1406
"../../../Engine/Content/Internationalization/icudt64l/lang/es_CR.res" 1407
"../../../Engine/Content/Internationalization/icudt64l/region/es_CR.res" 1408
"../../../Engine/Content/Internationalization/icudt64l/lang/es_CU.res" 1409
"../../../Engine/Content/Internationalization/icudt64l/region/es_CU.res" 1410
"../../../Engine/Content/Internationalization/icudt64l/lang/es_DO.res" 1411
"../../../Engine/Content/Internationalization/icudt64l/region/es_DO.res" 1412
"../../../Engine/Content/Internationalization/icudt64l/lang/es_EC.res" 1413
"../../../Engine/Content/Internationalization/icudt64l/region/es_EC.res" 1414
"../../../Engine/Content/Internationalization/icudt64l/lang/es_GT.res" 1415
"../../../Engine/Content/Internationalization/icudt64l/region/es_GT.res" 1416
"../../../Engine/Content/Internationalization/icudt64l/lang/es_HN.res" 1417
"../../../Engine/Content/Internationalization/icudt64l/region/es_HN.res" 1418
"../../../Engine/Content/Internationalization/icudt64l/lang/es_MX.res" 1419
"../../../Engine/Content/Internationalization/icudt64l/region/es_MX.res" 1420
"../../../Engine/Content/Internationalization/icudt64l/lang/es_NI.res" 1421
"../../../Engine/Content/Internationalization/icudt64l/region/es_NI.res" 1422
"../../../Engine/Content/Internationalization/icudt64l/lang/es_PA.res" 1423
"../../../Engine/Content/Internationalization/icudt64l/region/es_PA.res" 1424
"../../../Engine/Content/Internationalization/icudt64l/lang/es_PE.res" 1425
"../../../Engine/Content/Internationalization/icudt64l/region/es_PE.res" 1426
"../../../Engine/Content/Internationalization/icudt64l/lang/es_PR.res" 1427
"../../../Engine/Content/Internationalization/icudt64l/region/es_PR.res" 1428
"../../../Engine/Content/Internationalization/icudt64l/lang/es_PY.res" 1429
"../../../Engine/Content/Internationalization/icudt64l/region/es_PY.res" 1430
"../../../Engine/Content/Internationalization/icudt64l/lang/es_SV.res" 1431
"../../../Engine/Content/Internationalization/icudt64l/region/es_SV.res" 1432
"../../../Engine/Content/Internationalization/icudt64l/lang/es_US.res" 1433
"../../../Engine/Content/Internationalization/icudt64l/region/es_US.res" 1434
"../../../Engine/Content/Internationalization/icudt64l/lang/es_UY.res" 1435
"../../../Engine/Content/Internationalization/icudt64l/region/es_UY.res" 1436
"../../../Engine/Content/Internationalization/icudt64l/lang/es_VE.res" 1437
"../../../Engine/Content/Internationalization/icudt64l/region/es_VE.res" 1438
"../../../Engine/Content/Internationalization/icudt64l/lang/et.res" 1439
"../../../Engine/Content/Internationalization/icudt64l/region/et.res" 1440
"../../../Engine/Content/Internationalization/icudt64l/lang/eu.res" 1441
"../../../Engine/Content/Internationalization/icudt64l/region/eu.res" 1442
"../../../Engine/Content/Internationalization/icudt64l/lang/ewo.res" 1443
"../../../Engine/Content/Internationalization/icudt64l/region/ewo.res" 1444
"../../../Engine/Content/Internationalization/icudt64l/lang/fa.res" 1445
"../../../Engine/Content/Internationalization/icudt64l/lang/fa_AF.res" 1446
"../../../Engine/Content/Internationalization/icudt64l/region/fa_AF.res" 1447
"../../../Engine/Content/Internationalization/icudt64l/region/fa.res" 1448
"../../../Engine/Content/Internationalization/icudt64l/lang/ff.res" 1449
"../../../Engine/Content/Internationalization/icudt64l/lang/ff_Latn.res" 1450
"../../../Engine/Content/Internationalization/icudt64l/region/ff.res" 1451
"../../../Engine/Content/Internationalization/icudt64l/region/ff_Latn.res" 1452
"../../../Engine/Content/Internationalization/icudt64l/lang/ff_CM.res" 1453
"../../../Engine/Content/Internationalization/icudt64l/lang/ff_Latn_CM.res" 1454
"../../../Engine/Content/Internationalization/icudt64l/region/ff_CM.res" 1455
"../../../Engine/Content/Internationalization/icudt64l/region/ff_Latn_CM.res" 1456
"../../../Engine/Content/Internationalization/icudt64l/lang/ff_GN.res" 1457
"../../../Engine/Content/Internationalization/icudt64l/lang/ff_Latn_GN.res" 1458
"../../../Engine/Content/Internationalization/icudt64l/region/ff_GN.res" 1459
"../../../Engine/Content/Internationalization/icudt64l/region/ff_Latn_GN.res" 1460
"../../../Engine/Content/Internationalization/icudt64l/lang/ff_MR.res" 1461
"../../../Engine/Content/Internationalization/icudt64l/lang/ff_Latn_MR.res" 1462
"../../../Engine/Content/Internationalization/icudt64l/region/ff_MR.res" 1463
"../../../Engine/Content/Internationalization/icudt64l/region/ff_Latn_MR.res" 1464
"../../../Engine/Content/Internationalization/icudt64l/lang/ff_SN.res" 1465
"../../../Engine/Content/Internationalization/icudt64l/lang/ff_Latn_SN.res" 1466
"../../../Engine/Content/Internationalization/icudt64l/region/ff_SN.res" 1467
"../../../Engine/Content/Internationalization/icudt64l/region/ff_Latn_SN.res" 1468
"../../../Engine/Content/Internationalization/icudt64l/lang/fi.res" 1469
"../../../Engine/Content/Internationalization/icudt64l/region/fi.res" 1470
"../../../Engine/Content/Internationalization/icudt64l/lang/fil.res" 1471
"../../../Engine/Content/Internationalization/icudt64l/lang/fil_PH.res" 1472
"../../../Engine/Content/Internationalization/icudt64l/region/fil_PH.res" 1473
"../../../Engine/Content/Internationalization/icudt64l/region/fil.res" 1474
"../../../Engine/Content/Internationalization/icudt64l/lang/fo.res" 1475
"../../../Engine/Content/Internationalization/icudt64l/region/fo.res" 1476
"../../../Engine/Content/Internationalization/icudt64l/lang/fr.res" 1477
"../../../Engine/Content/Internationalization/icudt64l/lang/fr_BE.res" 1478
"../../../Engine/Content/Internationalization/icudt64l/region/fr_BE.res" 1479
"../../../Engine/Content/Internationalization/icudt64l/region/fr.res" 1480
"../../../Engine/Content/Internationalization/icudt64l/lang/fr_CA.res" 1481
"../../../Engine/Content/Internationalization/icudt64l/region/fr_CA.res" 1482
"../../../Engine/Content/Internationalization/icudt64l/lang/fr_CH.res" 1483
"../../../Engine/Content/Internationalization/icudt64l/lang/fur.res" 1484
"../../../Engine/Content/Internationalization/icudt64l/region/fur.res" 1485
"../../../Engine/Content/Internationalization/icudt64l/lang/fy.res" 1486
"../../../Engine/Content/Internationalization/icudt64l/region/fy.res" 1487
"../../../Engine/Content/Internationalization/icudt64l/lang/ga.res" 1488
"../../../Engine/Content/Internationalization/icudt64l/region/ga.res" 1489
"../../../Engine/Content/Internationalization/icudt64l/lang/gd.res" 1490
"../../../Engine/Content/Internationalization/icudt64l/region/gd.res" 1491
"../../../Engine/Content/Internationalization/icudt64l/lang/gl.res" 1492
"../../../Engine/Content/Internationalization/icudt64l/region/gl.res" 1493
"../../../Engine/Content/Internationalization/icudt64l/lang/gsw.res" 1494
"../../../Engine/Content/Internationalization/icudt64l/region/gsw.res" 1495
"../../../Engine/Content/Internationalization/icudt64l/lang/gu.res" 1496
"../../../Engine/Content/Internationalization/icudt64l/region/gu.res" 1497
"../../../Engine/Content/Internationalization/icudt64l/lang/guz.res" 1498
"../../../Engine/Content/Internationalization/icudt64l/region/guz.res" 1499
"../../../Engine/Content/Internationalization/icudt64l/lang/gv.res" 1500
"../../../Engine/Content/Internationalization/icudt64l/region/gv.res" 1501
"../../../Engine/Content/Internationalization/icudt64l/lang/ha.res" 1502
"../../../Engine/Content/Internationalization/icudt64l/region/ha.res" 1503
"../../../Engine/Content/Internationalization/icudt64l/lang/ha_NE.res" 1504
"../../../Engine/Content/Internationalization/icudt64l/region/ha_NE.res" 1505
"../../../Engine/Content/Internationalization/icudt64l/lang/haw.res" 1506
"../../../Engine/Content/Internationalization/icudt64l/region/haw.res" 1507
"../../../Engine/Content/Internationalization/icudt64l/lang/he.res" 1508
"../../../Engine/Content/Internationalization/icudt64l/lang/he_IL.res" 1509
"../../../Engine/Content/Internationalization/icudt64l/region/he_IL.res" 1510
"../../../Engine/Content/Internationalization/icudt64l/region/he.res" 1511
"../../../Engine/Content/Internationalization/icudt64l/lang/hi.res" 1512
"../../../Engine/Content/Internationalization/icudt64l/region/hi.res" 1513
"../../../Engine/Content/Internationalization/icudt64l/lang/hr.res" 1514
"../../../Engine/Content/Internationalization/icudt64l/region/hr.res" 1515
"../../../Engine/Content/Internationalization/icudt64l/lang/hsb.res" 1516
"../../../Engine/Content/Internationalization/icudt64l/region/hsb.res" 1517
"../../../Engine/Content/Internationalization/icudt64l/lang/hu.res" 1518
"../../../Engine/Content/Internationalization/icudt64l/region/hu.res" 1519
"../../../Engine/Content/Internationalization/icudt64l/lang/hy.res" 1520
"../../../Engine/Content/Internationalization/icudt64l/region/hy.res" 1521
"../../../Engine/Content/Internationalization/icudt64l/lang/ia.res" 1522
"../../../Engine/Content/Internationalization/icudt64l/region/ia.res" 1523
"../../../Engine/Content/Internationalization/icudt64l/lang/id.res" 1524
"../../../Engine/Content/Internationalization/icudt64l/lang/id_ID.res" 1525
"../../../Engine/Content/Internationalization/icudt64l/region/id_ID.res" 1526
"../../../Engine/Content/Internationalization/icudt64l/region/id.res" 1527
"../../../Engine/Content/Internationalization/icudt64l/lang/ig.res" 1528
"../../../Engine/Content/Internationalization/icudt64l/region/ig.res" 1529
"../../../Engine/Content/Internationalization/icudt64l/lang/ii.res" 1530
"../../../Engine/Content/Internationalization/icudt64l/region/ii.res" 1531
"../../../Engine/Content/Internationalization/icudt64l/lang/is.res" 1532
"../../../Engine/Content/Internationalization/icudt64l/region/is.res" 1533
"../../../Engine/Content/Internationalization/icudt64l/lang/ja.res" 1534
"../../../Engine/Content/Internationalization/icudt64l/lang/ja_JP.res" 1535
"../../../Engine/Content/Internationalization/icudt64l/region/ja_JP.res" 1536
"../../../Engine/Content/Internationalization/icudt64l/region/ja.res" 1537
"../../../Engine/Content/Internationalization/icudt64l/lang/jgo.res" 1538
"../../../Engine/Content/Internationalization/icudt64l/region/jgo.res" 1539
"../../../Engine/Content/Internationalization/icudt64l/lang/jmc.res" 1540
"../../../Engine/Content/Internationalization/icudt64l/region/jmc.res" 1541
"../../../Engine/Content/Internationalization/icudt64l/lang/jv.res" 1542
"../../../Engine/Content/Internationalization/icudt64l/region/jv.res" 1543
"../../../Engine/Content/Internationalization/icudt64l/lang/ka.res" 1544
"../../../Engine/Content/Internationalization/icudt64l/region/ka.res" 1545
"../../../Engine/Content/Internationalization/icudt64l/lang/kab.res" 1546
"../../../Engine/Content/Internationalization/icudt64l/region/kab.res" 1547
"../../../Engine/Content/Internationalization/icudt64l/lang/kam.res" 1548
"../../../Engine/Content/Internationalization/icudt64l/region/kam.res" 1549
"../../../Engine/Content/Internationalization/icudt64l/lang/kde.res" 1550
"../../../Engine/Content/Internationalization/icudt64l/region/kde.res" 1551
"../../../Engine/Content/Internationalization/icudt64l/lang/kea.res" 1552
"../../../Engine/Content/Internationalization/icudt64l/region/kea.res" 1553
"../../../Engine/Content/Internationalization/icudt64l/lang/khq.res" 1554
"../../../Engine/Content/Internationalization/icudt64l/region/khq.res" 1555
"../../../Engine/Content/Internationalization/icudt64l/lang/ki.res" 1556
"../../../Engine/Content/Internationalization/icudt64l/region/ki.res" 1557
"../../../Engine/Content/Internationalization/icudt64l/lang/kk.res" 1558
"../../../Engine/Content/Internationalization/icudt64l/region/kk.res" 1559
"../../../Engine/Content/Internationalization/icudt64l/lang/kkj.res" 1560
"../../../Engine/Content/Internationalization/icudt64l/region/kkj.res" 1561
"../../../Engine/Content/Internationalization/icudt64l/lang/kl.res" 1562
"../../../Engine/Content/Internationalization/icudt64l/region/kl.res" 1563
"../../../Engine/Content/Internationalization/icudt64l/lang/kln.res" 1564
"../../../Engine/Content/Internationalization/icudt64l/region/kln.res" 1565
"../../../Engine/Content/Internationalization/icudt64l/lang/km.res" 1566
"../../../Engine/Content/Internationalization/icudt64l/region/km.res" 1567
"../../../Engine/Content/Internationalization/icudt64l/lang/kn.res" 1568
"../../../Engine/Content/Internationalization/icudt64l/region/kn.res" 1569
"../../../Engine/Content/Internationalization/icudt64l/lang/ko.res" 1570
"../../../Engine/Content/Internationalization/icudt64l/region/ko_KP.res" 1571
"../../../Engine/Content/Internationalization/icudt64l/region/ko.res" 1572
"../../../Engine/Content/Internationalization/icudt64l/lang/kok.res" 1573
"../../../Engine/Content/Internationalization/icudt64l/region/kok.res" 1574
"../../../Engine/Content/Internationalization/icudt64l/lang/ks.res" 1575
"../../../Engine/Content/Internationalization/icudt64l/region/ks.res" 1576
"../../../Engine/Content/Internationalization/icudt64l/lang/ksb.res" 1577
"../../../Engine/Content/Internationalization/icudt64l/region/ksb.res" 1578
"../../../Engine/Content/Internationalization/icudt64l/lang/ksf.res" 1579
"../../../Engine/Content/Internationalization/icudt64l/region/ksf.res" 1580
"../../../Engine/Content/Internationalization/icudt64l/lang/ksh.res" 1581
"../../../Engine/Content/Internationalization/icudt64l/region/ksh.res" 1582
"../../../Engine/Content/Internationalization/icudt64l/lang/ku.res" 1583
"../../../Engine/Content/Internationalization/icudt64l/region/ku.res" 1584
"../../../Engine/Content/Internationalization/icudt64l/lang/kw.res" 1585
"../../../Engine/Content/Internationalization/icudt64l/region/kw.res" 1586
"../../../Engine/Content/Internationalization/icudt64l/lang/ky.res" 1587
"../../../Engine/Content/Internationalization/icudt64l/region/ky.res" 1588
"../../../Engine/Content/Internationalization/icudt64l/lang/lag.res" 1589
"../../../Engine/Content/Internationalization/icudt64l/region/lag.res" 1590
"../../../Engine/Content/Internationalization/icudt64l/lang/lb.res" 1591
"../../../Engine/Content/Internationalization/icudt64l/region/lb.res" 1592
"../../../Engine/Content/Internationalization/icudt64l/lang/lg.res" 1593
"../../../Engine/Content/Internationalization/icudt64l/region/lg.res" 1594
"../../../Engine/Content/Internationalization/icudt64l/lang/lkt.res" 1595
"../../../Engine/Content/Internationalization/icudt64l/region/lkt.res" 1596
"../../../Engine/Content/Internationalization/icudt64l/lang/ln.res" 1597
"../../../Engine/Content/Internationalization/icudt64l/region/ln.res" 1598
"../../../Engine/Content/Internationalization/icudt64l/lang/lo.res" 1599
"../../../Engine/Content/Internationalization/icudt64l/region/lo.res" 1600
"../../../Engine/Content/Internationalization/icudt64l/lang/lrc.res" 1601
"../../../Engine/Content/Internationalization/icudt64l/region/lrc.res" 1602
"../../../Engine/Content/Internationalization/icudt64l/lang/lt.res" 1603
"../../../Engine/Content/Internationalization/icudt64l/region/lt.res" 1604
"../../../Engine/Content/Internationalization/icudt64l/lang/lu.res" 1605
"../../../Engine/Content/Internationalization/icudt64l/region/lu.res" 1606
"../../../Engine/Content/Internationalization/icudt64l/lang/luo.res" 1607
"../../../Engine/Content/Internationalization/icudt64l/region/luo.res" 1608
"../../../Engine/Content/Internationalization/icudt64l/lang/luy.res" 1609
"../../../Engine/Content/Internationalization/icudt64l/region/luy.res" 1610
"../../../Engine/Content/Internationalization/icudt64l/lang/lv.res" 1611
"../../../Engine/Content/Internationalization/icudt64l/region/lv.res" 1612
"../../../Engine/Content/Internationalization/icudt64l/lang/mas.res" 1613
"../../../Engine/Content/Internationalization/icudt64l/region/mas.res" 1614
"../../../Engine/Content/Internationalization/icudt64l/lang/mer.res" 1615
"../../../Engine/Content/Internationalization/icudt64l/region/mer.res" 1616
"../../../Engine/Content/Internationalization/icudt64l/lang/mfe.res" 1617
"../../../Engine/Content/Internationalization/icudt64l/region/mfe.res" 1618
"../../../Engine/Content/Internationalization/icudt64l/lang/mg.res" 1619
"../../../Engine/Content/Internationalization/icudt64l/region/mg.res" 1620
"../../../Engine/Content/Internationalization/icudt64l/lang/mgh.res" 1621
"../../../Engine/Content/Internationalization/icudt64l/region/mgh.res" 1622
"../../../Engine/Content/Internationalization/icudt64l/lang/mgo.res" 1623
"../../../Engine/Content/Internationalization/icudt64l/region/mgo.res" 1624
"../../../Engine/Content/Internationalization/icudt64l/lang/mi.res" 1625
"../../../Engine/Content/Internationalization/icudt64l/region/mi.res" 1626
"../../../Engine/Content/Internationalization/icudt64l/lang/mk.res" 1627
"../../../Engine/Content/Internationalization/icudt64l/region/mk.res" 1628
"../../../Engine/Content/Internationalization/icudt64l/lang/ml.res" 1629
"../../../Engine/Content/Internationalization/icudt64l/region/ml.res" 1630
"../../../Engine/Content/Internationalization/icudt64l/lang/mn.res" 1631
"../../../Engine/Content/Internationalization/icudt64l/region/mn.res" 1632
"../../../Engine/Content/Internationalization/icudt64l/lang/mr.res" 1633
"../../../Engine/Content/Internationalization/icudt64l/region/mr.res" 1634
"../../../Engine/Content/Internationalization/icudt64l/lang/ms.res" 1635
"../../../Engine/Content/Internationalization/icudt64l/region/ms.res" 1636
"../../../Engine/Content/Internationalization/icudt64l/lang/mt.res" 1637
"../../../Engine/Content/Internationalization/icudt64l/region/mt.res" 1638
"../../../Engine/Content/Internationalization/icudt64l/lang/mua.res" 1639
"../../../Engine/Content/Internationalization/icudt64l/region/mua.res" 1640
"../../../Engine/Content/Internationalization/icudt64l/lang/my.res" 1641
"../../../Engine/Content/Internationalization/icudt64l/region/my.res" 1642
"../../../Engine/Content/Internationalization/icudt64l/lang/mzn.res" 1643
"../../../Engine/Content/Internationalization/icudt64l/region/mzn.res" 1644
"../../../Engine/Content/Internationalization/icudt64l/lang/naq.res" 1645
"../../../Engine/Content/Internationalization/icudt64l/region/naq.res" 1646
"../../../Engine/Content/Internationalization/icudt64l/lang/nb.res" 1647
"../../../Engine/Content/Internationalization/icudt64l/lang/nb_NO.res" 1648
"../../../Engine/Content/Internationalization/icudt64l/region/nb_NO.res" 1649
"../../../Engine/Content/Internationalization/icudt64l/region/nb.res" 1650
"../../../Engine/Content/Internationalization/icudt64l/lang/nd.res" 1651
"../../../Engine/Content/Internationalization/icudt64l/region/nd.res" 1652
"../../../Engine/Content/Internationalization/icudt64l/lang/nds.res" 1653
"../../../Engine/Content/Internationalization/icudt64l/region/nds.res" 1654
"../../../Engine/Content/Internationalization/icudt64l/lang/ne.res" 1655
"../../../Engine/Content/Internationalization/icudt64l/region/ne.res" 1656
"../../../Engine/Content/Internationalization/icudt64l/lang/nl.res" 1657
"../../../Engine/Content/Internationalization/icudt64l/region/nl.res" 1658
"../../../Engine/Content/Internationalization/icudt64l/lang/nmg.res" 1659
"../../../Engine/Content/Internationalization/icudt64l/region/nmg.res" 1660
"../../../Engine/Content/Internationalization/icudt64l/lang/nn.res" 1661
"../../../Engine/Content/Internationalization/icudt64l/lang/nn_NO.res" 1662
"../../../Engine/Content/Internationalization/icudt64l/region/nn_NO.res" 1663
"../../../Engine/Content/Internationalization/icudt64l/region/nn.res" 1664
"../../../Engine/Content/Internationalization/icudt64l/lang/nnh.res" 1665
"../../../Engine/Content/Internationalization/icudt64l/region/nnh.res" 1666
"../../../Engine/Content/Internationalization/icudt64l/lang/nus.res" 1667
"../../../Engine/Content/Internationalization/icudt64l/region/nus.res" 1668
"../../../Engine/Content/Internationalization/icudt64l/lang/nyn.res" 1669
"../../../Engine/Content/Internationalization/icudt64l/region/nyn.res" 1670
"../../../Engine/Content/Internationalization/icudt64l/lang/om.res" 1671
"../../../Engine/Content/Internationalization/icudt64l/region/om.res" 1672
"../../../Engine/Content/Internationalization/icudt64l/lang/or.res" 1673
"../../../Engine/Content/Internationalization/icudt64l/region/or.res" 1674
"../../../Engine/Content/Internationalization/icudt64l/lang/os.res" 1675
"../../../Engine/Content/Internationalization/icudt64l/region/os.res" 1676
"../../../Engine/Content/Internationalization/icudt64l/lang/pa.res" 1677
"../../../Engine/Content/Internationalization/icudt64l/lang/pa_Arab.res" 1678
"../../../Engine/Content/Internationalization/icudt64l/lang/pa_PK.res" 1679
"../../../Engine/Content/Internationalization/icudt64l/lang/pa_Arab_PK.res" 1680
"../../../Engine/Content/Internationalization/icudt64l/region/pa_PK.res" 1681
"../../../Engine/Content/Internationalization/icudt64l/region/pa_Arab_PK.res" 1682
"../../../Engine/Content/Internationalization/icudt64l/region/pa_Arab.res" 1683
"../../../Engine/Content/Internationalization/icudt64l/lang/pa_Guru.res" 1684
"../../../Engine/Content/Internationalization/icudt64l/lang/pa_IN.res" 1685
"../../../Engine/Content/Internationalization/icudt64l/lang/pa_Guru_IN.res" 1686
"../../../Engine/Content/Internationalization/icudt64l/region/pa_IN.res" 1687
"../../../Engine/Content/Internationalization/icudt64l/region/pa_Guru_IN.res" 1688
"../../../Engine/Content/Internationalization/icudt64l/region/pa_Guru.res" 1689
"../../../Engine/Content/Internationalization/icudt64l/region/pa.res" 1690
"../../../Engine/Content/Internationalization/icudt64l/lang/pl.res" 1691
"../../../Engine/Content/Internationalization/icudt64l/region/pl.res" 1692
"../../../Engine/Content/Internationalization/icudt64l/lang/ps.res" 1693
"../../../Engine/Content/Internationalization/icudt64l/region/ps.res" 1694
"../../../Engine/Content/Internationalization/icudt64l/lang/ps_PK.res" 1695
"../../../Engine/Content/Internationalization/icudt64l/region/ps_PK.res" 1696
"../../../Engine/Content/Internationalization/icudt64l/lang/pt.res" 1697
"../../../Engine/Content/Internationalization/icudt64l/lang/pt_AO.res" 1698
"../../../Engine/Content/Internationalization/icudt64l/lang/pt_PT.res" 1699
"../../../Engine/Content/Internationalization/icudt64l/region/pt_AO.res" 1700
"../../../Engine/Content/Internationalization/icudt64l/region/pt_PT.res" 1701
"../../../Engine/Content/Internationalization/icudt64l/region/pt.res" 1702
"../../../Engine/Content/Internationalization/icudt64l/lang/pt_CH.res" 1703
"../../../Engine/Content/Internationalization/icudt64l/region/pt_CH.res" 1704
"../../../Engine/Content/Internationalization/icudt64l/lang/pt_CV.res" 1705
"../../../Engine/Content/Internationalization/icudt64l/region/pt_CV.res" 1706
"../../../Engine/Content/Internationalization/icudt64l/lang/pt_GQ.res" 1707
"../../../Engine/Content/Internationalization/icudt64l/region/pt_GQ.res" 1708
"../../../Engine/Content/Internationalization/icudt64l/lang/pt_GW.res" 1709
"../../../Engine/Content/Internationalization/icudt64l/region/pt_GW.res" 1710
"../../../Engine/Content/Internationalization/icudt64l/lang/pt_LU.res" 1711
"../../../Engine/Content/Internationalization/icudt64l/region/pt_LU.res" 1712
"../../../Engine/Content/Internationalization/icudt64l/lang/pt_MO.res" 1713
"../../../Engine/Content/Internationalization/icudt64l/region/pt_MO.res" 1714
"../../../Engine/Content/Internationalization/icudt64l/lang/pt_MZ.res" 1715
"../../../Engine/Content/Internationalization/icudt64l/region/pt_MZ.res" 1716
"../../../Engine/Content/Internationalization/icudt64l/lang/pt_ST.res" 1717
"../../../Engine/Content/Internationalization/icudt64l/region/pt_ST.res" 1718
"../../../Engine/Content/Internationalization/icudt64l/lang/pt_TL.res" 1719
"../../../Engine/Content/Internationalization/icudt64l/region/pt_TL.res" 1720
"../../../Engine/Content/Internationalization/icudt64l/lang/qu.res" 1721
"../../../Engine/Content/Internationalization/icudt64l/region/qu.res" 1722
"../../../Engine/Content/Internationalization/icudt64l/lang/rm.res" 1723
"../../../Engine/Content/Internationalization/icudt64l/region/rm.res" 1724
"../../../Engine/Content/Internationalization/icudt64l/lang/rn.res" 1725
"../../../Engine/Content/Internationalization/icudt64l/region/rn.res" 1726
"../../../Engine/Content/Internationalization/icudt64l/lang/ro.res" 1727
"../../../Engine/Content/Internationalization/icudt64l/lang/ro_MD.res" 1728
"../../../Engine/Content/Internationalization/icudt64l/region/ro_MD.res" 1729
"../../../Engine/Content/Internationalization/icudt64l/region/ro.res" 1730
"../../../Engine/Content/Internationalization/icudt64l/lang/rof.res" 1731
"../../../Engine/Content/Internationalization/icudt64l/region/rof.res" 1732
"../../../Engine/Content/Internationalization/icudt64l/lang/ru.res" 1733
"../../../Engine/Content/Internationalization/icudt64l/region/ru.res" 1734
"../../../Engine/Content/Internationalization/icudt64l/region/ru_UA.res" 1735
"../../../Engine/Content/Internationalization/icudt64l/lang/rw.res" 1736
"../../../Engine/Content/Internationalization/icudt64l/region/rw.res" 1737
"../../../Engine/Content/Internationalization/icudt64l/lang/rwk.res" 1738
"../../../Engine/Content/Internationalization/icudt64l/region/rwk.res" 1739
"../../../Engine/Content/Internationalization/icudt64l/lang/sah.res" 1740
"../../../Engine/Content/Internationalization/icudt64l/region/sah.res" 1741
"../../../Engine/Content/Internationalization/icudt64l/lang/saq.res" 1742
"../../../Engine/Content/Internationalization/icudt64l/region/saq.res" 1743
"../../../Engine/Content/Internationalization/icudt64l/lang/sbp.res" 1744
"../../../Engine/Content/Internationalization/icudt64l/region/sbp.res" 1745
"../../../Engine/Content/Internationalization/icudt64l/lang/sd.res" 1746
"../../../Engine/Content/Internationalization/icudt64l/region/sd.res" 1747
"../../../Engine/Content/Internationalization/icudt64l/lang/se.res" 1748
"../../../Engine/Content/Internationalization/icudt64l/lang/se_FI.res" 1749
"../../../Engine/Content/Internationalization/icudt64l/region/se_FI.res" 1750
"../../../Engine/Content/Internationalization/icudt64l/region/se.res" 1751
"../../../Engine/Content/Internationalization/icudt64l/lang/seh.res" 1752
"../../../Engine/Content/Internationalization/icudt64l/region/seh.res" 1753
"../../../Engine/Content/Internationalization/icudt64l/lang/ses.res" 1754
"../../../Engine/Content/Internationalization/icudt64l/region/ses.res" 1755
"../../../Engine/Content/Internationalization/icudt64l/lang/sg.res" 1756
"../../../Engine/Content/Internationalization/icudt64l/region/sg.res" 1757
"../../../Engine/Content/Internationalization/icudt64l/lang/shi.res" 1758
"../../../Engine/Content/Internationalization/icudt64l/lang/shi_Latn.res" 1759
"../../../Engine/Content/Internationalization/icudt64l/lang/shi_MA.res" 1760
"../../../Engine/Content/Internationalization/icudt64l/lang/shi_Tfng_MA.res" 1761
"../../../Engine/Content/Internationalization/icudt64l/lang/shi_Tfng.res" 1762
"../../../Engine/Content/Internationalization/icudt64l/region/shi_MA.res" 1763
"../../../Engine/Content/Internationalization/icudt64l/region/shi_Tfng_MA.res" 1764
"../../../Engine/Content/Internationalization/icudt64l/region/shi_Tfng.res" 1765
"../../../Engine/Content/Internationalization/icudt64l/region/shi.res" 1766
"../../../Engine/Content/Internationalization/icudt64l/region/shi_Latn.res" 1767
"../../../Engine/Content/Internationalization/icudt64l/lang/si.res" 1768
"../../../Engine/Content/Internationalization/icudt64l/region/si.res" 1769
"../../../Engine/Content/Internationalization/icudt64l/lang/sk.res" 1770
"../../../Engine/Content/Internationalization/icudt64l/region/sk.res" 1771
"../../../Engine/Content/Internationalization/icudt64l/lang/sl.res" 1772
"../../../Engine/Content/Internationalization/icudt64l/region/sl.res" 1773
"../../../Engine/Content/Internationalization/icudt64l/lang/smn.res" 1774
"../../../Engine/Content/Internationalization/icudt64l/region/smn.res" 1775
"../../../Engine/Content/Internationalization/icudt64l/lang/sn.res" 1776
"../../../Engine/Content/Internationalization/icudt64l/region/sn.res" 1777
"../../../Engine/Content/Internationalization/icudt64l/lang/so.res" 1778
"../../../Engine/Content/Internationalization/icudt64l/region/so.res" 1779
"../../../Engine/Content/Internationalization/icudt64l/lang/sq.res" 1780
"../../../Engine/Content/Internationalization/icudt64l/region/sq.res" 1781
"../../../Engine/Content/Internationalization/icudt64l/lang/sr.res" 1782
"../../../Engine/Content/Internationalization/icudt64l/lang/sr_Cyrl.res" 1783
"../../../Engine/Content/Internationalization/icudt64l/lang/sr_BA.res" 1784
"../../../Engine/Content/Internationalization/icudt64l/lang/sr_Cyrl_BA.res" 1785
"../../../Engine/Content/Internationalization/icudt64l/region/sr_BA.res" 1786
"../../../Engine/Content/Internationalization/icudt64l/region/sr_Cyrl_BA.res" 1787
"../../../Engine/Content/Internationalization/icudt64l/region/sr_Cyrl.res" 1788
"../../../Engine/Content/Internationalization/icudt64l/region/sr.res" 1789
"../../../Engine/Content/Internationalization/icudt64l/lang/sr_ME.res" 1790
"../../../Engine/Content/Internationalization/icudt64l/lang/sr_Latn_ME.res" 1791
"../../../Engine/Content/Internationalization/icudt64l/lang/sr_Latn.res" 1792
"../../../Engine/Content/Internationalization/icudt64l/region/sr_ME.res" 1793
"../../../Engine/Content/Internationalization/icudt64l/region/sr_Latn_ME.res" 1794
"../../../Engine/Content/Internationalization/icudt64l/region/sr_Latn.res" 1795
"../../../Engine/Content/Internationalization/icudt64l/lang/sr_Cyrl_ME.res" 1796
"../../../Engine/Content/Internationalization/icudt64l/region/sr_Cyrl_ME.res" 1797
"../../../Engine/Content/Internationalization/icudt64l/lang/sr_RS.res" 1798
"../../../Engine/Content/Internationalization/icudt64l/lang/sr_Cyrl_RS.res" 1799
"../../../Engine/Content/Internationalization/icudt64l/region/sr_RS.res" 1800
"../../../Engine/Content/Internationalization/icudt64l/region/sr_Cyrl_RS.res" 1801
"../../../Engine/Content/Internationalization/icudt64l/lang/sr_XK.res" 1802
"../../../Engine/Content/Internationalization/icudt64l/lang/sr_Cyrl_XK.res" 1803
"../../../Engine/Content/Internationalization/icudt64l/region/sr_XK.res" 1804
"../../../Engine/Content/Internationalization/icudt64l/region/sr_Cyrl_XK.res" 1805
"../../../Engine/Content/Internationalization/icudt64l/lang/sr_Latn_BA.res" 1806
"../../../Engine/Content/Internationalization/icudt64l/region/sr_Latn_BA.res" 1807
"../../../Engine/Content/Internationalization/icudt64l/lang/sr_Latn_RS.res" 1808
"../../../Engine/Content/Internationalization/icudt64l/region/sr_Latn_RS.res" 1809
"../../../Engine/Content/Internationalization/icudt64l/lang/sr_Latn_XK.res" 1810
"../../../Engine/Content/Internationalization/icudt64l/region/sr_Latn_XK.res" 1811
"../../../Engine/Content/Internationalization/icudt64l/lang/sv.res" 1812
"../../../Engine/Content/Internationalization/icudt64l/region/sv.res" 1813
"../../../Engine/Content/Internationalization/icudt64l/lang/sv_FI.res" 1814
"../../../Engine/Content/Internationalization/icudt64l/lang/sw.res" 1815
"../../../Engine/Content/Internationalization/icudt64l/lang/sw_CD.res" 1816
"../../../Engine/Content/Internationalization/icudt64l/region/sw_CD.res" 1817
"../../../Engine/Content/Internationalization/icudt64l/region/sw.res" 1818
"../../../Engine/Content/Internationalization/icudt64l/lang/sw_KE.res" 1819
"../../../Engine/Content/Internationalization/icudt64l/region/sw_KE.res" 1820
"../../../Engine/Content/Internationalization/icudt64l/lang/ta.res" 1821
"../../../Engine/Content/Internationalization/icudt64l/region/ta.res" 1822
"../../../Engine/Content/Internationalization/icudt64l/lang/te.res" 1823
"../../../Engine/Content/Internationalization/icudt64l/region/te.res" 1824
"../../../Engine/Content/Internationalization/icudt64l/lang/teo.res" 1825
"../../../Engine/Content/Internationalization/icudt64l/region/teo.res" 1826
"../../../Engine/Content/Internationalization/icudt64l/lang/tg.res" 1827
"../../../Engine/Content/Internationalization/icudt64l/region/tg.res" 1828
"../../../Engine/Content/Internationalization/icudt64l/lang/th.res" 1829
"../../../Engine/Content/Internationalization/icudt64l/lang/th_TH.res" 1830
"../../../Engine/Content/Internationalization/icudt64l/region/th_TH.res" 1831
"../../../Engine/Content/Internationalization/icudt64l/region/th.res" 1832
"../../../Engine/Content/Internationalization/icudt64l/lang/ti.res" 1833
"../../../Engine/Content/Internationalization/icudt64l/region/ti.res" 1834
"../../../Engine/Content/Internationalization/icudt64l/lang/tk.res" 1835
"../../../Engine/Content/Internationalization/icudt64l/region/tk.res" 1836
"../../../Engine/Content/Internationalization/icudt64l/lang/to.res" 1837
"../../../Engine/Content/Internationalization/icudt64l/region/to.res" 1838
"../../../Engine/Content/Internationalization/icudt64l/lang/tr.res" 1839
"../../../Engine/Content/Internationalization/icudt64l/region/tr.res" 1840
"../../../Engine/Content/Internationalization/icudt64l/lang/tt.res" 1841
"../../../Engine/Content/Internationalization/icudt64l/region/tt.res" 1842
"../../../Engine/Content/Internationalization/icudt64l/lang/twq.res" 1843
"../../../Engine/Content/Internationalization/icudt64l/region/twq.res" 1844
"../../../Engine/Content/Internationalization/icudt64l/lang/tzm.res" 1845
"../../../Engine/Content/Internationalization/icudt64l/region/tzm.res" 1846
"../../../Engine/Content/Internationalization/icudt64l/lang/ug.res" 1847
"../../../Engine/Content/Internationalization/icudt64l/region/ug.res" 1848
"../../../Engine/Content/Internationalization/icudt64l/lang/uk.res" 1849
"../../../Engine/Content/Internationalization/icudt64l/region/uk.res" 1850
"../../../Engine/Content/Internationalization/icudt64l/lang/ur.res" 1851
"../../../Engine/Content/Internationalization/icudt64l/lang/ur_IN.res" 1852
"../../../Engine/Content/Internationalization/icudt64l/region/ur_IN.res" 1853
"../../../Engine/Content/Internationalization/icudt64l/region/ur.res" 1854
"../../../Engine/Content/Internationalization/icudt64l/lang/uz.res" 1855
"../../../Engine/Content/Internationalization/icudt64l/lang/uz_Arab.res" 1856
"../../../Engine/Content/Internationalization/icudt64l/lang/uz_AF.res" 1857
"../../../Engine/Content/Internationalization/icudt64l/lang/uz_Arab_AF.res" 1858
"../../../Engine/Content/Internationalization/icudt64l/region/uz_AF.res" 1859
"../../../Engine/Content/Internationalization/icudt64l/region/uz_Arab_AF.res" 1860
"../../../Engine/Content/Internationalization/icudt64l/region/uz_Arab.res" 1861
"../../../Engine/Content/Internationalization/icudt64l/lang/uz_Cyrl.res" 1862
"../../../Engine/Content/Internationalization/icudt64l/lang/uz_UZ.res" 1863
"../../../Engine/Content/Internationalization/icudt64l/lang/uz_Latn_UZ.res" 1864
"../../../Engine/Content/Internationalization/icudt64l/lang/uz_Latn.res" 1865
"../../../Engine/Content/Internationalization/icudt64l/region/uz_UZ.res" 1866
"../../../Engine/Content/Internationalization/icudt64l/region/uz_Latn_UZ.res" 1867
"../../../Engine/Content/Internationalization/icudt64l/region/uz_Latn.res" 1868
"../../../Engine/Content/Internationalization/icudt64l/region/uz.res" 1869
"../../../Engine/Content/Internationalization/icudt64l/region/uz_Cyrl.res" 1870
"../../../Engine/Content/Internationalization/icudt64l/lang/vai.res" 1871
"../../../Engine/Content/Internationalization/icudt64l/lang/vai_Latn.res" 1872
"../../../Engine/Content/Internationalization/icudt64l/lang/vai_LR.res" 1873
"../../../Engine/Content/Internationalization/icudt64l/lang/vai_Vaii_LR.res" 1874
"../../../Engine/Content/Internationalization/icudt64l/lang/vai_Vaii.res" 1875
"../../../Engine/Content/Internationalization/icudt64l/region/vai_LR.res" 1876
"../../../Engine/Content/Internationalization/icudt64l/region/vai_Vaii_LR.res" 1877
"../../../Engine/Content/Internationalization/icudt64l/region/vai_Vaii.res" 1878
"../../../Engine/Content/Internationalization/icudt64l/region/vai.res" 1879
"../../../Engine/Content/Internationalization/icudt64l/region/vai_Latn.res" 1880
"../../../Engine/Content/Internationalization/icudt64l/lang/vi.res" 1881
"../../../Engine/Content/Internationalization/icudt64l/region/vi.res" 1882
"../../../Engine/Content/Internationalization/icudt64l/lang/vun.res" 1883
"../../../Engine/Content/Internationalization/icudt64l/region/vun.res" 1884
"../../../Engine/Content/Internationalization/icudt64l/lang/wae.res" 1885
"../../../Engine/Content/Internationalization/icudt64l/region/wae.res" 1886
"../../../Engine/Content/Internationalization/icudt64l/lang/wo.res" 1887
"../../../Engine/Content/Internationalization/icudt64l/region/wo.res" 1888
"../../../Engine/Content/Internationalization/icudt64l/lang/xh.res" 1889
"../../../Engine/Content/Internationalization/icudt64l/region/xh.res" 1890
"../../../Engine/Content/Internationalization/icudt64l/lang/xog.res" 1891
"../../../Engine/Content/Internationalization/icudt64l/region/xog.res" 1892
"../../../Engine/Content/Internationalization/icudt64l/lang/yav.res" 1893
"../../../Engine/Content/Internationalization/icudt64l/region/yav.res" 1894
"../../../Engine/Content/Internationalization/icudt64l/lang/yi.res" 1895
"../../../Engine/Content/Internationalization/icudt64l/region/yi.res" 1896
"../../../Engine/Content/Internationalization/icudt64l/lang/yo.res" 1897
"../../../Engine/Content/Internationalization/icudt64l/lang/yo_BJ.res" 1898
"../../../Engine/Content/Internationalization/icudt64l/region/yo_BJ.res" 1899
"../../../Engine/Content/Internationalization/icudt64l/region/yo.res" 1900
"../../../Engine/Content/Internationalization/icudt64l/lang/yue.res" 1901
"../../../Engine/Content/Internationalization/icudt64l/lang/yue_Hans.res" 1902
"../../../Engine/Content/Internationalization/icudt64l/lang/yue_CN.res" 1903
"../../../Engine/Content/Internationalization/icudt64l/lang/yue_Hans_CN.res" 1904
"../../../Engine/Content/Internationalization/icudt64l/region/yue_CN.res" 1905
"../../../Engine/Content/Internationalization/icudt64l/region/yue_Hans_CN.res" 1906
"../../../Engine/Content/Internationalization/icudt64l/region/yue_Hans.res" 1907
"../../../Engine/Content/Internationalization/icudt64l/lang/yue_Hant.res" 1908
"../../../Engine/Content/Internationalization/icudt64l/lang/yue_HK.res" 1909
"../../../Engine/Content/Internationalization/icudt64l/lang/yue_Hant_HK.res" 1910
"../../../Engine/Content/Internationalization/icudt64l/region/yue_HK.res" 1911
"../../../Engine/Content/Internationalization/icudt64l/region/yue_Hant_HK.res" 1912
"../../../Engine/Content/Internationalization/icudt64l/region/yue_Hant.res" 1913
"../../../Engine/Content/Internationalization/icudt64l/region/yue.res" 1914
"../../../Engine/Content/Internationalization/icudt64l/lang/zgh.res" 1915
"../../../Engine/Content/Internationalization/icudt64l/region/zgh.res" 1916
"../../../Engine/Content/Internationalization/icudt64l/lang/zh.res" 1917
"../../../Engine/Content/Internationalization/icudt64l/lang/zh_Hans.res" 1918
"../../../Engine/Content/Internationalization/icudt64l/lang/zh_CN.res" 1919
"../../../Engine/Content/Internationalization/icudt64l/lang/zh_Hans_CN.res" 1920
"../../../Engine/Content/Internationalization/icudt64l/region/zh_CN.res" 1921
"../../../Engine/Content/Internationalization/icudt64l/region/zh_Hans_CN.res" 1922
"../../../Engine/Content/Internationalization/icudt64l/region/zh_Hans.res" 1923
"../../../Engine/Content/Internationalization/icudt64l/region/zh.res" 1924
"../../../Engine/Content/Internationalization/icudt64l/lang/zh_HK.res" 1925
"../../../Engine/Content/Internationalization/icudt64l/lang/zh_Hant_HK.res" 1926
"../../../Engine/Content/Internationalization/icudt64l/lang/zh_Hant.res" 1927
"../../../Engine/Content/Internationalization/icudt64l/region/zh_HK.res" 1928
"../../../Engine/Content/Internationalization/icudt64l/region/zh_Hant_HK.res" 1929
"../../../Engine/Content/Internationalization/icudt64l/region/zh_Hant.res" 1930
"../../../Engine/Content/Internationalization/icudt64l/lang/zh_MO.res" 1931
"../../../Engine/Content/Internationalization/icudt64l/lang/zh_Hant_MO.res" 1932
"../../../Engine/Content/Internationalization/icudt64l/region/zh_MO.res" 1933
"../../../Engine/Content/Internationalization/icudt64l/region/zh_Hant_MO.res" 1934
"../../../Engine/Content/Internationalization/icudt64l/lang/zh_SG.res" 1935
"../../../Engine/Content/Internationalization/icudt64l/lang/zh_Hans_SG.res" 1936
"../../../Engine/Content/Internationalization/icudt64l/region/zh_SG.res" 1937
"../../../Engine/Content/Internationalization/icudt64l/region/zh_Hans_SG.res" 1938
"../../../Engine/Content/Internationalization/icudt64l/lang/zh_TW.res" 1939
"../../../Engine/Content/Internationalization/icudt64l/lang/zh_Hant_TW.res" 1940
"../../../Engine/Content/Internationalization/icudt64l/region/zh_TW.res" 1941
"../../../Engine/Content/Internationalization/icudt64l/region/zh_Hant_TW.res" 1942
"../../../Engine/Content/Internationalization/icudt64l/lang/zu.res" 1943
"../../../Engine/Content/Internationalization/icudt64l/region/zu.res" 1944
"../../../Engine/Content/Internationalization/icudt64l/lang/no.res" 1945
"../../../Engine/Content/Internationalization/icudt64l/lang/tl.res" 1946
"../../../Engine/Config/Android/DataDrivenPlatformInfo.ini" 1947
"../../../Engine/Config/IOS/DataDrivenPlatformInfo.ini" 1948
"../../../Engine/Config/Linux/DataDrivenPlatformInfo.ini" 1949
"../../../Engine/Config/Mac/DataDrivenPlatformInfo.ini" 1950
"../../../Engine/Config/TVOS/DataDrivenPlatformInfo.ini" 1951
"../../../Engine/Config/Unix/DataDrivenPlatformInfo.ini" 1952
"../../../Engine/Config/VulkanPC/DataDrivenPlatformInfo.ini" 1953
"../../../Engine/Config/Windows/DataDrivenPlatformInfo.ini" 1954
"../../../Engine/Platforms/VisionOS/Config/DataDrivenPlatformInfo.ini" 1955
"../../../Engine/Content/Renderer/TessellationTable.bin" 1956
"../../../Engine/DerivedDataCache/Compressed.ddp" 1957
"C:/Users/nicol/AppData/Local/UnrealEngine/5.6/Saved/Zen/zen.version" 1958
"C:/Users/nicol/AppData/Local/UnrealEngine/Common/Zen/Install/zen.version" 1959
"C:/Users/nicol/AppData/Local/UnrealEngine/Common/Zen/Install/zenserver.runcontext" 1960
"C:/Users/nicol/AppData/Local/UnrealEngine/Common/DerivedDataCache/TestData/0/TestData_4kb.dat" 1961
"C:/Users/nicol/AppData/Local/UnrealEngine/Common/DerivedDataCache/TestData/1/TestData_4kb.dat" 1962
"C:/Users/nicol/AppData/Local/UnrealEngine/Common/DerivedDataCache/TestData/0/TestData_8kb.dat" 1963
"C:/Users/nicol/AppData/Local/UnrealEngine/Common/DerivedDataCache/TestData/1/TestData_8kb.dat" 1964
"C:/Users/nicol/AppData/Local/UnrealEngine/Common/DerivedDataCache/TestData/0/TestData_16kb.dat" 1965
"C:/Users/nicol/AppData/Local/UnrealEngine/Common/DerivedDataCache/TestData/1/TestData_16kb.dat" 1966
"C:/Users/nicol/AppData/Local/UnrealEngine/Common/DerivedDataCache/TestData/0/TestData_64kb.dat" 1967
"C:/Users/nicol/AppData/Local/UnrealEngine/Common/DerivedDataCache/TestData/1/TestData_64kb.dat" 1968
"C:/Users/nicol/AppData/Local/UnrealEngine/Common/DerivedDataCache/TestData/0/TestData_128kb.dat" 1969
"C:/Users/nicol/AppData/Local/UnrealEngine/Common/DerivedDataCache/TestData/1/TestData_128kb.dat" 1970
"C:/Users/nicol/AppData/Local/UnrealEngine/Common/DerivedDataCache/TestData/0/TestData_256kb.dat" 1971
"C:/Users/nicol/AppData/Local/UnrealEngine/Common/DerivedDataCache/TestData/1/TestData_256kb.dat" 1972
"C:/Users/nicol/AppData/Roaming/Unreal Engine/UnrealBuildTool/BuildConfiguration.xml" 1973
"../../../../ProgrammazioneAvanzata/ImpetusFirstLevel/Intermediate/ShaderAutogen/PCD3D_SM6/AutogenShaderHeaders.ush" 1974
"../../../Engine/Shaders/Private/HairStrands/HairStrandsVertexFactory.ush" 1975
"../../../Engine/Shaders/Private/VertexFactoryCommon.ush" 1976
"../../../Engine/Shaders/Private/Common.ush" 1977
"../../../Engine/Shaders/Public/Platform.ush" 1978
"../../../Engine/Shaders/Public/FP16Math.ush" 1979
"../../../Engine/Shaders/Public/Platform/D3D/D3DCommon.ush" 1980
"../../../Engine/Shaders/Shared/HLSLReservedSpaces.h" 1981
"../../../Engine/Shaders/Public/BindlessResources.ush" 1982
"../../../Engine/Shaders/Public/Platform/D3D/PlatformBindlessResources.ush" 1983
"../../../Engine/Shaders/Shared/RayTracingBuiltInResources.h" 1984
"../../../Engine/Shaders/Shared/RayTracingDefinitions.h" 1985
"../../../Engine/Shaders/Public/OverloadMacros.ush" 1986
"../../../Engine/Shaders/Public/ShaderVersion.ush" 1987
"../../../Engine/Shaders/Shared/ThirdParty/NVIDIA/nvHLSLExtns.h" 1988
"../../../Engine/Shaders/Shared/ThirdParty/NVIDIA/nvHLSLExtnsInternal.h" 1989
"../../../Engine/Shaders/Shared/ThirdParty/NVIDIA/nvShaderExtnEnums.h" 1990
"../../../Engine/Shaders/Private/PackUnpack.ush" 1991
"../../../Engine/Shaders/Private/GeneratedUniformBufferTypes.ush" 1992
"../../../Engine/Shaders/Private/Nanite/NanitePackedNaniteView.ush" 1993
"../../../Engine/Shaders/Private/HairStrands/HairStrandsVisibilityCommonStruct.ush" 1994
"../../../Engine/Shaders/Private/HairStrands/HairStrandsVoxelPageCommonStruct.ush" 1995
"../../../Engine/Shaders/Private/HairStrands/HairStrandsDeepShadowCommonStruct.ush" 1996
"../../../Engine/Shaders/Shared/LightSceneData.h" 1997
"../../../Engine/Shaders/Shared/HLSLTypeAliases.h" 1998
"../../../Engine/Shaders/Private/LargeWorldCoordinates.ush" 1999
"../../../Engine/Shaders/Private/DoubleFloat.ush" 2000
"../../../Engine/Shaders/Private/RandomPCG.ush" 2001
"../../../Engine/Shaders/Private/DoubleFloatOperations.ush" 2002
"../../../Engine/Shaders/Private/DoubleFloatVectorDefinition.ush" 2003
"../../../Engine/Shaders/Private/LWCOperations.ush" 2004
"../../../Engine/Shaders/Shared/LightViewData.h" 2005
"../../../Engine/Shaders/Shared/RayTracingTypes.h" 2006
"../../../Engine/Shaders/Shared/HLSLStaticAssert.h" 2007
"../../../Engine/Shaders/Private/CommonViewUniformBuffer.ush" 2008
"../../../Engine/Shaders/Private/InstancedStereo.ush" 2009
"../../../Engine/Shaders/Private/Definitions.usf" 2010
"../../../Engine/Shaders/Private/AssertionMacros.ush" 2011
"../../../Engine/Shaders/Private/FastMath.ush" 2012
"../../../Engine/Shaders/Private/FastMathThirdParty.ush" 2013
"../../../Engine/Shaders/Private/Random.ush" 2014
"../../../Engine/Shaders/Private/RandomInterleavedGradientNoise.ush" 2015
"../../../Engine/Shaders/Private/SceneData.ush" 2016
"../../../Engine/Shaders/Private/OctahedralCommon.ush" 2017
"../../../Engine/Shaders/Private/WaveOpUtil.ush" 2018
"../../../Engine/Shaders/Private/ByteBuffer.ush" 2019
"../../../Engine/Shaders/Shared/SceneDefinitions.h" 2020
"../../../Engine/Shaders/Private/SceneDataMobileLoader.ush" 2021
"../../../Engine/Shaders/Private/LocalVertexFactoryCommon.ush" 2022
"../../../Engine/Shaders/Private/HairStrands/HairStrandsVisibilityCommon.ush" 2023
"../../../Engine/Shaders/Shared/HairStrandsDefinitions.h" 2024
"../../../Engine/Shaders/Private/HairStrands/HairStrandsVertexFactoryCommon.ush" 2025
"../../../Engine/Shaders/Private/HairStrands/HairStrandsPack.ush" 2026
"../../../Engine/Shaders/Private/HairStrands/HairStrandsAttributeCommon.ush" 2027
"../../../Engine/Shaders/Private/HairStrands/HairStrandsAttributeTemplate.ush" 2028
"../../../Engine/Shaders/Private/VertexFactoryDefaultInterface.ush" 2029
"../../../Engine/Shaders/Private/HairStrands/HairCardsVertexFactory.ush" 2030
"../../../Engine/Shaders/Private/HairStrands/HairCardsAttributeCommon.ush" 2031
"../../../Engine/Shaders/Private/RayTracing/RayTracingCommon.ush" 2032
"../../../Engine/Shaders/Private/ShadingCommon.ush" 2033
"../../../Engine/Shaders/Shared/RayTracingPayloadType.h" 2034
"../../../Engine/Shaders/Private/RayTracing/RayTracingRayCone.ush" 2035
"../../../Engine/Shaders/Private/Substrate/Substrate.ush" 2036
"../../../Engine/Shaders/Private/ShadingEnergyConservation.ush" 2037
"../../../Engine/Shaders/Private/ShadingEnergyConservationTemplate.ush" 2038
"../../../Engine/Shaders/Private/BRDF.ush" 2039
"../../../Engine/Shaders/Private/ColorSpace.ush" 2040
"../../../Engine/Shaders/Private/DeferredShadingCommon.ush" 2041
"../../../Engine/Shaders/Private/LightAccumulator.ush" 2042
"../../../Engine/Shaders/Private/SceneTexturesCommon.ush" 2043
"../../../Engine/Shaders/Private/MonteCarlo.ush" 2044
"../../../Engine/Shaders/Private/GBufferHelpers.ush" 2045
"../../../Engine/Shaders/Private/SceneTextureParameters.ush" 2046
"D:/ProgrammazioneAvanzata/ImpetusFirstLevel/Intermediate/ShaderAutogen/PCD3D_SM6/AutogenShaderHeaders.ush" 2047
"../../../Engine/Shaders/Private/ParticipatingMediaCommon.ush" 2048
"../../../Engine/Shaders/Private/ThinFilmBSDF.ush" 2049
"../../../Engine/Shaders/Private/MortonCode.ush" 2050
"../../../Engine/Shaders/Private/SubsurfaceProfileCommon.ush" 2051
"../../../Engine/Shaders/Private/BurleyNormalizedSSSCommon.ush" 2052
"../../../Engine/Shaders/Private/GammaCorrectionCommon.ush" 2053
"../../../Engine/Shaders/Shared/SubstrateDefinitions.h" 2054
"../../../Engine/Shaders/Private/Substrate/SubstrateStatisticalOperators.ush" 2055
"../../../Engine/Shaders/Private/Substrate/SubstrateSubsurface.ush" 2056
"../../../Engine/Shaders/Private/TransmissionCommon.ush" 2057
"../../../Engine/Shaders/Private/Substrate/SubstrateExportCommon.ush" 2058
"../../../Engine/Shaders/Private/SpecularProfileCommon.ush" 2059
"../../../Engine/Shaders/Private/RayTracing/RayTracingCommonMetal.ush" 2060
"../../../Engine/Shaders/Private/PositionReconstructionCommon.ush" 2061
"../../../Engine/Shaders/Private/RayTracing/TraceRayInline.ush" 2062
"../../../Engine/Shaders/Private/RayTracing/TraceRayInlineCommon.ush" 2063
"../../../Engine/Shaders/Private/RayTracing/TraceRayInlineVulkan.ush" 2064
"../../../Engine/Shaders/Private/RayTracing/TraceRayInlineMetal.ush" 2065
"../../../Engine/Shaders/Private/RayTracing/TraceRayInlineD3D12.ush" 2066
"../../../Engine/Shaders/Private/RayTracing/RayTracingHitGroupCommon.ush" 2067
"../../../Engine/Shaders/Private/Nanite/NaniteRayTrace.ush" 2068
"../../../Engine/Shaders/Private/Nanite/NaniteDataDecode.ush" 2069
"../../../Engine/Shaders/Private/BitPacking.ush" 2070
"../../../Engine/Shaders/Private/BitStreamReaderImplementation.ush" 2071
"../../../Engine/Shaders/Private/BoneTransform.ush" 2072
"../../../Engine/Shaders/Private/Quaternion.ush" 2073
"../../../Engine/Shaders/Shared/NaniteDefinitions.h" 2074
"../../../Engine/Shaders/Shared/SkinningDefinitions.h" 2075
"../../../Engine/Shaders/Private/Nanite/NaniteAttributeDecode.ush" 2076
"../../../Engine/Shaders/Private/Barycentrics.ush" 2077
"../../../Engine/Shaders/Private/DualNumber.ush" 2078
"../../../Engine/Shaders/Shared/ThirdParty/RayTriangleIntersection.h" 2079
"../../../Engine/Shaders/Private/Nanite/NaniteVertexFetch.ush" 2080
"../../../Engine/Shaders/Private/Nanite/NaniteSceneCommon.ush" 2081
"../../../Engine/Plugins/Experimental/Water/Shaders/Private/WaterMeshVertexFactory.ush" 2082
"../../../Engine/Plugins/FX/Niagara/Shaders/Private/NiagaraSpriteVertexFactory.ush" 2083
"../../../Engine/Shaders/Private/ParticleVertexFactoryCommon.ush" 2084
"../../../Engine/Plugins/FX/Niagara/Shaders/Private/NiagaraVFCommon.usf" 2085
"../../../Engine/Plugins/FX/Niagara/Shaders/Private/NiagaraVFParticleAccess.usf" 2086
"../../../Engine/Plugins/FX/Niagara/Shaders/Private/NiagaraParticleAccess.ush" 2087
"../../../Engine/Plugins/FX/Niagara/Shaders/Private/NiagaraRibbonVertexFactory.ush" 2088
"../../../Engine/Plugins/FX/Niagara/Shaders/Private/NiagaraMeshVertexFactory.ush" 2089
"../../../Engine/Plugins/FX/Niagara/Shaders/Private/NiagaraCommon.ush" 2090
"../../../Engine/Plugins/FX/Niagara/Shaders/Private/NiagaraMeshParticleUtils.ush" 2091
"../../../Engine/Shaders/Private/VectorFieldVisualizationVertexFactory.ush" 2092
"../../../Engine/Shaders/Private/Nanite/NaniteVertexFactory.ush" 2093
"../../../Engine/Shaders/Private/LightmapData.ush" 2094
"../../../Engine/Shaders/Private/SplineMeshCommon.ush" 2095
"../../../Engine/Shaders/Shared/SplineMeshShaderParams.h" 2096
"../../../Engine/Shaders/Private/ShaderPrint.ush" 2097
"../../../Engine/Shaders/Private/ShaderPrintCommon.ush" 2098
"../../../Engine/Shaders/Private/MiniFontCommon.ush" 2099
"../../../Engine/Shaders/Private/MaterialCache/MaterialCacheCommon.ush" 2100
"../../../Engine/Shaders/Shared/MaterialCacheDefinitions.h" 2101
"../../../Engine/Shaders/Private/Nanite/NaniteVertexDeformation.ush" 2102
"../../../Engine/Shaders/Private/ViewData.ush" 2103
"../../../Engine/Shaders/Shared/ViewDefinitions.h" 2104
"../../../Engine/Shaders/Private/Matrices.ush" 2105
"../../../Engine/Shaders/Private/ParticleSpriteVertexFactory.ush" 2106
"../../../Engine/Shaders/Private/ParticleGPUSpriteVertexFactory.ush" 2107
"../../../Engine/Shaders/Private/ParticleSimulationCommon.ush" 2108
"../../../Engine/Shaders/Private/ParticleBeamTrailVertexFactory.ush" 2109
"../../../Engine/Shaders/Private/MeshParticleVertexFactory.ush" 2110
"../../../Engine/Shaders/Private/LocalVertexFactory.ush" 2111
"../../../Engine/Shaders/Private/GpuSkinCommon.ush" 2112
"../../../Engine/Shaders/Private/GpuSkinVertexFactory.ush" 2113
"../../../Engine/Shaders/Private/GeometryCollectionVertexFactory.ush" 2114
"../../../Engine/Shaders/Private/GeometryCacheVertexFactory.ush" 2115
"../../../Engine/Shaders/Private/LandscapeVertexFactory.ush" 2116
"../../../Engine/Plugins/Experimental/Compositing/CompositeCore/Shaders/Private/CompositeCoreMerge.usf" 2117
"../../../Engine/Shaders/Private/ScreenPass.ush" 2118
"../../../Engine/Shaders/Private/LensDistortion.ush" 2119
"../../../Engine/Plugins/Experimental/Compositing/CompositeCore/Shaders/Private/CompositeCoreDisplayTransform.usf" 2120
"../../../Engine/Plugins/Experimental/Compositing/CompositeCore/Shaders/Private/CompositeCoreDilate.usf" 2121
"../../../Engine/Plugins/VirtualProduction/CameraCalibrationCore/Shaders/Private/CrosshairOverlay.usf" 2122
"../../../Engine/Plugins/VirtualProduction/CameraCalibrationCore/Shaders/Private/DisplacementMapBlending.usf" 2123
"../../../Engine/Plugins/VirtualProduction/CameraCalibrationCore/Shaders/Private/RecenterSTDisplacementMaps.usf" 2124
"../../../Engine/Plugins/VirtualProduction/CameraCalibrationCore/Shaders/Private/FillSTDisplacementMap.usf" 2125
"../../../Engine/Plugins/VirtualProduction/CameraCalibrationCore/Shaders/Private/InvertDisplacementMap.usf" 2126
"../../../Engine/Plugins/VirtualProduction/CameraCalibrationCore/Shaders/Private/CropDisplacementMap.usf" 2127
"../../../Engine/Plugins/VirtualProduction/CameraCalibrationCore/Shaders/Private/BlendDisplacementMaps.usf" 2128
"../../../Engine/Plugins/VirtualProduction/CameraCalibrationCore/Shaders/Private/DrawDisplacementMaps.usf" 2129
"../../../Engine/Plugins/VirtualProduction/CameraCalibrationCore/Shaders/Private/UndistortImagePoints.usf" 2130
"../../../Engine/Plugins/VirtualProduction/CameraCalibrationCore/Shaders/Private/DistortionSTMapProcessor.usf" 2131
"../../../Engine/Plugins/Runtime/HairStrands/Shaders/Private/NiagaraCopyVelocityGrid.usf" 2132
"../../../Engine/Plugins/Runtime/HairStrands/Shaders/Private/NiagaraClearVelocityGrid.usf" 2133
"../../../Engine/Plugins/Runtime/HairStrands/Shaders/Private/NiagaraClearPressureGrid.usf" 2134
"../../../Engine/Plugins/Runtime/HairStrands/Shaders/Private/NiagaraInterpolateGroomGuides.usf" 2135
"../../../Engine/Plugins/Runtime/HairStrands/Shaders/Private/NiagaraGroomInterpolationUtils.ush" 2136
"../../../Engine/Plugins/FX/Niagara/Shaders/Private/NiagaraQuaternionUtils.ush" 2137
"../../../Engine/Shaders/Private/HairStrands/HairStrandsMesh.usf" 2138
"../../../Engine/Shaders/Private/HairStrands/HairStrandsBindingCommon.ush" 2139
"../../../Engine/Shaders/Private/HairStrands/HairStrandsFollicleMask.usf" 2140
"../../../Engine/Shaders/Private/HairStrands/HairStrandsSkinUpdate.usf" 2141
"../../../Engine/Shaders/Private/HairStrands/HairStrandsClusterCulling.usf" 2142
"../../../Engine/Shaders/Private/ColorMap.ush" 2143
"../../../Engine/Shaders/Private/HairStrands/HairStrandsAABBCommon.ush" 2144
"../../../Engine/Shaders/Private/HairStrands/HairStrandsClusterCommon.ush" 2145
"../../../Engine/Shaders/Private/ThreadGroupPrefixSum.ush" 2146
"../../../Engine/Shaders/Private/HairStrands/HairStrandsRaytracingGeometry.usf" 2147
"../../../Engine/Shaders/Private/HairStrands/HairStrandsTangent.usf" 2148
"../../../Engine/Shaders/Private/HairStrands/HairCardsDeformation.usf" 2149
"../../../Engine/Shaders/Private/HairStrands/HairStrandsInterpolation.usf" 2150
"../../../Engine/Shaders/Private/HairStrands/HairStrandsGuideDeform.usf" 2151
"../../../Engine/Shaders/Private/HairStrands/HairStrandsTexturesGeneration.usf" 2152
"../../../Engine/Shaders/Private/HairStrands/HairCardsTextureCommon.ush" 2153
"../../../Engine/Shaders/Private/HairStrands/HairStrandsTranscode.usf" 2154
"../../../Engine/Shaders/Private/HairStrands/HairStrandsDebug.usf" 2155
"../../../Engine/Shaders/Private/HairShadingCommon.ush" 2156
"../../../Engine/Shaders/Private/PostProcessCommon.ush" 2157
"../../../Engine/Shaders/Private/ShadingModels.ush" 2158
"../../../Engine/Shaders/Private/CapsuleLight.ush" 2159
"../../../Engine/Shaders/Private/RectLight.ush" 2160
"../../../Engine/Shaders/Private/LightData.ush" 2161
"../../../Engine/Shaders/Shared/LightDefinitions.h" 2162
"../../../Engine/Shaders/Private/AreaLightCommon.ush" 2163
"../../../Engine/Shaders/Private/HairBsdf.ush" 2164
"../../../Engine/Shaders/Private/MobileGGX.ush" 2165
"../../../Engine/Shaders/Private/HairStrands/HairStrandsCommon.ush" 2166
"../../../Engine/Shaders/Private/HairStrands/HairStrandsEnvironmentLightingCommon.ush" 2167
"../../../Engine/Shaders/Private/HairStrands/HairStrandsDeepTransmittanceCommon.ush" 2168
"../../../Engine/Shaders/Private/HairStrands/HairStrandsDeepTransmittanceDualScattering.ush" 2169
"../../../Engine/Shaders/Private/HairStrands/HairStrandsDeepShadowCommon.ush" 2170
"../../../Engine/Shaders/Private/HairStrands/HairStrandsDebugCommonStruct.ush" 2171
"../../../Engine/Plugins/NNE/NNEDenoiser/Shaders/NNEDenoiserShadersTransferFunctionOidn.usf" 2172
"../../../Engine/Plugins/NNE/NNEDenoiser/Shaders/NNEDenoiserShadersMappedCopy.usf" 2173
"../../../Engine/Plugins/NNE/NNEDenoiser/Shaders/NNEDenoiserShadersDefaultIOProcess.usf" 2174
"../../../Engine/Plugins/NNE/NNEDenoiser/Shaders/NNEDenoiserShadersAutoExposureReduceFinal.usf" 2175
"../../../Engine/Plugins/NNE/NNEDenoiser/Shaders/NNEDenoiserShadersAutoExposureReduce.usf" 2176
"../../../Engine/Plugins/NNE/NNEDenoiser/Shaders/NNEDenoiserShadersAutoExposureDownsample.usf" 2177
"../../../Engine/Plugins/Media/WmfMedia/Shaders/Private/MediaHardwareVideoDecoding.usf" 2178
"../../../Engine/Shaders/Private/ColorUtils.ush" 2179
"../../../Engine/Plugins/Media/ImgMedia/Shaders/Private/ExrSwizzler.usf" 2180
"../../../Engine/Plugins/Experimental/Water/Shaders/Private/WaterQuadTreeDraws.usf" 2181
"../../../Engine/Plugins/Experimental/Water/Shaders/Private/WaterQuadTreeCommon.ush" 2182
"../../../Engine/Shaders/Private/Nanite/NaniteHZBCull.ush" 2183
"../../../Engine/Shaders/Private/HZB.ush" 2184
"../../../Engine/Plugins/Experimental/Water/Shaders/Private/WaterQuadTreeBuild.usf" 2185
"../../../Engine/Plugins/Experimental/Water/Shaders/Private/WaterQuadTreeMerge.usf" 2186
"../../../Engine/Plugins/Experimental/Water/Shaders/Private/WaterQuadTreePixelShader.usf" 2187
"../../../Engine/Plugins/Experimental/Water/Shaders/Private/WaterQuadTreeVertexShader.usf" 2188
"../../../Engine/Plugins/Experimental/Water/Shaders/Private/WaterInfoFinalize.usf" 2189
"../../../Engine/Plugins/Experimental/Water/Shaders/Private/WaterInfoMerge.usf" 2190
"../../../Engine/Plugins/Experimental/NFORDenoise/Shaders/NFORDenoise.usf" 2191
"../../../Engine/Plugins/Experimental/NFORDenoise/Shaders/NFORRegressionCommon.ush" 2192
"../../../Engine/Plugins/Experimental/NFORDenoise/Shaders/NFORRegression.ush" 2193
"../../../Engine/Plugins/Enterprise/GLTFExporter/Shaders/Private/SimpleTexture2DPS.usf" 2194
"../../../Engine/Shaders/Private/SimpleElementNormalMapPixelShader.usf" 2195
"../../../Engine/Plugins/FX/Niagara/Shaders/Private/NiagaraVertexFactoryExport.usf" 2196
"../../../Engine/Shaders/Private/ComputeShaderUtils.ush" 2197
"../../../Engine/Shaders/Private/MaterialTemplate.ush" 2198
"../../../Engine/Shaders/Private/WorldSpaceMath.ush" 2199
"../../../Engine/Shaders/Private/EyeAdaptationCommon.ush" 2200
"../../../Engine/Shaders/Private/SobolRandom.ush" 2201
"../../../Engine/Shaders/Private/DepthOfFieldCommon.ush" 2202
"../../../Engine/Shaders/Private/CircleDOFCommon.ush" 2203
"../../../Engine/Shaders/Private/DistanceField/GlobalDistanceFieldShared.ush" 2204
"../../../Engine/Shaders/Private/PhysicsFieldSampler.ush" 2205
"../../../Engine/Shaders/Private/PhysicsFieldShared.ush" 2206
"../../../Engine/Shaders/Private/SparseVolumeTexture/SparseVolumeTextureCommon.ush" 2207
"../../../Engine/Shaders/Shared/EnvironmentComponentsFlags.h" 2208
"../../../Engine/Shaders/Private/MeshPaintTextureCommon.ush" 2209
"../../../Engine/Shaders/Private/VirtualTextureMaterial.ush" 2210
"../../../Engine/Shaders/Private/MaterialCache/MaterialCacheMaterialCommon.ush" 2211
"../../../Engine/Shaders/Private/MaterialCache/MaterialCacheABuffer.ush" 2212
"../../../Engine/Shaders/Private/SpeedTreeCommon.ush" 2213
"../../../Engine/Shaders/Private/VirtualTextureCommon.ush" 2214
"../../../Engine/Shaders/Private/MaterialTexture.ush" 2215
"../../../Engine/Shaders/Private/MinMaterialTexCoords.ush" 2216
"../../../Engine/Shaders/Private/SkyAtmosphereCommon.ush" 2217
"../../../Engine/Shaders/Private/SingleLayerWaterCommon.ush" 2218
"../../../Engine/Shaders/Private/TextureSampling.ush" 2219
"../../../Engine/Shaders/Private/PaniniProjection.ush" 2220
"../../../Engine/Shaders/Private/DBufferNormalReprojection.ush" 2221
"../../../Engine/Shaders/Public/SubstratePublic.ush" 2222
"../../../Engine/Shaders/Private/Substrate/SubstrateTree.ush" 2223
"../../../Engine/Shaders/Private/Substrate/SubstrateEvaluation.ush" 2224
"../../../Engine/Shaders/Private/Substrate/Glint/GlintThirdParty.ush" 2225
"../../../Engine/Shaders/Private/BlueNoise.ush" 2226
"../../../Engine/Shaders/Private/SHCommon.ush" 2227
"../../../Engine/Shaders/Private/ShadingModelsSampling.ush" 2228
"../../../Engine/Shaders/Private/HairStrands/HairBsdfSample.ush" 2229
"../../../Engine/Shaders/Private/Substrate/SubstrateLegacyConversion.ush" 2230
"../../../Engine/Shaders/Private/DBufferDecalShared.ush" 2231
"../../../Engine/Plugins/FX/Niagara/Shaders/Private/NiagaraSortKeyGen.usf" 2232
"../../../Engine/Plugins/FX/Niagara/Shaders/Private/NiagaraGPURayTracingTransforms.usf" 2233
"../../../Engine/Plugins/FX/Niagara/Shaders/Private/NiagaraDrawIndirectArgsGen.usf" 2234
"../../../Engine/Plugins/FX/Niagara/Shaders/Private/NiagaraDispatchIndirectArgsGen.usf" 2235
"../../../Engine/Plugins/FX/Niagara/Shaders/Private/Stateless/NiagaraStatelessSimulationDefault.usf" 2236
"../../../Engine/Plugins/FX/Niagara/Shaders/Private/Stateless/NiagaraStatelessSimulationTemplate.ush" 2237
"../../../Engine/Plugins/FX/Niagara/Shaders/Private/Stateless/NiagaraStatelessCommon.ush" 2238
"../../../Engine/Plugins/FX/Niagara/Shaders/Shared/NiagaraStatelessDefinitions.h" 2239
"../../../Engine/Plugins/FX/Niagara/Shaders/Shared/NiagaraStatelessBuiltDistribution.h" 2240
"../../../Engine/Plugins/FX/Niagara/Shaders/Private/Stateless/NiagaraStatelessDistribution.ush" 2241
"../../../Engine/Plugins/FX/Niagara/Shaders/Private/Stateless/Modules/NiagaraStatelessModule_CalculateAccurateVelocity.ush" 2242
"../../../Engine/Plugins/FX/Niagara/Shaders/Private/Stateless/Modules/NiagaraStatelessModule_CameraOffset.ush" 2243
"../../../Engine/Plugins/FX/Niagara/Shaders/Private/Stateless/Modules/NiagaraStatelessModule_DynamicMaterialParameters.ush" 2244
"../../../Engine/Plugins/FX/Niagara/Shaders/Private/Stateless/Modules/NiagaraStatelessModule_InitializeParticle.ush" 2245
"../../../Engine/Plugins/FX/Niagara/Shaders/Private/Stateless/Modules/NiagaraStatelessModule_InitialMeshOrientation.ush" 2246
"../../../Engine/Plugins/FX/Niagara/Shaders/Private/Stateless/Modules/NiagaraStatelessModule_MeshIndex.ush" 2247
"../../../Engine/Plugins/FX/Niagara/Shaders/Private/Stateless/Modules/NiagaraStatelessModule_MeshRotationRate.ush" 2248
"../../../Engine/Plugins/FX/Niagara/Shaders/Private/Stateless/Modules/NiagaraStatelessModule_RotateAroundPoint.ush" 2249
"../../../Engine/Plugins/FX/Niagara/Shaders/Private/Stateless/Modules/NiagaraStatelessModule_ShapeLocation.ush" 2250
"../../../Engine/Plugins/FX/Niagara/Shaders/Private/Stateless/Modules/NiagaraStatelessModule_ScaleColor.ush" 2251
"../../../Engine/Plugins/FX/Niagara/Shaders/Private/Stateless/Modules/NiagaraStatelessModule_ScaleRibbonWidth.ush" 2252
"../../../Engine/Plugins/FX/Niagara/Shaders/Private/Stateless/Modules/NiagaraStatelessModule_ScaleSpriteSize.ush" 2253
"../../../Engine/Plugins/FX/Niagara/Shaders/Private/Stateless/Modules/NiagaraStatelessModule_ScaleSpriteSizeBySpeed.ush" 2254
"../../../Engine/Plugins/FX/Niagara/Shaders/Private/Stateless/Modules/NiagaraStatelessModule_ScaleMeshSize.ush" 2255
"../../../Engine/Plugins/FX/Niagara/Shaders/Private/Stateless/Modules/NiagaraStatelessModule_ScaleMeshSizebySpeed.ush" 2256
"../../../Engine/Plugins/FX/Niagara/Shaders/Private/Stateless/Modules/NiagaraStatelessModule_SolveVelocitiesAndForces.ush" 2257
"../../../Engine/Plugins/FX/Niagara/Shaders/Private/Stateless/Modules/NiagaraStatelessModule_SpriteFacingAndAlignment.ush" 2258
"../../../Engine/Plugins/FX/Niagara/Shaders/Private/Stateless/Modules/NiagaraStatelessModule_SpriteRotationRate.ush" 2259
"../../../Engine/Plugins/FX/Niagara/Shaders/Private/Stateless/Modules/NiagaraStatelessModule_SubUVAnimation.ush" 2260
"../../../Engine/Plugins/FX/Niagara/Shaders/Private/NiagaraBlendSVTsToDenseBuffer.usf" 2261
"../../../Engine/Plugins/FX/Niagara/Shaders/Private/NiagaraSVTToDenseBuffer.usf" 2262
"../../../Engine/Plugins/FX/Niagara/Shaders/Private/NiagaraFillIntBuffer.usf" 2263
"../../../Engine/Plugins/FX/Niagara/Shaders/Private/NiagaraComputeFreeIDs.usf" 2264
"../../../Engine/Plugins/FX/Niagara/Shaders/Private/NiagaraInitFreeIDBuffer.usf" 2265
"../../../Engine/Plugins/FX/Niagara/Shaders/Private/NiagaraEmitterInstanceShader.usf" 2266
"../../../Engine/Plugins/FX/Niagara/Shaders/Private/NiagaraShaderVersion.ush" 2267
"../../../Engine/Plugins/FX/Niagara/Shaders/Private/NiagaraPhysicsCommon.ush" 2268
"../../../Engine/Plugins/FX/Niagara/Shaders/Private/Ribbons/NiagaraRibbonAggregationApply.usf" 2269
"../../../Engine/Plugins/FX/Niagara/Shaders/Private/Ribbons/NiagaraRibbonCommon.ush" 2270
"../../../Engine/Plugins/FX/Niagara/Shaders/Private/Ribbons/NiagaraRibbonAggregationStep.usf" 2271
"../../../Engine/Plugins/FX/Niagara/Shaders/Private/Ribbons/NiagaraRibbonGenerateIndices.usf" 2272
"../../../Engine/Plugins/FX/Niagara/Shaders/Private/Ribbons/NiagaraRibbonInitializeIndices.usf" 2273
"../../../Engine/Plugins/FX/Niagara/Shaders/Private/Ribbons/NiagaraRibbonRibbonUVParamCalculation.usf" 2274
"../../../Engine/Plugins/FX/Niagara/Shaders/Private/Ribbons/NiagaraRibbonVertexReductionFinalization.usf" 2275
"../../../Engine/Plugins/FX/Niagara/Shaders/Private/Ribbons/NiagaraRibbonVertexReductionInitialization.usf" 2276
"../../../Engine/Plugins/FX/Niagara/Shaders/Private/Ribbons/NiagaraRibbonSortParticles.usf" 2277
"../../../Engine/Plugins/FX/Niagara/Shaders/Private/NiagaraLWCHelper.usf" 2278
"../../../Engine/Plugins/FX/Niagara/Shaders/Private/NiagaraUpdateMeshGPUSceneInstances.usf" 2279
"../../../Engine/Shaders/Private/GPUScene/GPUSceneWriter.ush" 2280
"../../../Engine/Plugins/FX/Niagara/Shaders/Private/NiagaraGenerateMips.usf" 2281
"../../../Engine/Plugins/FX/Niagara/Shaders/Private/NiagaraDebugDraw.usf" 2282
"../../../Engine/Plugins/FX/Niagara/Shaders/Private/NiagaraDebugDraw.ush" 2283
"../../../Engine/Plugins/FX/Niagara/Shaders/Private/NiagaraVisualizeTexture.usf" 2284
"../../../Engine/Plugins/FX/Niagara/Shaders/Private/NiagaraClearCounts.usf" 2285
"../../../Engine/Plugins/FX/Niagara/Shaders/Private/NiagaraBatchedElements.usf" 2286
"../../../Engine/Plugins/FX/Niagara/Shaders/Private/NiagaraRayTracingShaders.usf" 2287
"../../../Engine/Plugins/FX/Niagara/Shaders/Private/NiagaraAsyncGpuTraceCommon.ush" 2288
"../../../Engine/Shaders/Private/HashTable.ush" 2289
"../../../Engine/Shaders/Private/Hash.ush" 2290
"../../../Engine/Shaders/Private/RayTracing/VFXTraceRay.ush" 2291
"../../../Engine/Plugins/FX/Niagara/Shaders/Private/NiagaraRayMarchingShaders.usf" 2292
"../../../Engine/Plugins/FX/Niagara/Shaders/Private/NiagaraRayTraceCollisionGroupShaders.usf" 2293
"../../../Engine/Plugins/FX/Niagara/Shaders/Private/NiagaraAsyncGpuTraceUtils.usf" 2294
"../../../Engine/Plugins/Runtime/ComputeFramework/Shaders/Private/ComputeKernel.usf" 2295
"../../../Engine/Plugins/Runtime/ComputeFramework/Shaders/Private/ComputeKernelCommon.ush" 2296
"../../../Engine/Shaders/Private/VirtualTextureAdapter.usf" 2297
"../../../Engine/Shaders/Private/BlockCompressionCommon.ush" 2298
"../../../Engine/Shaders/Private/BCCompressionCommon.ush" 2299
"../../../Engine/Shaders/Private/TranslucentLightingShaders.usf" 2300
"../../../Engine/Shaders/Private/CubemapCommon.ush" 2301
"../../../Engine/Shaders/Private/VectorFieldCompositeShaders.usf" 2302
"../../../Engine/Shaders/Private/UpdateTextureShaders.usf" 2303
"../../../Engine/Shaders/Private/StereoLayerShader.usf" 2304
"../../../Engine/Shaders/Private/SparseVolumeTexture/UpdateSparseVolumeTexture.usf" 2305
"../../../Engine/Shaders/Private/MorphTargets.usf" 2306
"../../../Engine/Shaders/Private/SimpleElementColorChannelMaskPixelShader.usf" 2307
"../../../Engine/Shaders/Private/SimpleElementHitProxyPixelShader.usf" 2308
"../../../Engine/Shaders/Private/SimpleElementPixelShader.usf" 2309
"../../../Engine/Shaders/Private/IESLightProfilesCommon.ush" 2310
"../../../Engine/Shaders/Private/SimpleElementVertexShader.usf" 2311
"../../../Engine/Shaders/Private/ScreenPixelShaderOES.usf" 2312
"../../../Engine/Shaders/Private/ScreenVertexShader.usf" 2313
"../../../Engine/Shaders/Private/ScreenPixelShader.usf" 2314
"../../../Engine/Shaders/Private/SSProfilePreIntegratedMobile.usf" 2315
"../../../Engine/Shaders/Private/SpecularProfile.usf" 2316
"../../../Engine/Shaders/Private/Nanite/NaniteStreaming.usf" 2317
"../../../Engine/Shaders/Private/Nanite/NaniteStreaming.ush" 2318
"../../../Engine/Shaders/Private/Nanite/NaniteTranscode.usf" 2319
"../../../Engine/Shaders/Private/VolumetricLightmapStreaming.usf" 2320
"../../../Engine/Shaders/Private/PhysicsFieldReset.usf" 2321
"../../../Engine/Shaders/Private/PhysicsFieldBuilder.usf" 2322
"../../../Engine/Shaders/Private/PhysicsFieldEval.ush" 2323
"../../../Engine/Shaders/Private/ParticleSortKeyGen.usf" 2324
"../../../Engine/Shaders/Private/ParticleBoundsShader.usf" 2325
"../../../Engine/Shaders/Private/ParticleSimVisualizeShader.usf" 2326
"../../../Engine/Shaders/Private/ParticleInjectionShader.usf" 2327
"../../../Engine/Shaders/Private/ParticleSimulationShader.usf" 2328
"../../../Engine/Shaders/Private/ParticleCurveInjectionShader.usf" 2329
"../../../Engine/Shaders/Private/CopyUIntBuffer.usf" 2330
"../../../Engine/Shaders/Private/RadixSortShaders.usf" 2331
"../../../Engine/Shaders/Private/RecomputeTangentsPerVertexPass.usf" 2332
"../../../Engine/Shaders/Private/RecomputeTangentsCommon.ush" 2333
"../../../Engine/Shaders/Private/RecomputeTangentsPerTrianglePass.usf" 2334
"../../../Engine/Shaders/Private/GpuSkinCacheComputeShader.usf" 2335
"../../../Engine/Shaders/Private/HeightFieldAtlasManagement.usf" 2336
"../../../Engine/Shaders/Private/Landscape/LandscapeEditLayersUtils.usf" 2337
"../../../Engine/Shaders/Private/Landscape/LandscapeCommon.ush" 2338
"../../../Engine/Shaders/Private/Landscape/LandscapeEditLayersWeightmaps.usf" 2339
"../../../Engine/Shaders/Private/Landscape/LandscapeEditLayersHeightmaps.usf" 2340
"../../../Engine/Shaders/Private/Landscape/LandscapeLayersWeightmapsPS.usf" 2341
"../../../Engine/Shaders/Private/Landscape/LandscapeLayersHeightmapsPS.usf" 2342
"../../../Engine/Shaders/Private/LandscapeLayersCS.usf" 2343
"../../../Engine/Shaders/Private/LandscapeLayersPS.usf" 2344
"../../../Engine/Shaders/Private/LandscapeLayersVS.usf" 2345
"../../../Engine/Shaders/Private/LandscapePhysicalMaterial.usf" 2346
"../../../Engine/Shaders/Private/LandscapeGrassWeight.usf" 2347
"../../../Engine/Shaders/Private/Landscape/LandscapeCulling.usf" 2348
"../../../Engine/Shaders/Private/Landscape/LandscapeMergeTexturesPS.usf" 2349
"../../../Engine/Shaders/Private/WideCustomResolveShaders.usf" 2350
"../../../Engine/Shaders/Private/WideCustomResolve_Wide.ush" 2351
"../../../Engine/Shaders/Private/WideCustomResolve_Wider.ush" 2352
"../../../Engine/Shaders/Private/WideCustomResolve_Widest.ush" 2353
"../../../Engine/Shaders/Private/WaterInfoTextureBlur.usf" 2354
"../../../Engine/Shaders/Private/WaterInfoTextureMerge.usf" 2355
"../../../Engine/Shaders/Private/PageTableUpdate.usf" 2356
"../../../Engine/Shaders/Private/VirtualTextureCompress.usf" 2357
"../../../Engine/Shaders/Private/ASTCCompressionCommon.ush" 2358
"../../../Engine/Shaders/Private/IntegerSequenceEncoding.ush" 2359
"../../../Engine/Shaders/Private/ETCCompressionCommon.ush" 2360
"../../../Engine/Shaders/Private/VirtualTextureMaterial.usf" 2361
"../../../Engine/Shaders/Private/PixelShaderOutputCommon.ush" 2362
"../../../Engine/Shaders/Private/ShaderOutputCommon.ush" 2363
"../../../Engine/Shaders/Private/VolumetricRenderTarget.usf" 2364
"../../../Engine/Shaders/Private/HeightFogCommon.ush" 2365
"../../../Engine/Shaders/Private/LocalFogVolumes/LocalFogVolumeCommon.ush" 2366
"../../../Engine/Shaders/Private/ReflectionEnvironmentShared.ush" 2367
"../../../Engine/Shaders/Private/VolumetricFogVoxelization.usf" 2368
"../../../Engine/Shaders/Private/VolumetricCloudMaterialPixelCommon.ush" 2369
"../../../Engine/Shaders/Private/VolumetricFogLightFunction.usf" 2370
"../../../Engine/Shaders/Private/LightFunctionCommon.ush" 2371
"../../../Engine/Shaders/Private/VolumetricFog.usf" 2372
"../../../Engine/Shaders/Private/DeferredLightingCommon.ush" 2373
"../../../Engine/Shaders/Private/DynamicLightingCommon.ush" 2374
"../../../Engine/Shaders/Private/CapsuleLightIntegrate.ush" 2375
"../../../Engine/Shaders/Private/CapsuleLightSampling.ush" 2376
"../../../Engine/Shaders/Private/RectLightIntegrate.ush" 2377
"../../../Engine/Shaders/Private/ScreenSpaceShadowRayCast.ush" 2378
"../../../Engine/Shaders/Private/LightFunctionAtlas/LightFunctionAtlasCommon.usf" 2379
"../../../Engine/Shaders/Private/HeterogeneousVolumes/HeterogeneousVolumesAdaptiveVolumetricShadowMapSampling.ush" 2380
"../../../Engine/Shaders/Private/HeterogeneousVolumes/HeterogeneousVolumesAdaptiveVolumetricShadowMapUtils.ush" 2381
"../../../Engine/Shaders/Private/HeterogeneousVolumes/HeterogeneousVolumesRayMarchingUtils.ush" 2382
"../../../Engine/Shaders/Private/HeterogeneousVolumes/HeterogeneousVolumesRayMarchingTypes.ush" 2383
"../../../Engine/Shaders/Private/PathTracing/Utilities/PathTracingRandomSequence.ush" 2384
"../../../Engine/Shaders/Private/HeterogeneousVolumes/HeterogeneousVolumesTracingUtils.ush" 2385
"../../../Engine/Shaders/Private/VelocityCommon.ush" 2386
"../../../Engine/Shaders/Private/HeterogeneousVolumes/HeterogeneousVolumesTransmittanceVolumeUtils.ush" 2387
"../../../Engine/Shaders/Private/ForwardShadowingCommon.ush" 2388
"../../../Engine/Shaders/Private/ShadowFilteringCommon.ush" 2389
"../../../Engine/Shaders/Private/PixelQuadMessagePassing.ush" 2390
"../../../Engine/Shaders/Private/VolumeLightingCommon.ush" 2391
"../../../Engine/Shaders/Private/ShadowProjectionCommon.ush" 2392
"../../../Engine/Shaders/Private/VolumeLightingCommonSampling.ush" 2393
"../../../Engine/Shaders/Private/Lumen/LumenTranslucencyVolumeShared.ush" 2394
"../../../Engine/Shaders/Private/Lumen/LumenRadianceCacheInterpolation.ush" 2395
"../../../Engine/Shaders/Private/HeterogeneousVolumes/HeterogeneousVolumesAdaptiveVolumetricShadowMapSampler.ush" 2396
"../../../Engine/Shaders/Private/LightGridCommon.ush" 2397
"../../../Engine/Shaders/Private/DistanceFieldAOShared.ush" 2398
"../../../Engine/Shaders/Private/IntersectionUtils.ush" 2399
"../../../Engine/Shaders/Private/VolumetricLightmapShared.ush" 2400
"../../../Engine/Shaders/Private/LightDataUniforms.ush" 2401
"../../../Engine/Shaders/Private/VirtualShadowMaps/VirtualShadowMapProjectionCommon.ush" 2402
"../../../Engine/Shaders/Private/VirtualShadowMaps/VirtualShadowMapPageAccessCommon.ush" 2403
"../../../Engine/Shaders/Shared/VirtualShadowMapDefinitions.h" 2404
"../../../Engine/Shaders/Shared/HLSLMathAliases.h" 2405
"../../../Engine/Shaders/Private/VirtualShadowMaps/VirtualShadowMapProjectionStructs.ush" 2406
"../../../Engine/Shaders/Private/VolumetricCloudCommon.ush" 2407
"../../../Engine/Shaders/Private/VolumetricCloud.usf" 2408
"../../../Engine/Shaders/Private/VisualizeVolumetricLightmap.usf" 2409
"../../../Engine/Shaders/Private/VirtualShadowMaps/VirtualShadowMapProjectionComposite.usf" 2410
"../../../Engine/Shaders/Private/LightShaderParameters.ush" 2411
"../../../Engine/Shaders/Private/VirtualShadowMaps/VirtualShadowMapMaskBitsCommon.ush" 2412
"../../../Engine/Shaders/Private/VirtualShadowMaps/VirtualShadowMapLightGrid.ush" 2413
"../../../Engine/Shaders/Private/VirtualShadowMaps/VirtualShadowMapProjection.usf" 2414
"../../../Engine/Shaders/Private/Visualization.ush" 2415
"../../../Engine/Shaders/Private/VirtualShadowMaps/VirtualShadowMapProjectionFilter.ush" 2416
"../../../Engine/Shaders/Private/VirtualShadowMaps/VirtualShadowMapProjectionDirectional.ush" 2417
"../../../Engine/Shaders/Private/VirtualShadowMaps/VirtualShadowMapSMRTCommon.ush" 2418
"../../../Engine/Shaders/Private/VirtualShadowMaps/VirtualShadowMapSMRTTemplate.ush" 2419
"../../../Engine/Shaders/Private/VirtualShadowMaps/VirtualShadowMapProjectionSpot.ush" 2420
"../../../Engine/Shaders/Private/VirtualShadowMaps/VirtualShadowMapTransmissionCommon.ush" 2421
"../../../Engine/Shaders/Private/VirtualShadowMaps/VirtualShadowMapScreenRayTrace.ush" 2422
"../../../Engine/Shaders/Private/VirtualShadowMaps/VirtualShadowMapStats.ush" 2423
"../../../Engine/Shaders/Private/HairStrands/HairStrandsVoxelPageCommon.ush" 2424
"../../../Engine/Shaders/Private/HairStrands/HairStrandsVoxelPageTraversal.ush" 2425
"../../../Engine/Shaders/Private/VirtualShadowMaps/VirtualShadowMapCacheGPUInvalidation.usf" 2426
"../../../Engine/Shaders/Private/VirtualShadowMaps/VirtualShadowMapPageCacheCommon.ush" 2427
"../../../Engine/Shaders/Private/VirtualShadowMaps/VirtualShadowMapCacheInvalidation.ush" 2428
"../../../Engine/Shaders/Private/VirtualShadowMaps/VirtualShadowMapPageOverlap.ush" 2429
"../../../Engine/Shaders/Private/ScreenSpaceDenoise/SSDDefinitions.ush" 2430
"../../../Engine/Shaders/Private/InstanceCulling/InstanceCullingLoadBalancer.ush" 2431
"../../../Engine/Shaders/Private/VirtualShadowMaps/VirtualShadowMapCacheLoadBalancer.usf" 2432
"../../../Engine/Shaders/Private/VirtualShadowMaps/VirtualShadowMapCopyStats.usf" 2433
"../../../Engine/Shaders/Private/VirtualShadowMaps/VirtualShadowMapDebug.usf" 2434
"../../../Engine/Shaders/Private/VirtualShadowMaps/Desaturate.usf" 2435
"../../../Engine/Shaders/Private/VirtualShadowMaps/VirtualShadowMapPhysicalPageManagement.usf" 2436
"../../../Engine/Shaders/Private/ReductionCommon.ush" 2437
"../../../Engine/Shaders/Private/GPUMessaging.ush" 2438
"../../../Engine/Shaders/Private/VirtualShadowMaps/VirtualShadowMapPerPageDispatch.ush" 2439
"../../../Engine/Shaders/Private/VirtualShadowMaps/VirtualShadowMapCompactViews.usf" 2440
"../../../Engine/Shaders/Shared/SceneCullingDefinitions.h" 2441
"../../../Engine/Shaders/Private/VirtualShadowMaps/VirtualShadowMapBuildPerPageDrawCommands.usf" 2442
"../../../Engine/Shaders/Private/Nanite/NaniteCullingCommon.ush" 2443
"../../../Engine/Shaders/Private/Nanite/NaniteCulling.ush" 2444
"../../../Engine/Shaders/Private/Nanite/NaniteHierarchyTraversalCommon.ush" 2445
"../../../Engine/Shaders/Private/InstanceCulling/InstanceCullingCommon.ush" 2446
"../../../Engine/Shaders/Shared/InstanceCullingDefinitions.h" 2447
"../../../Engine/Shaders/Private/VirtualShadowMaps/VirtualShadowMapPrintStats.usf" 2448
"../../../Engine/Shaders/Private/VirtualShadowMaps/VirtualShadowMapPageManagement.usf" 2449
"../../../Engine/Shaders/Private/VirtualShadowMaps/VirtualShadowMapPageMarking.usf" 2450
"../../../Engine/Shaders/Shared/SingleLayerWaterDefinitions.h" 2451
"../../../Engine/Shaders/Private/HairStrands/HairStrandsTileCommon.ush" 2452
"../../../Engine/Shaders/Private/Froxel/Froxel.ush" 2453
"../../../Engine/Shaders/Shared/FroxelDefinitions.h" 2454
"../../../Engine/Shaders/Private/DiaphragmDOF/DOFCommon.ush" 2455
"../../../Engine/Shaders/Private/VariableRateShading/VRSShadingRatePreview.usf" 2456
"../../../Engine/Shaders/Private/VariableRateShading/VRSShadingRateCommon.ush" 2457
"../../../Engine/Shaders/Private/VariableRateShading/VRSShadingRateCombine.usf" 2458
"../../../Engine/Shaders/Private/VariableRateShading/VRSShadingRateFoveated.usf" 2459
"../../../Engine/Shaders/Private/VariableRateShading/VRSShadingRateReproject.usf" 2460
"../../../Engine/Shaders/Private/VariableRateShading/VRSShadingRateCalculate.usf" 2461
"../../../Engine/Shaders/Private/TranslucencyUpsampling.usf" 2462
"../../../Engine/Shaders/Private/ComposeSeparateTranslucency.usf" 2463
"../../../Engine/Shaders/Private/SeparateTranslucency.ush" 2464
"../../../Engine/Shaders/Private/TranslucentLightInjectionShaders.usf" 2465
"../../../Engine/Shaders/Private/TranslucentShadowDepthShaders.usf" 2466
"../../../Engine/Shaders/Private/ShadowDepthCommon.ush" 2467
"../../../Engine/Shaders/Private/RayTracing/RayTracingTest.usf" 2468
"../../../Engine/Shaders/Private/PostprocessSubsurfaceTile.usf" 2469
"../../../Engine/Shaders/Private/PostProcessSubsurfaceCommon.ush" 2470
"../../../Engine/Shaders/Private/Substrate/SubstrateVisualize.usf" 2471
"../../../Engine/Shaders/Private/Substrate/SubstrateTile.ush" 2472
"../../../Engine/Shaders/Shared/SubstrateVisualizeDefinitions.h" 2473
"../../../Engine/Shaders/Private/Substrate/SubstrateVisualizeCommon.ush" 2474
"../../../Engine/Shaders/Private/SkyLightingDiffuseShared.ush" 2475
"../../../Engine/Shaders/Private/SkyLightingShared.ush" 2476
"../../../Engine/Shaders/Private/ClearCoatCommon.ush" 2477
"../../../Engine/Shaders/Private/ReflectionEnvironmentComposite.ush" 2478
"../../../Engine/Shaders/Private/Substrate/SubstrateLightingCommon.ush" 2479
"../../../Engine/Shaders/Private/Substrate/SubstrateRoughRefraction.usf" 2480
"../../../Engine/Shaders/Private/PathTracing/Material/PathTracingFresnel.ush" 2481
"../../../Engine/Shaders/Private/PathTracing/Material/PathTracingGlossy.ush" 2482
"../../../Engine/Shaders/Private/Substrate/SubstrateMaterialSampling.usf" 2483
"../../../Engine/Shaders/Private/Substrate/SubstrateMaterialSampling.ush" 2484
"../../../Engine/Shaders/Private/Lumen/LumenPosition.ush" 2485
"../../../Engine/Shaders/Private/Substrate/SubstrateTile.usf" 2486
"../../../Engine/Shaders/Private/Substrate/SubstrateMaterialClassification.usf" 2487
"../../../Engine/Shaders/Private/Substrate/SubstrateDBuffer.usf" 2488
"../../../Engine/Shaders/Private/StochasticLighting/StochasticLightingDenoising.usf" 2489
"../../../Engine/Shaders/Private/Lumen/LumenMaterial.ush" 2490
"../../../Engine/Shaders/Private/StochasticLighting/StochasticLightingCommon.ush" 2491
"../../../Engine/Shaders/Private/SplineMeshSceneTexture.usf" 2492
"../../../Engine/Shaders/Private/SparseVolumeTexture/VisualizeSparseVolumeTexture.usf" 2493
"../../../Engine/Shaders/Private/SkyAtmosphere.usf" 2494
"../../../Engine/Shaders/Private/Skinning/SkinnedMeshDebug.usf" 2495
"../../../Engine/Shaders/Private/Skinning/AnimBankEval.usf" 2496
"../../../Engine/Shaders/Private/SingleLayerWaterComposite.usf" 2497
"../../../Engine/Shaders/Private/Froxel/FroxelBuild.ush" 2498
"../../../Engine/Shaders/Private/SingleLayerWaterRefractionCulling.usf" 2499
"../../../Engine/Shaders/Private/ScreenSpaceShadows.usf" 2500
"../../../Engine/Shaders/Private/bend_sss_gpu.ush" 2501
"../../../Engine/Shaders/Private/ShadowFactorsUpsampleCommon.ush" 2502
"../../../Engine/Shaders/Private/FirstPersonSelfShadow.usf" 2503
"../../../Engine/Shaders/Private/HZBTracing.ush" 2504
"../../../Engine/Shaders/Private/ShadowProjectionVertexShader.usf" 2505
"../../../Engine/Shaders/Private/ShadowProjectionPixelShader.usf" 2506
"../../../Engine/Shaders/Private/MobileLightingCommon.ush" 2507
"../../../Engine/Shaders/Private/PlanarReflectionShared.ush" 2508
"../../../Engine/Shaders/Private/MobileSSR.ush" 2509
"../../../Engine/Shaders/Private/SSRT/SSRTRayCast.ush" 2510
"../../../Engine/Shaders/Private/ShadowPercentageCloserFiltering.ush" 2511
"../../../Engine/Shaders/Private/TransmissionThickness.ush" 2512
"../../../Engine/Shaders/Private/CopyShadowMaps.usf" 2513
"../../../Engine/Shaders/Private/ShadowDepthPixelShader.usf" 2514
"../../../Engine/Shaders/Private/ShadowDepthVertexShader.usf" 2515
"../../../Engine/Shaders/Private/ShadingEnergyConservationTable.usf" 2516
"../../../Engine/Shaders/Shared/PathTracingDefinitions.h" 2517
"../../../Engine/Shaders/Private/ShadingFurnaceTest.usf" 2518
"../../../Engine/Shaders/Private/Substrate/SubstrateDeferredLighting.ush" 2519
"../../../Engine/Shaders/Private/ShaderPrintDraw.usf" 2520
"../../../Engine/Shaders/Private/ShaderPrintDrawPrimitive.usf" 2521
"../../../Engine/Shaders/Private/DefaultSSRTiles.usf" 2522
"../../../Engine/Shaders/Private/ScreenSpaceReflectionTileCommons.ush" 2523
"../../../Engine/Shaders/Private/SSRT/SSRTDiffuseIndirect.usf" 2524
"../../../Engine/Shaders/Private/SSRT/SSRTTileClassificationBuffer.ush" 2525
"../../../Engine/Shaders/Private/SSRT/SSRTReflections.usf" 2526
"../../../Engine/Shaders/Private/ScreenSpaceDenoise/SSDPublic.ush" 2527
"../../../Engine/Shaders/Private/SSRT/SSRTTileClassification.usf" 2528
"../../../Engine/Shaders/Private/SSRT/SSRTPrevFrameReduction.usf" 2529
"../../../Engine/Shaders/Private/ScreenSpaceDenoise/SSDComposeHarmonics.usf" 2530
"../../../Engine/Shaders/Private/ScreenSpaceDenoise/SSDPublicHarmonics.ush" 2531
"../../../Engine/Shaders/Private/ScreenSpaceDenoise/SSDSignalFramework.ush" 2532
"../../../Engine/Shaders/Private/ScreenSpaceDenoise/SSDCommon.ush" 2533
"../../../Engine/Shaders/Private/SphericalGaussian.ush" 2534
"../../../Engine/Shaders/Public/WaveBroadcastIntrinsics.ush" 2535
"../../../Engine/Shaders/Private/ScreenSpaceDenoise/SSDMetadata.ush" 2536
"../../../Engine/Shaders/Private/ScreenSpaceDenoise/SSDSignalCore.ush" 2537
"../../../Engine/Shaders/Private/ScreenSpaceDenoise/DenoisingCommon.ush" 2538
"../../../Engine/Shaders/Private/ScreenSpaceDenoise/SSDSignalArray.ush" 2539
"../../../Engine/Shaders/Private/ScreenSpaceDenoise/SSDSignalBufferEncoding.ush" 2540
"../../../Engine/Shaders/Private/ScreenSpaceDenoise/SSDPublicBufferEncoding.ush" 2541
"../../../Engine/Shaders/Private/Lumen/LumenBufferEncoding.ush" 2542
"../../../Engine/Shaders/Private/ScreenSpaceDenoise/SSDTemporalAccumulation.usf" 2543
"../../../Engine/Shaders/Private/ScreenSpaceDenoise/SSDSpatialKernel.ush" 2544
"../../../Engine/Shaders/Private/ScreenSpaceDenoise/SSDSignalAccumulatorArray.ush" 2545
"../../../Engine/Shaders/Private/ScreenSpaceDenoise/SSDSignalAccumulator.ush" 2546
"../../../Engine/Shaders/Private/ScreenSpaceDenoise/SSDSignalCompression.ush" 2547
"../../../Engine/Shaders/Private/ScreenSpaceDenoise/SSDSpatialAccumulation.usf" 2548
"../../../Engine/Shaders/Private/ScreenSpaceDenoise/SSDInjest.usf" 2549
"../../../Engine/Shaders/Private/ScreenSpaceDenoise/SSDCompressMetadata.usf" 2550
"../../../Engine/Shaders/Private/DownsampleDepthPixelShader.usf" 2551
"../../../Engine/Shaders/Private/ScreenPass.usf" 2552
"../../../Engine/Shaders/Private/HZB.usf" 2553
"../../../Engine/Shaders/Private/OcclusionFeedbackShaders.usf" 2554
"../../../Engine/Shaders/Private/HZBOcclusion.usf" 2555
"../../../Engine/Shaders/Private/OcclusionQueryPixelShader.usf" 2556
"../../../Engine/Shaders/Private/OcclusionQueryVertexShader.usf" 2557
"../../../Engine/Shaders/Private/HitProxyCopy.usf" 2558
"../../../Engine/Shaders/Private/HitProxyPixelShader.usf" 2559
"../../../Engine/Shaders/Private/HitProxyVertexShader.usf" 2560
"../../../Engine/Shaders/Private/SceneCulling/SceneCullingDebugRender.usf" 2561
"../../../Engine/Shaders/Private/SceneCulling/SceneCulling.ush" 2562
"../../../Engine/Shaders/Private/SceneCulling/SceneCullingBuildExplicitBounds.usf" 2563
"../../../Engine/Shaders/Private/SceneCapturePixelShader.usf" 2564
"../../../Engine/Shaders/Private/RendererUtils.usf" 2565
"../../../Engine/Shaders/Private/RTWriteMaskDecode.usf" 2566
"../../../Engine/Shaders/Private/ReflectionEnvironmentShaders.usf" 2567
"../../../Engine/Shaders/Private/RectLightAtlas.usf" 2568
"../../../Engine/Shaders/Private/RayTracing/TraceRayInlineStatistics.usf" 2569
"../../../Engine/Shaders/Private/RayTracing/CompositeSkyLightPS.usf" 2570
"../../../Engine/Shaders/Private/RayTracing/GenerateSkyLightVisibilityRaysCS.usf" 2571
"../../../Engine/Shaders/Private/RayTracing/RayTracingSkyLightCommon.ush" 2572
"../../../Engine/Shaders/Private/RayTracing/SkyLightVisibilityRaysData.ush" 2573
"../../../Engine/Shaders/Private/Raytracing/RaytracingSkylightRGS.usf" 2574
"../../../Engine/Shaders/Private/HairStrands/HairStrandsRaytracing.ush" 2575
"../../../Engine/Shaders/Private/Raytracing/RayTracingSkyLightEvaluation.ush" 2576
"../../../Engine/Shaders/Private/Raytracing/RayTracingDeferredShadingCommon.ush" 2577
"../../../Engine/Shaders/Private/RayTracing/RayTracingOcclusionRGS.usf" 2578
"../../../Engine/Shaders/Private/RayTracing/RayTracingDirectionalLight.ush" 2579
"../../../Engine/Shaders/Private/RayTracing/RayTracingRectLight.ush" 2580
"../../../Engine/Shaders/Private/RayTracing/RayTracingSphereLight.ush" 2581
"../../../Engine/Shaders/Private/RayTracing/RayTracingCapsuleLight.ush" 2582
"../../../Engine/Shaders/Private/Raytracing/RayTracingFeedback.usf" 2583
"../../../Engine/Shaders/Shared/RayTracingDebugTypes.h" 2584
"../../../Engine/Shaders/Private/RayTracing/RayTracingPrimaryRays.usf" 2585
"../../../Engine/Shaders/Private/RayTracing/RayTracingLightingCommon.ush" 2586
"../../../Engine/Shaders/Private/RayTracing/RayTracingLightCullingCommon.ush" 2587
"../../../Engine/Shaders/Private/RayTracing/RayTracingMaterialDefaultHitShaders.usf" 2588
"../../../Engine/Shaders/Private/RayTracing/RayTracingMaterialHitShaders.usf" 2589
"../../../Engine/Shaders/Private/RayTracing/RayTracingShaderUtils.ush" 2590
"../../../Engine/Shaders/Private/RayTracing/RayTracingCalcInterpolants.ush" 2591
"../../../Engine/Shaders/Private/LightmapCommon.ush" 2592
"../../../Engine/Shaders/Private/Lumen/LumenHardwareRayTracingPayloadCommon.ush" 2593
"../../../Engine/Shaders/Shared/LumenDefinitions.h" 2594
"../../../Engine/Shaders/Private/Substrate/SubstrateExport.ush" 2595
"../../../Engine/Shaders/Private/RayTracing/RayTracingLightingMS.usf" 2596
"../../../Engine/Shaders/Private/Lumen/LumenDiffuseColorBoost.ush" 2597
"../../../Engine/Shaders/Private/RayTracing/RayTracingLightFunctionCommon.ush" 2598
"../../../Engine/Shaders/Private/RayTracing/RayTracingBuildLightGrid.usf" 2599
"../../../Engine/Shaders/Private/Raytracing/RayTracingInstanceBufferUtil.usf" 2600
"../../../Engine/Shaders/Private/RayTracing/RayTracingDynamicMesh.usf" 2601
"../../../Engine/Shaders/Private/RayTracing/RayTracingDefaultDecalHitShader.usf" 2602
"../../../Engine/Shaders/Private/RayTracing/RayTracingDecalMaterialShader.usf" 2603
"../../../Engine/Shaders/Private/PathTracing/PathTracingShaderUtils.ush" 2604
"../../../Engine/Shaders/Private/PathTracing/PathTracingCommon.ush" 2605
"../../../Engine/Shaders/Private/PathTracing/Material/PathTracingMaterialCommon.ush" 2606
"../../../Engine/Shaders/Private/PathTracing/Utilities/PathTracingRIS.ush" 2607
"../../../Engine/Shaders/Private/RayTracing/RayTracingBuildDecalGrid.usf" 2608
"../../../Engine/Shaders/Private/RayTracing/RayTracingDebugHitStatsUtils.usf" 2609
"../../../Engine/Shaders/Private/RayTracing/RayTracingDebugInstanceOverlap.usf" 2610
"../../../Engine/Shaders/Private/RayTracing/RayTracingDebugPicking.usf" 2611
"../../../Engine/Shaders/Private/RayTracing/RayTracingDebugUtils.ush" 2612
"../../../Engine/Shaders/Private/RayTracing/RayTracingDebugTraversal.usf" 2613
"../../../Engine/Shaders/Private/RayTracing/RayTracingDeferredMaterials.ush" 2614
"../../../Engine/Shaders/Shared/ThirdParty/AMD/ags_shader_intrinsics_dx12.h" 2615
"../../../Engine/Shaders/Shared/RayTracingDebugDefinitions.h" 2616
"../../../Engine/Shaders/Private/RayTracing/RayTracingDebugHitStatsCHS.usf" 2617
"../../../Engine/Shaders/Private/RayTracing/RayTracingDebugHitStats.usf" 2618
"../../../Engine/Shaders/Private/RayTracing/RayTracingDebugMS.usf" 2619
"../../../Engine/Shaders/Private/RayTracing/RayTracingDebugCHS.usf" 2620
"../../../Engine/Shaders/Private/RayTracing/RayTracingDebug.usf" 2621
"../../../Engine/Shaders/Private/RayTracing/RayTracingBuiltInShaders.usf" 2622
"../../../Engine/Shaders/Private/RayTracing/RayTracingBarycentrics.usf" 2623
"../../../Engine/Shaders/Private/RayTracing/RayTracingAmbientOcclusionRGS.usf" 2624
"../../../Engine/Shaders/Private/VisualizeShadingModels.usf" 2625
"../../../Engine/Shaders/Private/MotionBlur/VisualizeMotionVectors.usf" 2626
"../../../Engine/Shaders/Private/TemporalSuperResolution/TSRVisualize.usf" 2627
"../../../Engine/Shaders/Private/TemporalSuperResolution/TSRColorSpace.ush" 2628
"../../../Engine/Shaders/Private/TemporalSuperResolution/TSRCommon.ush" 2629
"../../../Engine/Shaders/Public/DualPixelVectorization.ush" 2630
"../../../Engine/Shaders/Private/TemporalSuperResolution/TSRReprojectionField.ush" 2631
"../../../Engine/Shaders/Private/TemporalSuperResolution/TSRResolveHistory.usf" 2632
"../../../Engine/Shaders/Private/TemporalSuperResolution/TSRConvolutionNetwork.ush" 2633
"../../../Engine/Shaders/Private/TemporalSuperResolution/TSRKernels.ush" 2634
"../../../Engine/Shaders/Public/LaneVectorization.ush" 2635
"../../../Engine/Shaders/Private/TemporalSuperResolution/TSRUpdateHistory.usf" 2636
"../../../Engine/Shaders/Private/TemporalSuperResolution/TSRSpatialAntiAliasing.ush" 2637
"../../../Engine/Shaders/Private/TemporalSuperResolution/TSRSpatialAntiAliasing.usf" 2638
"../../../Engine/Shaders/Private/TemporalSuperResolution/TSRRejectShading.usf" 2639
"../../../Engine/Shaders/Private/TemporalSuperResolution/TSRShadingAnalysis.ush" 2640
"../../../Engine/Shaders/Private/TemporalSuperResolution/TSRConvolutionNetworkPass.ush" 2641
"../../../Engine/Shaders/Private/TemporalSuperResolution/TSRDecimateHistory.usf" 2642
"../../../Engine/Shaders/Private/TemporalSuperResolution/TSRDepthVelocityAnalysis.ush" 2643
"../../../Engine/Shaders/Private/TemporalSuperResolution/TSRClosestOccluder.ush" 2644
"../../../Engine/Shaders/Private/TemporalSuperResolution/TSRWeightRelaxation.usf" 2645
"../../../Engine/Shaders/Private/TemporalSuperResolution/TSRThinGeometryCommon.ush" 2646
"../../../Engine/Shaders/Private/TemporalSuperResolution/TSRDetectThinGeometry.usf" 2647
"../../../Engine/Shaders/Private/TemporalSuperResolution/TSRDilateVelocity.usf" 2648
"../../../Engine/Shaders/Private/MotionBlur/MotionBlurVelocityFlatten.ush" 2649
"../../../Engine/Shaders/Private/MotionBlur/MotionBlurCommon.ush" 2650
"../../../Engine/Shaders/Private/TemporalSuperResolution/TSRClearPrevTextures.usf" 2651
"../../../Engine/Shaders/Private/TemporalSuperResolution/TSRMeasureCoverage.usf" 2652
"../../../Engine/Shaders/Private/TemporalSuperResolution/TSRMeasureFlickeringLuma.usf" 2653
"../../../Engine/Shaders/Private/TemporalAA.usf" 2654
"../../../Engine/Shaders/Private/FilterPixelShader.usf" 2655
"../../../Engine/Shaders/Private/FilterVertexShader.usf" 2656
"../../../Engine/Shaders/Private/VisualizeVirtualTexture.usf" 2657
"../../../Engine/Shaders/Private/PostProcessVisualizeBuffer.usf" 2658
"../../../Engine/Shaders/Private/PostProcessVisualizeLocalExposure.usf" 2659
"../../../Engine/Shaders/Private/PostProcessHistogramCommon.ush" 2660
"../../../Engine/Shaders/Private/TonemapCommon.ush" 2661
"../../../Engine/Shaders/Private/ACES/ACESCommon.ush" 2662
"../../../Engine/Shaders/Private/ACES/ACESOutputTransform.ush" 2663
"../../../Engine/Shaders/Private/ACES/ACESUtilities.ush" 2664
"../../../Engine/Shaders/Private/ACES/ACESTonescale.ush" 2665
"../../../Engine/Shaders/Private/ACES/ACESDisplayEncoding.ush" 2666
"../../../Engine/Shaders/Private/ACES/ACES_v1.3.ush" 2667
"../../../Engine/Shaders/Private/PostProcessVisualizeLevelInstance.usf" 2668
"../../../Engine/Shaders/Private/PostProcessVisualizeHDR.usf" 2669
"../../../Engine/Shaders/Private/ShaderComplexityApplyPixelShader.usf" 2670
"../../../Engine/Shaders/Private/QuadOverdraw.ush" 2671
"../../../Engine/Shaders/Private/PostProcessUpscale.usf" 2672
"../../../Engine/Shaders/Private/PostProcessTonemap.usf" 2673
"../../../Engine/Shaders/Private/PostProcessing/FilmGrainPackConstants.usf" 2674
"../../../Engine/Shaders/Private/PostProcessing/FilmGrainReduce.usf" 2675
"../../../Engine/Shaders/Private/PostProcessTestImage.usf" 2676
"../../../Engine/Shaders/Private/PostProcessSubsurface.usf" 2677
"../../../Engine/Shaders/Private/SeparableSSS.ush" 2678
"../../../Engine/Shaders/Private/SubsurfaceBurleyNormalized.ush" 2679
"../../../Engine/Shaders/Private/PostProcessSelectionOutline.usf" 2680
"../../../Engine/Shaders/Private/MotionBlur/MotionBlurVisualize.usf" 2681
"../../../Engine/Shaders/Private/MotionBlur/MotionBlurApply.usf" 2682
"../../../Engine/Shaders/Private/MotionBlur/MotionBlurFilterTileClassify.usf" 2683
"../../../Engine/Shaders/Private/MotionBlur/MotionBlurTileScatter.usf" 2684
"../../../Engine/Shaders/Private/MotionBlur/MotionBlurTileGather.usf" 2685
"../../../Engine/Shaders/Private/MotionBlur/MotionBlurVelocityFlatten.usf" 2686
"../../../Engine/Shaders/Private/PostProcessMobile.usf" 2687
"../../../Engine/Shaders/Private/PostProcessMitchellNetravali.usf" 2688
"../../../Engine/Shaders/Private/PostProcessMaterialShaders.usf" 2689
"../../../Engine/Shaders/Private/NeuralPostProcessCommon.usf" 2690
"../../../Engine/Shaders/Private/PostProcessLocalExposure.usf" 2691
"../../../Engine/Shaders/Private/PostProcessLensFlares.usf" 2692
"../../../Engine/Shaders/Private/PostProcessGBufferHints.usf" 2693
"../../../Engine/Shaders/Private/PostProcessHMD.usf" 2694
"../../../Engine/Shaders/Private/Histogram.usf" 2695
"../../../Engine/Shaders/Private/PostProcessHistogramReduce.usf" 2696
"../../../Engine/Shaders/Private/PostProcessHistogram.usf" 2697
"../../../Engine/Shaders/Private/Bloom/BloomFinalizeApplyConstants.usf" 2698
"../../../Engine/Shaders/Private/Bloom/BloomCommon.ush" 2699
"../../../Engine/Shaders/Private/Bloom/BloomResizeKernel.usf" 2700
"../../../Engine/Shaders/Private/Bloom/BloomDownsampleKernel.usf" 2701
"../../../Engine/Shaders/Private/Bloom/BloomClampKernel.usf" 2702
"../../../Engine/Shaders/Private/Bloom/BloomPackKernelConstants.usf" 2703
"../../../Engine/Shaders/Private/Bloom/BloomSumScatterDispersionEnergy.usf" 2704
"../../../Engine/Shaders/Private/Bloom/BloomReduceKernelSurvey.usf" 2705
"../../../Engine/Shaders/Private/Bloom/BloomSurveyKernelCenterEnergy.usf" 2706
"../../../Engine/Shaders/Private/Bloom/BloomSurveyMaxScatterDispersion.usf" 2707
"../../../Engine/Shaders/Private/Bloom/BloomFindKernelCenter.usf" 2708
"../../../Engine/Shaders/Private/PostProcessEyeAdaptation.usf" 2709
"../../../Engine/Shaders/Private/TranslucencyVolumeCommon.ush" 2710
"../../../Engine/Shaders/Private/PostProcessEyeAdaptationUtils.usf" 2711
"../../../Engine/Shaders/Private/PostProcessDownsample.usf" 2712
"../../../Engine/Shaders/Private/PostProcessDOF.usf" 2713
"../../../Engine/Shaders/Private/PostProcessDeviceEncodingOnly.usf" 2714
"../../../Engine/Shaders/Private/PostProcessCompositePrimitives.usf" 2715
"../../../Engine/Shaders/Private/PostProcessCombineLUTs.usf" 2716
"../../../Engine/Shaders/Private/PostProcessVisualizeDOF.usf" 2717
"../../../Engine/Shaders/Private/PostProcessBloom.usf" 2718
"../../../Engine/Shaders/Private/PostProcessAmbientOcclusionMobile.usf" 2719
"../../../Engine/Shaders/Private/PostProcessAmbientOcclusionCommon.ush" 2720
"../../../Engine/Shaders/Private/FXAAShader.usf" 2721
"../../../Engine/Shaders/Private/Fxaa3_11.ush" 2722
"../../../Engine/Shaders/Private/PaniniProjection.usf" 2723
"../../../Engine/Shaders/Private/DiaphragmDOF/DOFRecombine.usf" 2724
"../../../Engine/Shaders/Private/DiaphragmDOF/DOFHybridScatterPixelShader.usf" 2725
"../../../Engine/Shaders/Private/DiaphragmDOF/DOFHybridScatterCommon.ush" 2726
"../../../Engine/Shaders/Private/DiaphragmDOF/DOFVignetteCommon.ush" 2727
"../../../Engine/Shaders/Private/DiaphragmDOF/DOFHybridScatterVertexShader.usf" 2728
"../../../Engine/Shaders/Private/DiaphragmDOF/DOFPostfiltering.usf" 2729
"../../../Engine/Shaders/Private/DiaphragmDOF/DOFGatherTileSuggest.ush" 2730
"../../../Engine/Shaders/Private/DiaphragmDOF/DOFCocTileCommon.ush" 2731
"../../../Engine/Shaders/Private/DiaphragmDOF/DOFGatherPass.usf" 2732
"../../../Engine/Shaders/Private/DiaphragmDOF/DOFGatherCommon.ush" 2733
"../../../Engine/Shaders/Private/DiaphragmDOF/DOFGatherAccumulator.ush" 2734
"../../../Engine/Shaders/Private/DiaphragmDOF/DOFGatherKernel.ush" 2735
"../../../Engine/Shaders/Private/DiaphragmDOF/DOFBokehLUT.usf" 2736
"../../../Engine/Shaders/Private/DiaphragmDOF/DOFHybridScatterCompilation.usf" 2737
"../../../Engine/Shaders/Private/DiaphragmDOF/DOFReduce.usf" 2738
"../../../Engine/Shaders/Private/DiaphragmDOF/DOFDownsample.ush" 2739
"../../../Engine/Shaders/Private/DiaphragmDOF/DOFHybridScatterCompilation.ush" 2740
"../../../Engine/Shaders/Private/DiaphragmDOF/DOFDownsample.usf" 2741
"../../../Engine/Shaders/Private/DiaphragmDOF/DOFCocTileDilate.usf" 2742
"../../../Engine/Shaders/Private/DiaphragmDOF/DOFCocTileFlatten.usf" 2743
"../../../Engine/Shaders/Private/DiaphragmDOF/DOFSetup.usf" 2744
"../../../Engine/Shaders/Private/Tools/DebugAlphaChannel.usf" 2745
"../../../Engine/Shaders/Private/PostProcessAlphaInvert.usf" 2746
"../../../Engine/Shaders/Private/PlanarReflectionShaders.usf" 2747
"../../../Engine/Shaders/Private/PhysicsFieldVisualizer.usf" 2748
"../../../Engine/Shaders/Private/PathTracing/PathTracingSpatialTemporalDenoising.usf" 2749
"../../../Engine/Shaders/Private/ColorDifference.ush" 2750
"../../../Engine/Shaders/Private/PathTracing/PathTracingCompositingPixelShader.usf" 2751
"../../../Engine/Shaders/Private/PathTracing/PathTracingAdaptiveUtils.ush" 2752
"../../../Engine/Shaders/Private/PathTracing/PathTracingDefaultHitShader.usf" 2753
"../../../Engine/Shaders/Private/PathTracing/PathTracingGPULightmassMaterialHitShader.usf" 2754
"../../../Engine/Shaders/Private/PathTracing/PathTracingMaterialHitShader.usf" 2755
"../../../Engine/Shaders/Private/PathTracing/Material/PathTracingSubstrateCommon.ush" 2756
"../../../Engine/Shaders/Private/PathTracing/PathTracingLightingMissShader.usf" 2757
"../../../Engine/Shaders/Private/PathTracing/PathTracingMissShader.usf" 2758
"../../../Engine/Shaders/Private/PathTracing/PathTracingAdaptiveStart.usf" 2759
"../../../Engine/Shaders/Private/PathTracing/PathTracingBuildAdaptiveError.usf" 2760
"../../../Engine/Shaders/Private/PathTracing/PathTracingVolumetricCloudMaterialShader.usf" 2761
"../../../Engine/Shaders/Private/PathTracing/Volume/PathTracingCloudsMaterialCommon.ush" 2762
"../../../Engine/Shaders/Private/PathTracing/Volume/PathTracingVolumeCommon.ush" 2763
"../../../Engine/Shaders/Private/PathTracing/Volume/PathTracingCloudsCommon.ush" 2764
"../../../Engine/Shaders/Private/PathTracing/Volume/PathTracingFog.ush" 2765
"../../../Engine/Shaders/Private/PathTracing/Volume/PathTracingAtmosphere.ush" 2766
"../../../Engine/Shaders/Private/PathTracing/Volume/PathTracingAtmosphereCommon.ush" 2767
"../../../Engine/Shaders/Private/PathTracing/Volume/PathTracingVolumeSampling.ush" 2768
"../../../Engine/Shaders/Private/PathTracing/PathTracingBuildCloudAccelerationMap.usf" 2769
"../../../Engine/Shaders/Private/PathTracing/PathTracingBuildAtmosphereLUT.usf" 2770
"../../../Engine/Shaders/Private/PathTracing/PathTracingSwizzleScanlines.usf" 2771
"../../../Engine/Shaders/Private/PathTracing/PathTracingInitExtinctionCoefficient.usf" 2772
"../../../Engine/Shaders/Private/PathTracing/PathTracingCopyDepth.usf" 2773
"../../../Engine/Shaders/Private/PathTracing/PathTracingDebug.usf" 2774
"../../../Engine/Shaders/Private/RayTracing/RayTracingDecalGrid.ush" 2775
"../../../Engine/Shaders/Private/PathTracing/Material/PathTracingMaterialSampling.ush" 2776
"../../../Engine/Shaders/Private/PathTracing/Material/PathTracingLambert.ush" 2777
"../../../Engine/Shaders/Private/PathTracing/Material/PathTracingSubstrate.ush" 2778
"../../../Engine/Shaders/Private/PathTracing/Material/PathTracingSubstrateFoliage.ush" 2779
"../../../Engine/Shaders/Private/PathTracing/Material/PathTracingSubstrateSolidGlass.ush" 2780
"../../../Engine/Shaders/Private/PathTracing/Material/PathTracingSubstrateThinGlass.ush" 2781
"../../../Engine/Shaders/Private/PathTracing/Material/PathTracingSolidGlass.ush" 2782
"../../../Engine/Shaders/Private/PathTracing/Material/PathTracingEnergyConservation.ush" 2783
"../../../Engine/Shaders/Private/PathTracing/Material/PathTracingThinGlass.ush" 2784
"../../../Engine/Shaders/Private/PathTracing/Material/PathTracingDefaultLit.ush" 2785
"../../../Engine/Shaders/Private/PathTracing/Material/PathTracingClearCoat.ush" 2786
"../../../Engine/Shaders/Private/PathTracing/Material/PathTracingTwoSidedFoliage.ush" 2787
"../../../Engine/Shaders/Private/PathTracing/Material/PathTracingCloth.ush" 2788
"../../../Engine/Shaders/Private/PathTracing/Material/PathTracingSubsurfaceProfile.ush" 2789
"../../../Engine/Shaders/Private/PathTracing/Material/PathTracingEye.ush" 2790
"../../../Engine/Shaders/Private/PathTracing/Material/PathTracingHair.ush" 2791
"../../../Engine/Shaders/Private/PathTracing/Material/PathTracingMedium.ush" 2792
"../../../Engine/Shaders/Private/PathTracing/Light/PathTracingLightSampling.ush" 2793
"../../../Engine/Shaders/Private/PathTracing/Light/PathTracingLightCommon.ush" 2794
"../../../Engine/Shaders/Private/PathTracing/Light/PathTracingDirectionalLight.ush" 2795
"../../../Engine/Shaders/Private/PathTracing/Light/PathTracingPointLight.ush" 2796
"../../../Engine/Shaders/Private/PathTracing/Light/PathTracingCapsuleLight.ush" 2797
"../../../Engine/Shaders/Private/PathTracing/Light/PathTracingRectLight.ush" 2798
"../../../Engine/Shaders/Private/PathTracing/Light/PathTracingSkyLight.ush" 2799
"../../../Engine/Shaders/Private/PathTracing/Light/PathTracingLightGrid.ush" 2800
"../../../Engine/Shaders/Private/PathTracing/PathTracing.usf" 2801
"../../../Engine/Shaders/Private/PathTracing/PathTracingCore.ush" 2802
"../../../Engine/Shaders/Private/HeterogeneousVolumes/HeterogeneousVolumesVoxelGridTypes.ush" 2803
"../../../Engine/Shaders/Private/PathTracing/Volume/PathTracingVolume.ush" 2804
"../../../Engine/Shaders/Private/PathTracing/Volume/PathTracingClouds.ush" 2805
"../../../Engine/Shaders/Private/PathTracing/Volume/PathTracingHeterogeneousVolumes.ush" 2806
"../../../Engine/Shaders/Private/HeterogeneousVolumes/HeterogeneousVolumesVoxelGridTraversal.ush" 2807
"../../../Engine/Shaders/Private/HeterogeneousVolumes/HeterogeneousVolumesVoxelGridUtils.ush" 2808
"../../../Engine/Shaders/Private/HeterogeneousVolumes/HeterogeneousVolumesFrustumVoxelGridUtils.ush" 2809
"../../../Engine/Shaders/Private/PathTracing/PathTracingBuildLightGrid.usf" 2810
"../../../Engine/Shaders/Private/PathTracing/PathTracingSkylightMISCompensation.usf" 2811
"../../../Engine/Shaders/Private/PathTracing/PathTracingSkylightPrepare.usf" 2812
"../../../Engine/Shaders/Private/OIT/OITSorting.usf" 2813
"../../../Engine/Shaders/Private/OITCombine.usf" 2814
"../../../Engine/Shaders/Private/OITCommon.ush" 2815
"../../../Engine/Shaders/Private/Nanite/Voxel/RasterizeBricks.usf" 2816
"../../../Engine/Shaders/Private/Nanite/Voxel/Brick.ush" 2817
"../../../Engine/Shaders/Private/Nanite/Voxel/Voxel.ush" 2818
"../../../Engine/Shaders/Private/Nanite/Voxel/ScatterBricks.usf" 2819
"../../../Engine/Shaders/Private/Nanite/Voxel/TileBricks.usf" 2820
"../../../Engine/Shaders/Private/Nanite/Voxel/AutoVoxel.usf" 2821
"../../../Engine/Shaders/Private/Nanite/NaniteDebugViews.usf" 2822
"../../../Engine/Shaders/Private/Nanite/NaniteEditorCommon.ush" 2823
"../../../Engine/Shaders/Private/BinarySearch.ush" 2824
"../../../Engine/Shaders/Private/Nanite/NaniteDepthDecode.usf" 2825
"../../../Engine/Shaders/Private/HTileEncoding.ush" 2826
"../../../Engine/Shaders/Private/Nanite/NaniteVisualize.usf" 2827
"../../../Engine/Shaders/Private/Nanite/NaniteStreamOut.usf" 2828
"../../../Engine/Shaders/Private/Nanite/NaniteHierarchyTraversal.ush" 2829
"../../../Engine/Shaders/Private/Nanite/NaniteSkinningUpdateViewData.usf" 2830
"../../../Engine/Shaders/Private/Skinning/TransformProviders.usf" 2831
"../../../Engine/Shaders/Private/Nanite/NaniteShadeBinning.usf" 2832
"../../../Engine/Shaders/Private/Nanite/NaniteShadeCommon.ush" 2833
"../../../Engine/Shaders/Private/Nanite/NaniteFastClear.usf" 2834
"../../../Engine/Shaders/Private/Nanite/NaniteExportGBuffer.usf" 2835
"../../../Engine/Shaders/Private/Nanite/NaniteClusterCulling.usf" 2836
"../../../Engine/Shaders/Private/Nanite/NanitePrintStats.usf" 2837
"../../../Engine/Shaders/Private/Nanite/NaniteRasterizer.usf" 2838
"../../../Engine/Shaders/Private/Nanite/NaniteRasterizationCommon.ush" 2839
"../../../Engine/Shaders/Private/Nanite/NaniteRasterizer.ush" 2840
"../../../Engine/Shaders/Private/Nanite/NaniteWritePixel.ush" 2841
"../../../Engine/Shaders/Private/Nanite/NaniteTessellation.ush" 2842
"../../../Engine/Shaders/Private/WorkDistribution.ush" 2843
"../../../Engine/Shaders/Private/Nanite/NaniteDice.ush" 2844
"../../../Engine/Shaders/Private/ShaderBundleWorkGraphCommon.ush" 2845
"../../../Engine/Shaders/Public/RootConstants.ush" 2846
"../../../Engine/Shaders/Public/Platform/D3D/D3DRootConstants.ush" 2847
"../../../Engine/Shaders/Private/Nanite/NaniteSplit.usf" 2848
"../../../Engine/Shaders/Private/Nanite/NaniteRasterBinning.usf" 2849
"../../../Engine/Shaders/Private/Nanite/NaniteInstanceCulling.usf" 2850
"../../../Engine/Shaders/Private/Nanite/NaniteImposter.ush" 2851
"../../../Engine/Shaders/Private/Nanite/NaniteInstanceHierarchyCulling.usf" 2852
"../../../Engine/Shaders/Private/WorkGroupLoadBalancer.ush" 2853
"../../../Engine/Shaders/Private/Nanite/NanitePrimitiveFilter.usf" 2854
"../../../Engine/Shaders/Private/Nanite/NaniteRasterClear.usf" 2855
"../../../Engine/Shaders/Private/Nanite/NaniteDepthExport.usf" 2856
"../../../Engine/Shaders/Private/Nanite/NaniteEmitShadow.usf" 2857
"../../../Engine/Shaders/Private/MobileDeferredUtils.usf" 2858
"../../../Engine/Shaders/Private/MobileLocalLightsBuffer.usf" 2859
"../../../Engine/Shaders/Private/MobileFog.usf" 2860
"../../../Engine/Shaders/Private/DistortApplyScreenPS.usf" 2861
"../../../Engine/Shaders/Private/MobileDeferredShading.usf" 2862
"../../../Engine/Shaders/Private/MobileBasePassPixelShader.usf" 2863
"../../../Engine/Shaders/Private/MobileBasePassCommon.ush" 2864
"../../../Engine/Shaders/Private/BasePassCommon.ush" 2865
"../../../Engine/Shaders/Private/ShadingModelsMaterial.ush" 2866
"../../../Engine/Shaders/Private/ThinTranslucentCommon.ush" 2867
"../../../Engine/Shaders/Private/SingleLayerWaterShading.ush" 2868
"../../../Engine/Shaders/Private/DistortionCommon.ush" 2869
"../../../Engine/Shaders/Private/Substrate/SubstrateMobileForwardLighting.ush" 2870
"../../../Engine/Shaders/Private/MobileBasePassVertexShader.usf" 2871
"../../../Engine/Shaders/Private/MeshEdges.usf" 2872
"../../../Engine/Shaders/Private/MegaLights/MegaLightsVSMTracing.usf" 2873
"../../../Engine/Shaders/Private/MegaLights/MegaLights.ush" 2874
"../../../Engine/Shaders/Shared/MegaLightsDefinitions.h" 2875
"../../../Engine/Shaders/Private/HairStrands/HairStrandsVisibilityUtils.ush" 2876
"../../../Engine/Shaders/Private/MegaLights/MegaLightsRayTracing.ush" 2877
"../../../Engine/Shaders/Private/MegaLights/MegaLightsRayTracing.usf" 2878
"../../../Engine/Shaders/Private/DistanceField/GlobalDistanceFieldUtils.ush" 2879
"../../../Engine/Shaders/Private/Lumen/LumenScreenTracing.ush" 2880
"../../../Engine/Shaders/Private/MegaLights/MegaLightsVolumeRayTracing.usf" 2881
"../../../Engine/Shaders/Private/MegaLights/MegaLightsVolume.ush" 2882
"../../../Engine/Shaders/Private/MegaLights/MegaLightsVolumeHardwareRayTracing.usf" 2883
"../../../Engine/Shaders/Private/Lumen/LumenHardwareRayTracingCommon.ush" 2884
"../../../Engine/Shaders/Private/RayTracing/RayTracingReflectionEnvironment.ush" 2885
"../../../Engine/Shaders/Private/Lumen/LumenHardwareRayTracingPlatformCommon.ush" 2886
"../../../Engine/Shaders/Private/Lumen/LumenReflectionsCombine.ush" 2887
"../../../Engine/Shaders/Private/Lumen/LumenTracingCommon.ush" 2888
"../../../Engine/Shaders/Private/Lumen/SurfaceCache/LumenSurfaceCacheSampling.ush" 2889
"../../../Engine/Shaders/Private/Lumen/SurfaceCache/LumenSurfaceCache.ush" 2890
"../../../Engine/Shaders/Private/Lumen/LumenCardCommon.ush" 2891
"../../../Engine/Shaders/Private/Lumen/LumenCardTileShadowDownsampleFactor.ush" 2892
"../../../Engine/Shaders/Private/MegaLights/MegaLightsHardwareRayTracing.usf" 2893
"../../../Engine/Shaders/Private/MegaLights/MegaLights.usf" 2894
"../../../Engine/Shaders/Private/MegaLights/MegaLightsShading.ush" 2895
"../../../Engine/Shaders/Private/MegaLights/MegaLightsFilterVisibleLightHash.usf" 2896
"../../../Engine/Shaders/Private/MegaLights/MegaLightsDenoiserSpatial.usf" 2897
"../../../Engine/Shaders/Private/Lumen/LumenReflectionDenoiserCommon.ush" 2898
"../../../Engine/Shaders/Private/MegaLights/MegaLightsDenoiserTemporal.usf" 2899
"../../../Engine/Shaders/Private/MegaLights/MegaLightsShading.usf" 2900
"../../../Engine/Shaders/Private/StochasticLighting/StochasticLightingUpsample.ush" 2901
"../../../Engine/Shaders/Private/MegaLights/MegaLightsVisibleLightHash.usf" 2902
"../../../Engine/Shaders/Private/MegaLights/MegaLightsVolumeShading.usf" 2903
"../../../Engine/Shaders/Private/MegaLights/MegaLightsSampling.usf" 2904
"../../../Engine/Shaders/Private/MegaLights/MegaLightsSampling.ush" 2905
"../../../Engine/Shaders/Private/MegaLights/MegaLightsVolumeSampling.usf" 2906
"../../../Engine/Shaders/Private/MaterialCache/MaterialCacheABufferPages.usf" 2907
"../../../Engine/Shaders/Private/MaterialCache/MaterialCacheShade.usf" 2908
"../../../Engine/Shaders/Private/MaterialCache/MaterialCacheUnwrapNaniteShade.usf" 2909
"../../../Engine/Shaders/Private/MaterialCache/MaterialCacheUnwrapPixelShader.usf" 2910
"../../../Engine/Shaders/Private/MaterialCache/MaterialCacheUnwrapVertexShader.usf" 2911
"../../../Engine/Shaders/Private/Lumen/LumenVisualizeRadianceCache.usf" 2912
"../../../Engine/Shaders/Private/Lumen/LumenRadianceCacheCommon.ush" 2913
"../../../Engine/Shaders/Private/Lumen/LumenVisualizeHardwareRayTracing.usf" 2914
"../../../Engine/Shaders/Private/Lumen/LumenVisualize.ush" 2915
"../../../Engine/Shaders/Private/Lumen/LumenHairTracing.ush" 2916
"../../../Engine/Shaders/Private/Lumen/LumenVisualize.usf" 2917
"../../../Engine/Shaders/Private/Lumen/LumenSoftwareRayTracing.ush" 2918
"../../../Engine/Shaders/Private/DistanceField/GlobalDistanceFieldObjectGrid.ush" 2919
"../../../Engine/Shaders/Private/DistanceFieldLightingShared.ush" 2920
"../../../Engine/Shaders/Private/Lumen/LumenVisualizeTraces.ush" 2921
"../../../Engine/Shaders/Private/Lumen/LumenTranslucencyVolumeLighting.usf" 2922
"../../../Engine/Shaders/Private/Lumen/LumenRadianceCacheMarkCommon.ush" 2923
"../../../Engine/Shaders/Private/Lumen/LumenTranslucencyVolumeLightingShared.ush" 2924
"../../../Engine/Shaders/Private/Lumen/LumenScreenProbeCommon.ush" 2925
"../../../Engine/Shaders/Private/RayTracing/RayGenUtils.ush" 2926
"../../../Engine/Shaders/Private/Lumen/LumenRadianceCacheTracingCommon.ush" 2927
"../../../Engine/Shaders/Private/Lumen/LumenTranslucencyVolumeHardwareRayTracing.usf" 2928
"../../../Engine/Shaders/Private/Lumen/LumenTranslucencyRadianceCacheMarkShaders.usf" 2929
"../../../Engine/Shaders/Private/Lumen/SurfaceCache/LumenSurfaceCache.usf" 2930
"../../../Engine/Shaders/Private/Lumen/LumenShortRangeAOHardwareRayTracing.usf" 2931
"../../../Engine/Shaders/Private/Lumen/LumenScreenSpaceBentNormal.ush" 2932
"../../../Engine/Shaders/Private/Lumen/LumenScreenSpaceBentNormal.usf" 2933
"../../../Engine/Shaders/Private/Lumen/LumenScreenProbeTracing.usf" 2934
"../../../Engine/Shaders/Private/Lumen/LumenScreenProbeTracingCommon.ush" 2935
"../../../Engine/Shaders/Private/Lumen/LumenFloatQuantization.ush" 2936
"../../../Engine/Shaders/Private/Lumen/LumenScreenProbeImportanceSampling.usf" 2937
"../../../Engine/Shaders/Private/Lumen/LumenScreenProbeImportanceSamplingShared.ush" 2938
"../../../Engine/Shaders/Private/Lumen/LumenScreenProbeHardwareRayTracing.usf" 2939
"../../../Engine/Shaders/Private/Lumen/LumenScreenProbeDebug.usf" 2940
"../../../Engine/Shaders/Private/Lumen/LumenScreenProbeGather.usf" 2941
"../../../Engine/Shaders/Private/Lumen/LumenScreenProbeGatherTemporal.usf" 2942
"../../../Engine/Shaders/Private/Lumen/LumenScreenProbeFiltering.usf" 2943
"../../../Engine/Shaders/Private/Lumen/LumenSceneLighting.usf" 2944
"../../../Engine/Shaders/Private/Lumen/LumenCardTile.ush" 2945
"../../../Engine/Shaders/Private/Lumen/LumenSceneLighting.ush" 2946
"../../../Engine/Shaders/Private/Lumen/Radiosity/LumenRadiosity.ush" 2947
"../../../Engine/Shaders/Private/Lumen/LumenSceneLightingDebug.usf" 2948
"../../../Engine/Shaders/Private/Lumen/LumenScene.usf" 2949
"../../../Engine/Shaders/Private/Lumen/LumenSceneDirectLightingHardwareRayTracing.usf" 2950
"../../../Engine/Shaders/Private/Lumen/LumenSceneDirectLightingStochastic.ush" 2951
"../../../Engine/Shaders/Private/Lumen/LumenReflectionCommon.ush" 2952
"../../../Engine/Shaders/Private/Lumen/LumenSceneDirectLighting.ush" 2953
"../../../Engine/Shaders/Private/Lumen/LumenSceneDebugHardwareRayTracing.usf" 2954
"../../../Engine/Shaders/Private/Lumen/LumenSceneDirectLightingStochastic.usf" 2955
"../../../Engine/Shaders/Private/Lumen/LumenSceneDirectLightingSoftwareRayTracing.usf" 2956
"../../../Engine/Shaders/Private/DistanceFieldShadowingShared.ush" 2957
"../../../Engine/Shaders/Private/Lumen/LumenSceneDirectLightingPerLightShadowCommon.ush" 2958
"../../../Engine/Shaders/Private/Lumen/LumenSceneDirectLightingShadowMask.usf" 2959
"../../../Engine/Shaders/Private/Lumen/LumenSceneDirectLighting.usf" 2960
"../../../Engine/Shaders/Private/Lumen/LumenSceneDirectLightingCulling.usf" 2961
"../../../Engine/Shaders/Private/Lumen/LumenCardComputeShader.usf" 2962
"../../../Engine/Shaders/Private/Lumen/LumenCardBasePass.ush" 2963
"../../../Engine/Shaders/Private/Lumen/LumenCardPixelShader.usf" 2964
"../../../Engine/Shaders/Private/Lumen/LumenCardVertexShader.usf" 2965
"../../../Engine/Shaders/Private/Lumen/LumenReSTIRGather.usf" 2966
"../../../Engine/Shaders/Private/Lumen/LumenReflectionTracing.usf" 2967
"../../../Engine/Shaders/Private/Lumen/LumenReflectionDenoiserSpatial.usf" 2968
"../../../Engine/Shaders/Private/Lumen/LumenReflectionDenoiserClear.usf" 2969
"../../../Engine/Shaders/Private/Lumen/LumenReflectionDenoiserTemporal.usf" 2970
"../../../Engine/Shaders/Private/Lumen/LumenReflectionResolve.usf" 2971
"../../../Engine/Shaders/Private/Lumen/LumenReflections.usf" 2972
"../../../Engine/Shaders/Private/Lumen/RayTracedTranslucency.usf" 2973
"../../../Engine/Shaders/Private/Lumen/LumenReflectionHardwareRayTracing.usf" 2974
"../../../Engine/Shaders/Private/Lumen/Radiosity/LumenVisualizeRadiosityProbes.usf" 2975
"../../../Engine/Shaders/Private/Lumen/Radiosity/LumenRadiosity.usf" 2976
"../../../Engine/Shaders/Private/Lumen/Radiosity/LumenRadiosityHardwareRayTracing.usf" 2977
"../../../Engine/Shaders/Private/Lumen/Radiosity/LumenRadiosityCulling.usf" 2978
"../../../Engine/Shaders/Private/Lumen/LumenRadianceCacheHardwareRayTracing.usf" 2979
"../../../Engine/Shaders/Private/Lumen/LumenRadianceCache.usf" 2980
"../../../Engine/Shaders/Private/Lumen/LumenRadianceCacheUpdate.ush" 2981
"../../../Engine/Shaders/Private/Lumen/LumenRadianceCacheDebug.usf" 2982
"../../../Engine/Shaders/Private/Lumen/LumenRadianceCacheUpdate.usf" 2983
"../../../Engine/Shaders/Private/Lumen/LumenMeshSDFCulling.usf" 2984
"../../../Engine/Shaders/Private/HybridIndirectLighting.ush" 2985
"../../../Engine/Shaders/Private/MeshDistanceFieldCommon.ush" 2986
"../../../Engine/Shaders/Private/Lumen/LumenIrradianceFieldGather.usf" 2987
"../../../Engine/Shaders/Private/Lumen/LumenHardwareRayTracingMaterials.usf" 2988
"../../../Engine/Shaders/Private/Lumen/LumenFrontLayerTranslucency.usf" 2989
"../../../Engine/Shaders/Private/LocalFogVolumes/LocalFogVolumeSplat.usf" 2990
"../../../Engine/Shaders/Private/LocalFogVolumes/LocalFogVolumeTiledCulling.usf" 2991
"../../../Engine/Shaders/Private/LightShaftShader.usf" 2992
"../../../Engine/Shaders/Private/StationaryLightOverlapShaders.usf" 2993
"../../../Engine/Shaders/Private/DeferredLightPixelShaders.usf" 2994
"../../../Engine/Shaders/Private/DeferredLightVertexShaders.usf" 2995
"../../../Engine/Shaders/Private/LightMapDensityShader.usf" 2996
"../../../Engine/Shaders/Private/LightGridInjection.usf" 2997
"../../../Engine/Shaders/Shared/LightGridDefinitions.h" 2998
"../../../Engine/Shaders/Private/LightFunctionPixelShader.usf" 2999
"../../../Engine/Shaders/Private/LightFunctionVertexShader.usf" 3000
"../../../Engine/Shaders/Private/LightFunctionAtlas/LightFunctionAtlasRender.usf" 3001
"../../../Engine/Shaders/Private/InstanceCulling/InstanceCullingOcclusionQuery.usf" 3002
"../../../Engine/Shaders/Private/InstanceCulling/InstanceCullingSetup.ush" 3003
"../../../Engine/Shaders/Private/InstanceCulling/BuildInstanceDrawCommands.usf" 3004
"../../../Engine/Shaders/Private/InstanceCulling/InstanceCompactionCommon.ush" 3005
"../../../Engine/Shaders/Private/SceneDataMobileWriter.ush" 3006
"../../../Engine/Shaders/Private/InstanceCulling/CompactVisibleInstances.usf" 3007
"../../../Engine/Shaders/Private/ReflectionEnvironmentPixelShader.usf" 3008
"../../../Engine/Shaders/Private/AmbientCubemapComposite.usf" 3009
"../../../Engine/Shaders/Private/DiffuseIndirectComposite.usf" 3010
"../../../Engine/Shaders/Private/IESAtlas.usf" 3011
"../../../Engine/Shaders/Private/HeterogeneousVolumes/HeterogeneousVolumesVoxelGridShadows.usf" 3012
"../../../Engine/Shaders/Private/HeterogeneousVolumes/HeterogeneousVolumesStochasticFiltering.ush" 3013
"../../../Engine/Shaders/Private/HeterogeneousVolumes/HeterogeneousVolumesVoxelGridRenderingUtils.ush" 3014
"../../../Engine/Shaders/Private/HeterogeneousVolumes/HeterogeneousVolumesLightingUtils.ush" 3015
"../../../Engine/Shaders/Private/HeterogeneousVolumes/HeterogeneousVolumesVoxelGridRendering.usf" 3016
"../../../Engine/Shaders/Private/HeterogeneousVolumes/HeterogeneousVolumesVoxelGridPipeline.usf" 3017
"../../../Engine/Shaders/Private/HeterogeneousVolumes/HeterogeneousVolumesMaterialBakingPipeline.usf" 3018
"../../../Engine/Shaders/Private/HeterogeneousVolumes/HeterogeneousVolumesLiveShadingUtils.ush" 3019
"../../../Engine/Shaders/Private/HeterogeneousVolumes/HeterogeneousVolumesFrustumVoxelGrid.usf" 3020
"../../../Engine/Shaders/Private/HeterogeneousVolumes/HeterogeneousVolumesSparseVoxelPipeline.usf" 3021
"../../../Engine/Shaders/Private/HeterogeneousVolumes/HeterogeneousVolumesSparseVoxelUtils.ush" 3022
"../../../Engine/Shaders/Private/HeterogeneousVolumes/HeterogeneousVolumesSparseVoxelUniformBufferUtils.ush" 3023
"../../../Engine/Shaders/Private/HeterogeneousVolumes/HeterogeneousVolumesPreshadingPipeline.usf" 3024
"../../../Engine/Shaders/Private/HeterogeneousVolumes/HeterogeneousVolumesLiveShadingShadows.usf" 3025
"../../../Engine/Shaders/Private/HeterogeneousVolumes/HeterogeneousVolumesLiveShadingGlobalPipeline.usf" 3026
"../../../Engine/Shaders/Private/HeterogeneousVolumes/HeterogeneousVolumesLiveShadingPipeline.usf" 3027
"../../../Engine/Shaders/Private/HeterogeneousVolumes/HeterogeneousVolumesHardwareRayTracing.usf" 3028
"../../../Engine/Shaders/Private/HeterogeneousVolumes/HeterogeneousVolumesAmbientOcclusionPipeline.usf" 3029
"../../../Engine/Shaders/Private/HeterogeneousVolumes/HeterogeneousVolumesComposite.usf" 3030
"../../../Engine/Shaders/Private/HdrCustomResolveShaders.usf" 3031
"../../../Engine/Shaders/Private/HairStrands/RenderCurveRaster.usf" 3032
"../../../Engine/Shaders/Private/HairStrands/HairStrandsVoxelRasterCompute.usf" 3033
"../../../Engine/Shaders/Private/HairStrands/HairStrandsHitProxy.usf" 3034
"../../../Engine/Shaders/Private/HairStrands/HairStrandsVisibilityRasterComputeNaive.usf" 3035
"../../../Engine/Shaders/Private/HairStrands/HairStrandsVisibilityRasterHW.usf" 3036
"../../../Engine/Shaders/Private/HairStrands/HairStrandsVisibilityRasterCompute.usf" 3037
"../../../Engine/Shaders/Private/HairStrands/HairStrandsVisibilityRasterClassification.usf" 3038
"../../../Engine/Shaders/Private/HairStrands/HairStrandsCoverage.usf" 3039
"../../../Engine/Shaders/Private/HairStrands/HairStrandsVisibilityDepthPS.usf" 3040
"../../../Engine/Shaders/Private/HairStrands/HairStrandsVisibilityTransmittanceDepthPS.usf" 3041
"../../../Engine/Shaders/Private/HairStrands/HairStrandsVisibilityFillOpaqueDepthPS.usf" 3042
"../../../Engine/Shaders/Private/HairStrands/HairStrandsVisibilityCompactionComputeRaster.usf" 3043
"../../../Engine/Shaders/Private/HairStrands/HairStrandsVisibilityCompaction.usf" 3044
"../../../Engine/Shaders/Private/HairStrands/HairStrandsVisibilityCopyIndirectArg.usf" 3045
"../../../Engine/Shaders/Private/HairStrands/HairStrandsVisibilityClearPS.usf" 3046
"../../../Engine/Shaders/Private/HairStrands/HairStrandsVisibilityPS.usf" 3047
"../../../Engine/Shaders/Private/HairStrands/HairStrandsVisibilityVS.usf" 3048
"../../../Engine/Shaders/Private/HairStrands/HairStrandsVelocity.usf" 3049
"../../../Engine/Shaders/Private/HairStrands/HairStrandsVisibilityComputeSampleCoverage.usf" 3050
"../../../Engine/Shaders/Private/HairStrands/HairStrandsMaterialPS.usf" 3051
"../../../Engine/Shaders/Private/HairStrands/HairStrandsMaterialCommon.ush" 3052
"../../../Engine/Shaders/Private/HairStrands/HairStrandsMaterialVS.usf" 3053
"../../../Engine/Shaders/Private/HairStrands/HairStrandsLightSample.usf" 3054
"../../../Engine/Shaders/Private/HairStrands/HairStrandsDeepShadowMask.usf" 3055
"../../../Engine/Shaders/Private/HairStrands/HairStrandsDeepTransmittanceMask.usf" 3056
"../../../Engine/Shaders/Private/HairStrands/HairStrandsVisibilityTile.usf" 3057
"../../../Engine/Shaders/Private/HairStrands/HairStrandsDeepShadowPS.usf" 3058
"../../../Engine/Shaders/Private/HairStrands/HairStrandsDeepShadowVS.usf" 3059
"../../../Engine/Shaders/Private/HairStrands/HairStrandsAABB.usf" 3060
"../../../Engine/Shaders/Private/HairStrands/HairStrandsLUT.usf" 3061
"../../../Engine/Shaders/Private/HairStrands/HairStrandsForwardRaster.usf" 3062
"../../../Engine/Shaders/Private/HairStrands/HairStrandsForwardCulling.usf" 3063
"../../../Engine/Shaders/Private/HairStrands/HairStrandsEnvironmentLighting.usf" 3064
"../../../Engine/Shaders/Private/HairStrands/HairStrandsEnvironmentAO.usf" 3065
"../../../Engine/Shaders/Private/HairStrands/HairStrandsDeepShadowAllocation.usf" 3066
"../../../Engine/Shaders/Private/HairStrands/HairStrandsVoxelDebug.usf" 3067
"../../../Engine/Shaders/Private/HairStrands/HairStrandsComposition.usf" 3068
"../../../Engine/Shaders/Private/HairStrands/HairStrandsGBufferCommon.ush" 3069
"../../../Engine/Shaders/Private/GPUScene/GPUSceneDataManagement.usf" 3070
"../../../Engine/Shaders/Private/GPUSceneDebugRender.usf" 3071
"../../../Engine/Shaders/Private/GPUFeedbackCompaction.usf" 3072
"../../../Engine/Shaders/Private/GPUFastFourierTransform.usf" 3073
"../../../Engine/Shaders/Private/GPUFastFourierTransform2DCore.ush" 3074
"../../../Engine/Shaders/Private/GPUFastFourierTransformCore.ush" 3075
"../../../Engine/Shaders/Private/GPUBenchmark.usf" 3076
"../../../Engine/Shaders/Private/DistanceField/GlobalDistanceFieldDebug.usf" 3077
"../../../Engine/Shaders/Private/DistanceField/GlobalDistanceFieldUpdate.ush" 3078
"../../../Engine/Shaders/Private/DistanceField/GlobalDistanceFieldMip.usf" 3079
"../../../Engine/Shaders/Private/DistanceField/GlobalDistanceField.usf" 3080
"../../../Engine/Shaders/Private/DistanceField/GlobalDistanceFieldCompositeObjects.usf" 3081
"../../../Engine/Shaders/Private/DistanceField/GlobalDistanceFieldHeightfields.usf" 3082
"../../../Engine/Shaders/Private/HeightfieldLightingShared.ush" 3083
"../../../Engine/Shaders/Private/GenerateConservativeDepth.usf" 3084
"../../../Engine/Shaders/Private/HeightFogPixelShader.usf" 3085
"../../../Engine/Shaders/Private/HeightFogVertexShader.usf" 3086
"../../../Engine/Shaders/Private/DistortFiltering.usf" 3087
"../../../Engine/Shaders/Private/DistortAccumulatePS.usf" 3088
"../../../Engine/Shaders/Private/DistortAccumulateVS.usf" 3089
"../../../Engine/Shaders/Private/DistanceFieldVisualization.usf" 3090
"../../../Engine/Shaders/Private/DistanceFieldStreaming.usf" 3091
"../../../Engine/Shaders/Private/DistanceFieldShadowing.usf" 3092
"../../../Engine/Shaders/Private/DistanceFieldScreenGridLighting.usf" 3093
"../../../Engine/Shaders/Private/DistanceFieldObjectCulling.usf" 3094
"../../../Engine/Shaders/Private/DistanceFieldLightingPost.usf" 3095
"../../../Engine/Shaders/Private/DitheredTransitionStencil.usf" 3096
"../../../Engine/Shaders/Private/CopyDepthTexture.usf" 3097
"../../../Engine/Shaders/Private/CopyDepthTextureCS.usf" 3098
"../../../Engine/Shaders/Private/DeferredDecal.usf" 3099
"../../../Engine/Shaders/Private/DecalCommon.ush" 3100
"../../../Engine/Shaders/Private/DebugViewModeVertexShader.usf" 3101
"../../../Engine/Shaders/Private/DebugViewModeCommon.ush" 3102
"../../../Engine/Shaders/Private/DebugViewModePixelShader.usf" 3103
"../../../Engine/Shaders/Private/DebugProbes.usf" 3104
"../../../Engine/Shaders/Private/MeshDecals.usf" 3105
"../../../Engine/Shaders/Private/PostProcessAmbientOcclusion.usf" 3106
"../../../Engine/Shaders/Private/ClusteredDeferredShadingPixelShader.usf" 3107
"../../../Engine/Shaders/Private/ClusteredDeferredShadingVertexShader.usf" 3108
"../../../Engine/Shaders/Private/CapsuleShadowShaders.usf" 3109
"../../../Engine/Shaders/Private/BasePassPixelShader.usf" 3110
"../../../Engine/Shaders/Private/ForwardLightingCommon.ush" 3111
"../../../Engine/Shaders/Private/Substrate/SubstrateForwardLighting.ush" 3112
"../../../Engine/Shaders/Private/ComputeShaderOutputCommon.ush" 3113
"../../../Engine/Shaders/Private/BasePassVertexShader.usf" 3114
"../../../Engine/Shaders/Private/BasePassVertexCommon.ush" 3115
"../../../Engine/Shaders/Private/SimpleElementVolumeTexturePreviewPixelShader.usf" 3116
"../../../Engine/Shaders/Private/SimpleElementTexture2DPreviewPixelShader.usf" 3117
"../../../Engine/Shaders/Private/meshpaintdilatepixelshader.usf" 3118
"../../../Engine/Shaders/Private/meshpaintdilatevertexshader.usf" 3119
"../../../Engine/Shaders/Private/MeshPaintPixelShader.usf" 3120
"../../../Engine/Shaders/Private/MeshPaintVertexShader.usf" 3121
"../../../Engine/Shaders/Private/SlateElementPixelShader.usf" 3122
"../../../Engine/Shaders/Private/SlateShaderCommon.ush" 3123
"../../../Engine/Shaders/Private/SlateMaskingShader.usf" 3124
"../../../Engine/Shaders/Private/SlateVertexShader.usf" 3125
"../../../Engine/Shaders/Private/CompositeUIPixelShader.usf" 3126
"../../../Engine/Shaders/Private/ColorDeficiency.ush" 3127
"../../../Engine/Shaders/Private/SlatePostProcessColorDeficiencyPixelShader.usf" 3128
"../../../Engine/Shaders/Private/SlatePostProcessPixelShader.usf" 3129
"../../../Engine/Shaders/Private/Tools/VisualizeTexture.usf" 3130
"../../../Engine/Shaders/Private/UpdateDescriptorHandle.usf" 3131
"../../../Engine/Shaders/Private/ByteBuffer.usf" 3132
"../../../Engine/Shaders/Private/ShaderBundleWorkGraphDispatch.usf" 3133
"../../../Engine/Shaders/Private/ShaderBundleDispatch.usf" 3134
"../../../Engine/Shaders/Private/ResolveVertexShader.usf" 3135
"../../../Engine/Shaders/Private/ResolvePixelShader.usf" 3136
"../../../Engine/Shaders/Private/Tools/SetupIndirectArgs.usf" 3137
"../../../Engine/Shaders/Private/ClearReplacementShaders.usf" 3138
"../../../Engine/Shaders/Private/Tools/DrawTexture.usf" 3139
"../../../Engine/Shaders/Private/RayTracing/RayTracingValidation.usf" 3140
"../../../Engine/Shaders/Private/RenderGraphUtilities.usf" 3141
"../../../Engine/Shaders/Private/OneColorShader.usf" 3142
"../../../Engine/Shaders/Private/OculusShaders.usf" 3143
"../../../Engine/Shaders/Private/MediaShaders.usf" 3144
"../../../Engine/Shaders/Private/GPUMessaging.usf" 3145
"../../../Engine/Shaders/Private/Tools/GPUDebugCrashUtils.usf" 3146
"../../../Engine/Shaders/Private/NullPixelShader.usf" 3147
"../../../Engine/Shaders/Private/ComputeGenerateMips.usf" 3148
"../../../Engine/Shaders/Private/Tools/DumpTexture.usf" 3149
"../../../Engine/Shaders/Private/CopyTextureShaders.usf" 3150
"../../../Engine/Shaders/Private/Tools/FullscreenVertexShader.usf" 3151
"../../../Engine/Shaders/Private/RayTracing/RayTracingDispatchDesc.usf" 3152
"../../../Engine/Shaders/Private/Bink.usf" 3153
"../../../Engine/Shaders/Private/VelocityShader.usf" 3154
"../../../Engine/Shaders/Private/DepthOnlyPixelShader.usf" 3155
"../../../Engine/Shaders/Private/PositionOnlyDepthVertexShader.usf" 3156
"../../../Engine/Shaders/Private/DepthOnlyVertexShader.usf" 3157
"../../../Engine/Shaders/Private/AnisotropyPassShader.usf" 3158
"/Engine/EngineResources/WhiteSquareTexture" 3159
"../../../Engine/Content/EngineResources/WhiteSquareTexture.uasset" 3160
"/Engine/EngineResources/GradientTexture0" 3161
"../../../Engine/Content/EngineResources/GradientTexture0.uasset" 3162
"/Engine/EngineResources/Black" 3163
"../../../Engine/Content/EngineResources/Black.uasset" 3164
"/Engine/EditorResources/S_Actor" 3165
"../../../Engine/Content/EditorResources/S_Actor.uasset" 3166
"/Engine/EngineFonts/RobotoDistanceField" 3167
"../../../Engine/Content/EngineFonts/RobotoDistanceField.uasset" 3168
"/Engine/EngineMaterials/DefaultTextMaterialOpaque" 3169
"../../../Engine/Content/EngineMaterials/DefaultTextMaterialOpaque.uasset" 3170
"/Engine/Functions/Engine_MaterialFunctions01/Shading/PowerToRoughness" 3171
"../../../Engine/Content/Functions/Engine_MaterialFunctions01/Shading/PowerToRoughness.uasset" 3172
"/Engine/Functions/Engine_MaterialFunctions01/Shading/ConvertFromDiffSpec" 3173
"../../../Engine/Content/Functions/Engine_MaterialFunctions01/Shading/ConvertFromDiffSpec.uasset" 3174
"/Engine/EngineMaterials/WorldGridMaterial" 3175
"../../../Engine/Content/EngineMaterials/WorldGridMaterial.uasset" 3176
"../../../Engine/Content/Functions/Engine_MaterialFunctions01/Opacity/CameraDepthFade.uasset" 3177
"../../../Engine/Content/EngineMaterials/T_Default_Material_Grid_M.uasset" 3178
"../../../Engine/Content/EngineMaterials/T_Default_Material_Grid_N.uasset" 3179
"/Engine/EngineMaterials/DefaultDeferredDecalMaterial" 3180
"../../../Engine/Content/EngineMaterials/DefaultDeferredDecalMaterial.uasset" 3181
"../../../Engine/Content/EngineMaterials/DefaultDiffuse.uasset" 3182
"/Engine/EngineMaterials/DefaultLightFunctionMaterial" 3183
"../../../Engine/Content/EngineMaterials/DefaultLightFunctionMaterial.uasset" 3184
"/Engine/EngineMaterials/DefaultPostProcessMaterial" 3185
"../../../Engine/Content/EngineMaterials/DefaultPostProcessMaterial.uasset" 3186
"../../../Engine/Content/Functions/Engine_MaterialFunctions02/Utility/BreakOutFloat2Components.uasset" 3187
"/Engine/EditorResources/S_Trigger" 3188
"../../../Engine/Content/EditorResources/S_Trigger.uasset" 3189
"/Engine/EditorResources/S_BoxReflectionCapture" 3190
"../../../Engine/Content/EditorResources/S_BoxReflectionCapture.uasset" 3191
"/Engine/EngineResources/DefaultTexture" 3192
"../../../Engine/Content/EngineResources/DefaultTexture.uasset" 3193
"/Engine/EditorResources/S_TriggerBox" 3194
"../../../Engine/Content/EditorResources/S_TriggerBox.uasset" 3195
"/Engine/EditorResources/S_TriggerCapsule" 3196
"../../../Engine/Content/EditorResources/S_TriggerCapsule.uasset" 3197
"/Engine/EditorResources/S_TriggerSphere" 3198
"../../../Engine/Content/EditorResources/S_TriggerSphere.uasset" 3199
"/Engine/EngineDamageTypes/DmgTypeBP_Environmental" 3200
"../../../Engine/Content/EngineDamageTypes/DmgTypeBP_Environmental.uasset" 3201
"/Engine/EngineMeshes/Sphere" 3202
"../../../Engine/Content/EngineMeshes/Sphere.uasset" 3203
"/Engine/EngineResources/DefaultTextureCube" 3204
"../../../Engine/Content/EngineResources/DefaultTextureCube.uasset" 3205
"/Engine/EngineResources/DefaultVolumeTexture" 3206
"../../../Engine/Content/EngineResources/DefaultVolumeTexture.uasset" 3207
"../../../Engine/Content/EngineResources/DefaultVolumeTexture2D.uasset" 3208
"/Engine/VREditor/TransformGizmo/SM_Sequencer_Node" 3209
"../../../Engine/Content/VREditor/TransformGizmo/SM_Sequencer_Node.uasset" 3210
"../../../Engine/Content/VREditor/TransformGizmo/Main.uasset" 3211
"../../../Engine/Content/VREditor/TransformGizmo/Xray.uasset" 3212
"/Engine/EditorResources/S_Solver" 3213
"../../../Engine/Content/EditorResources/S_Solver.uasset" 3214
"/Engine/EngineDebugMaterials/VolumeToRender" 3215
"../../../Engine/Content/EngineDebugMaterials/VolumeToRender.uasset" 3216
"/Engine/EngineDebugMaterials/M_VolumeRenderSphereTracePP" 3217
"../../../Engine/Content/EngineDebugMaterials/M_VolumeRenderSphereTracePP.uasset" 3218
"../../../Engine/Content/Functions/Engine_MaterialFunctions02/Utility/CameraDirectionVector.uasset" 3219
"/Engine/EditorMeshes/Camera/SM_CraneRig_Base" 3220
"../../../Engine/Content/EditorMeshes/Camera/SM_CraneRig_Base.uasset" 3221
"../../../Engine/Content/EditorMaterials/Camera/MI_CineMat_Rig.uasset" 3222
"../../../Engine/Content/EditorMaterials/Camera/CineMat.uasset" 3223
"/Engine/EditorMeshes/Camera/SM_CraneRig_Arm" 3224
"../../../Engine/Content/EditorMeshes/Camera/SM_CraneRig_Arm.uasset" 3225
"/Engine/EditorMeshes/Camera/SM_CraneRig_Mount" 3226
"../../../Engine/Content/EditorMeshes/Camera/SM_CraneRig_Mount.uasset" 3227
"/Engine/EditorMeshes/Camera/SM_CraneRig_Body" 3228
"../../../Engine/Content/EditorMeshes/Camera/SM_CraneRig_Body.uasset" 3229
"/Engine/EditorMeshes/Camera/SM_RailRig_Track" 3230
"../../../Engine/Content/EditorMeshes/Camera/SM_RailRig_Track.uasset" 3231
"/Engine/EditorMeshes/Camera/SM_RailRig_Mount" 3232
"../../../Engine/Content/EditorMeshes/Camera/SM_RailRig_Mount.uasset" 3233
"/Engine/EditorLandscapeResources/SplineEditorMesh" 3234
"../../../Engine/Content/EditorLandscapeResources/SplineEditorMesh.uasset" 3235
"../../../Engine/Content/EditorLandscapeResources/SplineEditorMeshMat.uasset" 3236
"/Water/Icons/WaterBodyIslandSprite" 3237
"../../Plugins/Experimental/Water/Content/Icons/WaterBodyIslandSprite.uasset" 3238
"/Water/Icons/WaterZoneActorSprite" 3239
"../../Plugins/Experimental/Water/Content/Icons/WaterZoneActorSprite.uasset" 3240
"/HairStrands/Materials/HairDebugMaterial" 3241
"../../Plugins/Runtime/HairStrands/Content/Materials/HairDebugMaterial.uasset" 3242
"../../../Engine/Content/Functions/Engine_MaterialFunctions02/Utility/MakeFloat2.uasset" 3243
"../../../Engine/Content/Functions/Engine_MaterialFunctions02/Utility/MakeFloat3.uasset" 3244
"../../../Engine/Content/EngineMaterials/HairColorMap.uasset" 3245
"../../../Engine/Content/EngineMaterials/HairDebugColor.uasset" 3246
"../../Plugins/Runtime/HairStrands/Content/Materials/HairGroupColors.uasset" 3247
"/HairStrands/Materials/HairDefaultMaterial" 3248
"../../Plugins/Runtime/HairStrands/Content/Materials/HairDefaultMaterial.uasset" 3249
"/HairStrands/Materials/HairCardsDefaultMaterial" 3250
"../../Plugins/Runtime/HairStrands/Content/Materials/HairCardsDefaultMaterial.uasset" 3251
"/HairStrands/Materials/HairMeshesDefaultMaterial" 3252
"../../Plugins/Runtime/HairStrands/Content/Materials/HairMeshesDefaultMaterial.uasset" 3253
"/Engine/BasicShapes/Cube" 3254
"../../../Engine/Content/BasicShapes/Cube.uasset" 3255
"/CameraCalibrationCore/Materials/M_DefaultOddSquare" 3256
"../../Plugins/VirtualProduction/CameraCalibrationCore/Content/Materials/M_DefaultOddSquare.uasset" 3257
"/CameraCalibrationCore/Materials/M_DefaultEvenSquare" 3258
"../../Plugins/VirtualProduction/CameraCalibrationCore/Content/Materials/M_DefaultEvenSquare.uasset" 3259
"/Engine/EngineMaterials/Widget3DPassThrough_Translucent" 3260
"../../../Engine/Content/EngineMaterials/Widget3DPassThrough_Translucent.uasset" 3261
"../../../Engine/Content/EngineMaterials/Widget3DPassThrough.uasset" 3262
"/Engine/EngineMaterials/Widget3DPassThrough_Translucent_OneSided" 3263
"../../../Engine/Content/EngineMaterials/Widget3DPassThrough_Translucent_OneSided.uasset" 3264
"/Engine/EngineMaterials/Widget3DPassThrough_Opaque" 3265
"../../../Engine/Content/EngineMaterials/Widget3DPassThrough_Opaque.uasset" 3266
"/Engine/EngineMaterials/Widget3DPassThrough_Opaque_OneSided" 3267
"../../../Engine/Content/EngineMaterials/Widget3DPassThrough_Opaque_OneSided.uasset" 3268
"/Engine/EngineMaterials/Widget3DPassThrough_Masked" 3269
"../../../Engine/Content/EngineMaterials/Widget3DPassThrough_Masked.uasset" 3270
"/Engine/EngineMaterials/Widget3DPassThrough_Masked_OneSided" 3271
"../../../Engine/Content/EngineMaterials/Widget3DPassThrough_Masked_OneSided.uasset" 3272
"/Engine/VREditor/ViewportInteractionAssetContainerData" 3273
"../../../Engine/Content/VREditor/ViewportInteractionAssetContainerData.uasset" 3274
"../../../Engine/Content/VREditor/SnapGrid/SnapGridMaterial.uasset" 3275
"../../../Engine/Content/VREditor/TransformGizmo/TransformGizmoMaterial_Inst.uasset" 3276
"../../../Engine/Content/VREditor/TransformGizmo/TranslucentTransformGizmoMaterial_Inst.uasset" 3277
"../../../Engine/Content/VREditor/SnapGrid/SnapGridPlaneMesh.uasset" 3278
"../../../Engine/Content/VREditor/Sounds/UI/Drop_Item_From_ContentBrowser.uasset" 3279
"../../../Engine/Content/VREditor/Sounds/UI/Gizmo_Handle_Clicked.uasset" 3280
"../../../Engine/Content/VREditor/Sounds/UI/Object_PickUp.uasset" 3281
"../../../Engine/Content/VREditor/Sounds/UI/Object_Snaps_To_Another_Actor.uasset" 3282
"../../../Engine/Content/VREditor/Sounds/UI/Object_Snaps_To_Grid.uasset" 3283
"../../../Engine/Content/VREditor/Sounds/UI/Scaling_Down.uasset" 3284
"../../../Engine/Content/VREditor/Sounds/UI/Scaling_Up.uasset" 3285
"../../../Engine/Content/VREditor/Sounds/UI/Selection_Changes.uasset" 3286
"../../../Engine/Content/VREditor/TransformGizmo/PlaneTranslationHandle.uasset" 3287
"../../../Engine/Content/VREditor/TransformGizmo/RotationHandleFull.uasset" 3288
"../../../Engine/Content/VREditor/TransformGizmo/RotationHandleIndicator.uasset" 3289
"../../../Engine/Content/VREditor/TransformGizmo/RotationHandleQuarter.uasset" 3290
"../../../Engine/Content/VREditor/TransformGizmo/StartRotationHandleIndicator.uasset" 3291
"../../../Engine/Content/VREditor/TransformGizmo/TransformGizmoFreeRotation.uasset" 3292
"../../../Engine/Content/VREditor/TransformGizmo/TranslateArrowHandle.uasset" 3293
"../../../Engine/Content/VREditor/TransformGizmo/UniformScaleHandle.uasset" 3294
"../../../Engine/Content/Functions/Engine_MaterialFunctions02/Math/Transform3x3Matrix.uasset" 3295
"../../../Engine/Content/Functions/Engine_MaterialFunctions02/SplitComponents.uasset" 3296
"../../../Engine/Content/VREditor/TransformGizmo/TransformGizmoMaterial.uasset" 3297
"../../../Engine/Content/VREditor/TransformGizmo/TranslucentTransformGizmoMaterial.uasset" 3298
"../../../Engine/Content/Functions/Engine_MaterialFunctions02/Utility/BreakOutFloat3Components.uasset" 3299
"../../../Engine/Content/VREditor/LaserPointer/VR_LaserPower_01.uasset" 3300
"/Engine/VREditor/TransformGizmo/BoundingBoxCorner" 3301
"../../../Engine/Content/VREditor/TransformGizmo/BoundingBoxCorner.uasset" 3302
"/Engine/VREditor/TransformGizmo/BoundingBoxEdge" 3303
"../../../Engine/Content/VREditor/TransformGizmo/BoundingBoxEdge.uasset" 3304
"/Engine/ArtTools/RenderToTexture/Meshes/S_1_Unit_Plane" 3305
"../../../Engine/Content/ArtTools/RenderToTexture/Meshes/S_1_Unit_Plane.uasset" 3306
"/Engine/EngineDebugMaterials/M_SimpleUnlitTranslucent" 3307
"../../../Engine/Content/EngineDebugMaterials/M_SimpleUnlitTranslucent.uasset" 3308
"/Engine/EngineFonts/Roboto" 3309
"../../../Engine/Content/EngineFonts/Roboto.uasset" 3310
"../../../Engine/Content/EngineFonts/Faces/DroidSansFallback.uasset" 3311
"../../../Engine/Content/EngineFonts/Faces/RobotoBold.uasset" 3312
"../../../Engine/Content/EngineFonts/Faces/RobotoBoldItalic.uasset" 3313
"../../../Engine/Content/EngineFonts/Faces/RobotoItalic.uasset" 3314
"../../../Engine/Content/EngineFonts/Faces/RobotoLight.uasset" 3315
"../../../Engine/Content/EngineFonts/Faces/RobotoRegular.uasset" 3316
"/Engine/EditorMaterials/ParticleSystems/PSysThumbnail_NoImage" 3317
"../../../Engine/Content/EditorMaterials/ParticleSystems/PSysThumbnail_NoImage.uasset" 3318
"/Engine/EditorMaterials/ParticleSystems/PSysThumbnail_OOD" 3319
"../../../Engine/Content/EditorMaterials/ParticleSystems/PSysThumbnail_OOD.uasset" 3320
"/Engine/EngineResources/LandscapeVisibilityLayerInfo" 3321
"../../../Engine/Content/EngineResources/LandscapeVisibilityLayerInfo.uasset" 3322
"/Water/Meshes/LakeMesh" 3323
"../../Plugins/Experimental/Water/Content/Meshes/LakeMesh.uasset" 3324
"/Water/Meshes/RiverMesh" 3325
"../../Plugins/Experimental/Water/Content/Meshes/RiverMesh.uasset" 3326
"/Water/Icons/WaterBodyExclusionVolumeSprite" 3327
"../../Plugins/Experimental/Water/Content/Icons/WaterBodyExclusionVolumeSprite.uasset" 3328
"../../../Engine/Content/Internationalization/icudt64l/coll/en.res" 3329
"/ACLPlugin/ACLAnimBoneCompressionSettings" 3330
"../../Plugins/Animation/ACLPlugin/Content/ACLAnimBoneCompressionSettings.uasset" 3331
"/Engine/Animation/DefaultRecorderBoneCompression" 3332
"../../../Engine/Content/Animation/DefaultRecorderBoneCompression.uasset" 3333
"/ACLPlugin/ACLAnimCurveCompressionSettings" 3334
"../../Plugins/Animation/ACLPlugin/Content/ACLAnimCurveCompressionSettings.uasset" 3335
"/Engine/Animation/DefaultVariableFrameStrippingSettings" 3336
"../../../Engine/Content/Animation/DefaultVariableFrameStrippingSettings.uasset" 3337
"/Paper2D/MaskedUnlitSpriteMaterial" 3338
"../../Plugins/2D/Paper2D/Content/MaskedUnlitSpriteMaterial.uasset" 3339
"../../Plugins/2D/Paper2D/Content/DefaultSpriteMaterial.uasset" 3340
"../../Plugins/2D/Paper2D/Content/PlaceholderTextures/DummySpriteTexture.uasset" 3341
"/Paper2D/OpaqueUnlitSpriteMaterial" 3342
"../../Plugins/2D/Paper2D/Content/OpaqueUnlitSpriteMaterial.uasset" 3343
"/Paper2D/DefaultPaperTerrainMaterial" 3344
"../../Plugins/2D/Paper2D/Content/DefaultPaperTerrainMaterial.uasset" 3345
"../../Plugins/2D/Paper2D/Content/DummySprite.uasset" 3346
"/ControlRig/Controls/ControlRigXRayMaterial" 3347
"../../Plugins/Animation/ControlRig/Content/Controls/ControlRigXRayMaterial.uasset" 3348
"/ControlRig/Controls/DefaultGizmoLibraryNormalized" 3349
"../../Plugins/Animation/ControlRig/Content/Controls/DefaultGizmoLibraryNormalized.uasset" 3350
"/ControlRig/M_Manip" 3351
"../../Plugins/Animation/ControlRig/Content/M_Manip.uasset" 3352
"../../../Engine/Content/Functions/Engine_MaterialFunctions02/WorldPositionOffset/CameraOffset.uasset" 3353
"/AudioWidgets/Resources/ScrubHandleDown_Clamped" 3354
"../../Plugins/Runtime/AudioWidgets/Content/Resources/ScrubHandleDown_Clamped.uasset" 3355
"../../../Engine/Intermediate/ProjectFiles/PrimaryProjectPath.txt" 3356
"/SpeedTreeImporter/SpeedTree9/SpeedTreeMaster" 3357
"../../Plugins/Editor/SpeedTreeImporter/Content/SpeedTree9/SpeedTreeMaster.uasset" 3358
"../../../Engine/Content/Functions/Engine_MaterialFunctions02/ObjectLocalBounds.uasset" 3359
"../../../Engine/Content/Functions/Engine_MaterialFunctions02/SafeNormalize.uasset" 3360
"../../../Engine/Content/Functions/Engine_MaterialFunctions02/Utility/VectorLength.uasset" 3361
"../../../Engine/Content/Functions/Engine_MaterialFunctions02/UVs/BoundingBoxBased_0-1_UVW.uasset" 3362
"../../../Engine/Content/Functions/Engine_MaterialFunctions02/WorldPositionOffset/ObjectScale.uasset" 3363
"../../Plugins/Editor/SpeedTreeImporter/Content/SpeedTree9/SpeedTreeBranchMotion.uasset" 3364
"../../Plugins/Editor/SpeedTreeImporter/Content/SpeedTree9/SpeedTreeCameraFacing.uasset" 3365
"../../Plugins/Editor/SpeedTreeImporter/Content/SpeedTree9/SpeedTreeWind.uasset" 3366
"../../Plugins/Editor/SpeedTreeImporter/Content/SpeedTree9/SpeedTreeWindMotion.uasset" 3367
"../../Plugins/Editor/SpeedTreeImporter/Content/SpeedTree9/UnpackDirection.uasset" 3368
"../../Plugins/Editor/SpeedTreeImporter/Content/SpeedTree9/UnpackInteger3.uasset" 3369
"../../Plugins/Editor/SpeedTreeImporter/Content/SpeedTree9/Empty.uasset" 3370
"../../Plugins/Editor/SpeedTreeImporter/Content/SpeedTree9/EmptyNormal.uasset" 3371
"../../Plugins/Editor/SpeedTreeImporter/Content/SpeedTree9/game_wind_noise.uasset" 3372
"/SpeedTreeImporter/SpeedTree9/SpeedTreeBillboardMaster" 3373
"../../Plugins/Editor/SpeedTreeImporter/Content/SpeedTree9/SpeedTreeBillboardMaster.uasset" 3374
"../../Plugins/Editor/SpeedTreeImporter/Content/SpeedTree9/SpeedTreeBillboard.uasset" 3375
"/Landmass/Landscape/BlueprintBrushes/Materials/Internal/BrushBounds" 3376
"../../Plugins/Experimental/Landmass/Content/Landscape/BlueprintBrushes/Materials/Internal/BrushBounds.uasset" 3377
"../../../Engine/Content/EditorMaterials/TilingAAGrid.uasset" 3378
"../../../Engine/Content/EditorMaterials/TilingAALineBoxFiltered.uasset" 3379
"../../../Engine/Content/EditorMaterials/TilingAALineIntegral.uasset" 3380
"../../../Engine/Content/Functions/Engine_MaterialFunctions01/ImageAdjustment/SCurve.uasset" 3381
"../../../Engine/Content/Functions/Engine_MaterialFunctions02/WorldPositionOffset/V2/ObjectScale.uasset" 3382
"../../../Engine/Content/Functions/Engine_MaterialFunctions03/Blends/Blend_Screen.uasset" 3383
"../../../Engine/Content/Functions/Engine_MaterialFunctions03/Procedurals/ComputeFilterWidth.uasset" 3384
"../../Plugins/Experimental/Landmass/Content/Landscape/BlueprintBrushes/Materials/BrushMaterials/BasicFunctions/LandmassBrush_ShapeMask.uasset" 3385
"../../Plugins/Experimental/Landmass/Content/Landscape/BlueprintBrushes/MF/Landmass_BrushTilt.uasset" 3386
"../../Plugins/Experimental/Landmass/Content/Landscape/BlueprintBrushes/MF/LandmassBrush_EdgeFalloff.uasset" 3387
"../../Plugins/Experimental/Landmass/Content/Landscape/BlueprintBrushes/MF/LandmassBrush_Noise.uasset" 3388
"../../Plugins/Experimental/Landmass/Content/Landscape/BlueprintBrushes/MF/LandmassBrush_UVs.uasset" 3389
"../../Plugins/Experimental/Landmass/Content/Landscape/BlueprintBrushes/MF/PointSampleLandscapeUVs.uasset" 3390
"../../Plugins/Experimental/Landmass/Content/Landscape/OldPrototype_BP/Mats/MF/UnpackRG8Height.uasset" 3391
"../../Plugins/Experimental/Landmass/Content/Landscape/BlueprintBrushes/MPC/MPC_Landscape.uasset" 3392
"../../../Engine/Content/ArtTools/RenderToTexture/Textures/T_EV_BlankWhite_01.uasset" 3393
"../../../Engine/Content/EngineMaterials/BlendFunc_DefBase.uasset" 3394
"../../../Engine/Content/EngineMaterials/BlendFunc_DefBlend.uasset" 3395
"../../../Engine/Content/EngineResources/Black_Low.uasset" 3396
"/Landmass/Landscape/Meshes/S_SpritePlane" 3397
"../../Plugins/Experimental/Landmass/Content/Landscape/Meshes/S_SpritePlane.uasset" 3398
"/Landmass/Landscape/BlueprintBrushes/Materials/Sprite/M_BrushSprite_01" 3399
"../../Plugins/Experimental/Landmass/Content/Landscape/BlueprintBrushes/Materials/Sprite/M_BrushSprite_01.uasset" 3400
"../../../Engine/Content/Functions/Engine_MaterialFunctions02/WorldPositionOffset/ComponentPivotLocation.uasset" 3401
"../../../Engine/Content/Functions/Engine_MaterialFunctions02/WorldPositionOffset/Sprite.uasset" 3402
"../../../Engine/Content/EditorResources/S_Terrain.uasset" 3403
"/MediaPlate/SM_MediaPlateScreen" 3404
"../../Plugins/Media/MediaPlate/Content/SM_MediaPlateScreen.uasset" 3405
"/Engine/BasicShapes/BasicShapeMaterial" 3406
"../../../Engine/Content/BasicShapes/BasicShapeMaterial.uasset" 3407
"/Engine/EditorMaterials/Dataflow/DataflowVertexMaterial" 3408
"../../../Engine/Content/EditorMaterials/Dataflow/DataflowVertexMaterial.uasset" 3409
"/Engine/EditorMaterials/Dataflow/DataflowTwoSidedVertexMaterial" 3410
"../../../Engine/Content/EditorMaterials/Dataflow/DataflowTwoSidedVertexMaterial.uasset" 3411
"/Engine/EditorLandscapeResources/LayerVisMaterial" 3412
"../../../Engine/Content/EditorLandscapeResources/LayerVisMaterial.uasset" 3413
"../../../Engine/Content/EditorLandscapeResources/WhiteSquareTexture.uasset" 3414
"/Engine/EditorLandscapeResources/SelectBrushMaterial_Selected" 3415
"../../../Engine/Content/EditorLandscapeResources/SelectBrushMaterial_Selected.uasset" 3416
"../../../Engine/Content/EditorLandscapeResources/SelectBrushMaterial.uasset" 3417
"../../../Engine/Content/Functions/Engine_MaterialFunctions03/Math/WithinRangeFloat2.uasset" 3418
"../../../Engine/Content/EditorLandscapeResources/DefaultAlphaTexture.uasset" 3419
"/Engine/EditorLandscapeResources/SelectBrushMaterial_SelectedRegion" 3420
"../../../Engine/Content/EditorLandscapeResources/SelectBrushMaterial_SelectedRegion.uasset" 3421
"/Engine/EditorLandscapeResources/MaskBrushMaterial_MaskedRegion" 3422
"../../../Engine/Content/EditorLandscapeResources/MaskBrushMaterial_MaskedRegion.uasset" 3423
"../../../Engine/Content/EditorLandscapeResources/MaskBrushMaterial.uasset" 3424
"/Engine/EditorLandscapeResources/ColorMaskBrushMaterial_MaskedRegion" 3425
"../../../Engine/Content/EditorLandscapeResources/ColorMaskBrushMaterial_MaskedRegion.uasset" 3426
"../../../Engine/Content/EditorLandscapeResources/ColorMaskBrushMaterial.uasset" 3427
"/Engine/EditorLandscapeResources/LandscapeDirtyMaterial" 3428
"../../../Engine/Content/EditorLandscapeResources/LandscapeDirtyMaterial.uasset" 3429
"/Engine/EditorLandscapeResources/LandscapeLayerUsageMaterial" 3430
"../../../Engine/Content/EditorLandscapeResources/LandscapeLayerUsageMaterial.uasset" 3431
"../../../Engine/Content/Functions/Engine_MaterialFunctions01/Debug/DebugIntValues.uasset" 3432
"../../../Engine/Content/Functions/Engine_MaterialFunctions01/Texturing/ScaleUVsByCenter.uasset" 3433
"../../../Engine/Content/Functions/Engine_MaterialFunctions02/WorldPositionOffset/LocalPosition.uasset" 3434
"../../../Engine/Content/Functions/Engine_MaterialFunctions01/Texturing/TextureCropping.uasset" 3435
"../../../Engine/Content/Functions/Engine_MaterialFunctions02/ExampleContent/DebugNumberStrip.uasset" 3436
"C:/Users/nicol/AppData/Local/UnrealEngine/Editor/UInteractiveToolsPresetCollectionAsset_DefaultCollection.json" 3437
"/Engine/EngineMaterials/NaniteHiddenSectionMaterial" 3438
"../../../Engine/Content/EngineMaterials/NaniteHiddenSectionMaterial.uasset" 3439
"/Engine/EngineMaterials/RemoveSurfaceMaterial" 3440
"../../../Engine/Content/EngineMaterials/RemoveSurfaceMaterial.uasset" 3441
"/Engine/EngineDebugMaterials/DebugMeshMaterial" 3442
"../../../Engine/Content/EngineDebugMaterials/DebugMeshMaterial.uasset" 3443
"/Engine/EngineMaterials/EmissiveMeshMaterial" 3444
"../../../Engine/Content/EngineMaterials/EmissiveMeshMaterial.uasset" 3445
"../../../Engine/Content/EngineMaterials/DefaultWhiteGrid_Low.uasset" 3446
"/Engine/EngineMaterials/M_InvalidLightmapSettings" 3447
"../../../Engine/Content/EngineMaterials/M_InvalidLightmapSettings.uasset" 3448
"../../../Engine/Content/EngineMaterials/InvalidLightmapSettings.uasset" 3449
"/Engine/EngineMaterials/GizmoMaterial" 3450
"../../../Engine/Content/EngineMaterials/GizmoMaterial.uasset" 3451
"/Engine/EngineMaterials/PhAT_JointLimitMaterial" 3452
"../../../Engine/Content/EngineMaterials/PhAT_JointLimitMaterial.uasset" 3453
"/Engine/EngineMaterials/FlattenMaterial" 3454
"../../../Engine/Content/EngineMaterials/FlattenMaterial.uasset" 3455
"../../../Engine/Content/EngineMaterials/BaseFlattenDiffuseMap.uasset" 3456
"../../../Engine/Content/EngineMaterials/BaseFlattenEmissiveMap.uasset" 3457
"../../../Engine/Content/EngineMaterials/BaseFlattenGrayscaleMap.uasset" 3458
"../../../Engine/Content/EngineMaterials/BaseFlattenLinearColor.uasset" 3459
"../../../Engine/Content/EngineMaterials/BaseFlattenNormalMap.uasset" 3460
"../../../Engine/Content/Functions/Engine_MaterialFunctions02/PivotPainter2/Black_1x1_EXR_Texture.uasset" 3461
"/Engine/EngineMaterials/FlattenMaterial_VT" 3462
"../../../Engine/Content/EngineMaterials/FlattenMaterial_VT.uasset" 3463
"../../../Engine/Content/EngineMaterials/BaseFlattenDiffuseMap_VT.uasset" 3464
"../../../Engine/Content/EngineMaterials/BaseFlattenEmissiveMap_VT.uasset" 3465
"../../../Engine/Content/EngineMaterials/BaseFlattenGrayscaleMap_VT.uasset" 3466
"../../../Engine/Content/EngineMaterials/BaseFlattenLinearColor_VT.uasset" 3467
"../../../Engine/Content/EngineMaterials/BaseFlattenNormalMap_VT.uasset" 3468
"../../../Engine/Content/EngineMaterials/Black_1x1_EXR_Texture_VT.uasset" 3469
"/Engine/EngineMaterials/FlattenMaterial_WS_Normal_VT" 3470
"../../../Engine/Content/EngineMaterials/FlattenMaterial_WS_Normal_VT.uasset" 3471
"/Engine/EngineMaterials/Good64x64TilingNoiseHighFreq" 3472
"../../../Engine/Content/EngineMaterials/Good64x64TilingNoiseHighFreq.uasset" 3473
"/Engine/EngineMaterials/DefaultBokeh" 3474
"../../../Engine/Content/EngineMaterials/DefaultBokeh.uasset" 3475
"/Engine/EngineMaterials/MiniFont" 3476
"../../../Engine/Content/EngineMaterials/MiniFont.uasset" 3477
"/Engine/EngineMaterials/WeightMapPlaceholderTexture" 3478
"../../../Engine/Content/EngineMaterials/WeightMapPlaceholderTexture.uasset" 3479
"/Engine/EngineMaterials/WeightMapArrayPlaceholderTexture" 3480
"../../../Engine/Content/EngineMaterials/WeightMapArrayPlaceholderTexture.uasset" 3481
"/Engine/EngineMaterials/DefaultWhiteGrid" 3482
"../../../Engine/Content/EngineMaterials/DefaultWhiteGrid.uasset" 3483
"/Engine/EngineMaterials/PreintegratedSkinBRDF" 3484
"../../../Engine/Content/EngineMaterials/PreintegratedSkinBRDF.uasset" 3485
"/Engine/EngineMaterials/LTC/GGX_LTCAmp" 3486
"../../../Engine/Content/EngineMaterials/LTC/GGX_LTCAmp.uasset" 3487
"/Engine/EngineMaterials/LTC/GGX_LTCMat" 3488
"../../../Engine/Content/EngineMaterials/LTC/GGX_LTCMat.uasset" 3489
"/Engine/EngineMaterials/EnergyConservation/GGX_ReflectionEnergy" 3490
"../../../Engine/Content/EngineMaterials/EnergyConservation/GGX_ReflectionEnergy.uasset" 3491
"/Engine/EngineMaterials/EnergyConservation/GGX_TransmissionEnergyArray" 3492
"../../../Engine/Content/EngineMaterials/EnergyConservation/GGX_TransmissionEnergyArray.uasset" 3493
"/Engine/EngineMaterials/EnergyConservation/SheenLegacy_Energy" 3494
"../../../Engine/Content/EngineMaterials/EnergyConservation/SheenLegacy_Energy.uasset" 3495
"/Engine/EngineMaterials/DefaultPhysicalMaterial" 3496
"../../../Engine/Content/EngineMaterials/DefaultPhysicalMaterial.uasset" 3497
"/Engine/EngineMaterials/DefaultDestructiblePhysicalMaterial" 3498
"../../../Engine/Content/EngineMaterials/DefaultDestructiblePhysicalMaterial.uasset" 3499
"/Water/Materials/MPC/MPC_Water" 3500
"../../Plugins/Experimental/Water/Content/Materials/MPC/MPC_Water.uasset" 3501
"C:/Users/nicol/AppData/Local/UnrealEngine/Editor/ProjectEditorRecords.json" 3502
"/Niagara/ParameterDefinitions/SpriteRenderer" 3503
"../../Plugins/FX/Niagara/Content/ParameterDefinitions/SpriteRenderer.uasset" 3504
"/Niagara/ParameterDefinitions/RibbonRenderer" 3505
"../../Plugins/FX/Niagara/Content/ParameterDefinitions/RibbonRenderer.uasset" 3506
"/Niagara/ParameterDefinitions/MeshRenderer" 3507
"../../Plugins/FX/Niagara/Content/ParameterDefinitions/MeshRenderer.uasset" 3508
"/Niagara/ParameterDefinitions/LightRenderer" 3509
"../../Plugins/FX/Niagara/Content/ParameterDefinitions/LightRenderer.uasset" 3510
"/Niagara/ParameterDefinitions/DecalRenderer" 3511
"../../Plugins/FX/Niagara/Content/ParameterDefinitions/DecalRenderer.uasset" 3512
"/Niagara/ParameterDefinitions/CoreParameters" 3513
"../../Plugins/FX/Niagara/Content/ParameterDefinitions/CoreParameters.uasset" 3514
"/DeformerGraph/Deformers/DG_LinearBlendSkin_Morph_Cloth" 3515
"../../Plugins/Animation/DeformerGraph/Content/Deformers/DG_LinearBlendSkin_Morph_Cloth.uasset" 3516
"../../Plugins/Animation/DeformerGraph/Content/DeformerFunctions/DG_Function_LinearBlendSkin_Morph_Cloth.uasset" 3517
"/DeformerGraph/Deformers/DG_LinearBlendSkin_Morph_Cloth_RecomputeNormals" 3518
"../../Plugins/Animation/DeformerGraph/Content/Deformers/DG_LinearBlendSkin_Morph_Cloth_RecomputeNormals.uasset" 3519
"../../Plugins/Animation/DeformerGraph/Content/DeformerFunctions/DG_Function_ComputeNormalsTangents.uasset" 3520
"../../Plugins/Animation/DeformerGraph/Content/DeformerFunctions/DG_Function_LinearBlendSkin_Morph_Cloth_PositionOnly.uasset" 3521
"/Engine/EngineFonts/DroidSansMono" 3522
"../../../Engine/Content/EngineFonts/DroidSansMono.uasset" 3523
"../../../Engine/Content/EngineFonts/Faces/DroidSansMono.uasset" 3524
"/Engine/BasicShapes/Sphere" 3525
"../../../Engine/Content/BasicShapes/Sphere.uasset" 3526
"../../../Engine/Content/EngineMaterials/DefaultMaterial.uasset" 3527
"/Engine/BasicShapes/Cylinder" 3528
"../../../Engine/Content/BasicShapes/Cylinder.uasset" 3529
"/Engine/BasicShapes/Cone" 3530
"../../../Engine/Content/BasicShapes/Cone.uasset" 3531
"/Engine/BasicShapes/Plane" 3532
"../../../Engine/Content/BasicShapes/Plane.uasset" 3533
"../../../Engine/Documentation/Source/Shared/Types/ABrush/ABrush.INT.udn" 3534
"../../../Engine/Content/Internationalization/icudt64l/brkitr/it.res" 3535
"../../../Engine/Content/Internationalization/icudt64l/brkitr/root.res" 3536
"../../../Engine/Content/Internationalization/icudt64l/brkitr/char.brk" 3537
"../../../Engine/Content/Internationalization/icudt64l/brkitr/word.brk" 3538
"/Water/Curves/FloatCurve" 3539
"../../Plugins/Experimental/Water/Content/Curves/FloatCurve.uasset" 3540
"/Water/Curves/FloatCurve_WaterBodyIsland" 3541
"../../Plugins/Experimental/Water/Content/Curves/FloatCurve_WaterBodyIsland.uasset" 3542
"/Water/Waves/GerstnerWaves_Lake" 3543
"../../Plugins/Experimental/Water/Content/Waves/GerstnerWaves_Lake.uasset" 3544
"/Water/Waves/GerstnerWaves_Ocean" 3545
"../../Plugins/Experimental/Water/Content/Waves/GerstnerWaves_Ocean.uasset" 3546
"/Water/Icons/WaterSprite" 3547
"../../Plugins/Experimental/Water/Content/Icons/WaterSprite.uasset" 3548
"/Water/Icons/WaterErrorSprite" 3549
"../../Plugins/Experimental/Water/Content/Icons/WaterErrorSprite.uasset" 3550
"/Water/Icons/WaterLandscapeBrushSprite" 3551
"../../Plugins/Experimental/Water/Content/Icons/WaterLandscapeBrushSprite.uasset" 3552
"/Engine/EditorResources/SequenceRecorder/Countdown" 3553
"../../../Engine/Content/EditorResources/SequenceRecorder/Countdown.uasset" 3554
"/Engine/EditorResources/SequenceRecorder/RecordingIndicator" 3555
"../../../Engine/Content/EditorResources/SequenceRecorder/RecordingIndicator.uasset" 3556
"/Engine/EditorMaterials/PhAT_UnselectedMaterial" 3557
"../../../Engine/Content/EditorMaterials/PhAT_UnselectedMaterial.uasset" 3558
"/Engine/EditorMaterials/PhAT_NoCollisionMaterial" 3559
"../../../Engine/Content/EditorMaterials/PhAT_NoCollisionMaterial.uasset" 3560
"../../../Engine/Plugins/FX/Niagara/Shaders/Private/NiagaraDataInterfaceTexture2DArrayTemplate.ush" 3561
"../../../Engine/Plugins/FX/Niagara/Shaders/Private/NiagaraDataInterfaceActorComponentTemplate.ush" 3562
"../../../Engine/Plugins/FX/Niagara/Shaders/Private/NiagaraDataInterfaceArrayTemplate.ush" 3563
"../../../Engine/Plugins/FX/Niagara/Shaders/Private/NiagaraDataInterfaceArrayRWTemplate.ush" 3564
"../../../Engine/Plugins/FX/Niagara/Shaders/Private/NiagaraDataInterfaceAsyncGpuTrace.ush" 3565
"../../../Engine/Plugins/FX/Niagara/Shaders/Private/NiagaraDataInterfaceAsyncGpuTraceTemplate.ush" 3566
"../../../Engine/Plugins/FX/Niagara/Shaders/Private/NiagaraDataInterfaceCamera.ush" 3567
"../../../Engine/Plugins/Experimental/ChaosNiagara/Shaders/NiagaraDataInterfaceChaosDestruction.ush" 3568
"../../../Engine/Plugins/FX/Niagara/Shaders/Private/NiagaraDataInterfaceCollisionQuery.ush" 3569
"../../../Engine/Plugins/FX/Niagara/Shaders/Private/NiagaraDataInterfaceCollisionQueryTemplate.ush" 3570
"../../../Engine/Plugins/FX/Niagara/Shaders/Private/NiagaraDataInterfaceCurveTemplate.ush" 3571
"../../../Engine/Plugins/FX/Niagara/Shaders/Private/NiagaraDataInterfaceCubeTextureTemplate.ush" 3572
"../../../Engine/Plugins/FX/Niagara/Shaders/Private/DataChannel/NiagaraDataInterfaceDataChannelCommon.ush" 3573
"../../../Engine/Plugins/FX/Niagara/Shaders/Private/DataChannel/NiagaraDataInterfaceDataChannelTemplateCommon.ush" 3574
"../../../Engine/Plugins/FX/Niagara/Shaders/Private/DataChannel/NiagaraDataInterfaceDataChannelTemplateReadCommon.ush" 3575
"../../../Engine/Plugins/FX/Niagara/Shaders/Private/DataChannel/NiagaraDataInterfaceDataChannelTemplate_Read.ush" 3576
"../../../Engine/Plugins/FX/Niagara/Shaders/Private/DataChannel/NiagaraDataInterfaceDataChannelTemplate_Consume.ush" 3577
"../../../Engine/Plugins/FX/Niagara/Shaders/Private/DataChannel/NiagaraDataInterfaceDataChannelTemplateWriteCommon.ush" 3578
"../../../Engine/Plugins/FX/Niagara/Shaders/Private/DataChannel/NiagaraDataInterfaceDataChannelTemplate_Append.ush" 3579
"../../../Engine/Plugins/FX/Niagara/Shaders/Private/NiagaraDataInterfaceDataTableTemplate.ush" 3580
"../../../Engine/Plugins/FX/Niagara/Shaders/Private/NiagaraDataInterfaceDebugDraw.ush" 3581
"../../../Engine/Plugins/FX/Niagara/Shaders/Private/NiagaraDataInterfaceDebugDrawTemplate.ush" 3582
"../../../Engine/Plugins/FX/Niagara/Shaders/Private/NiagaraDataInterfaceDynamicMeshTemplate.ush" 3583
"../../../Engine/Plugins/FX/Niagara/Shaders/Private/NiagaraDataInterfaceEmitterPropertiesTemplate.ush" 3584
"../../../Engine/Plugins/FX/Niagara/Shaders/Private/NiagaraDataInterfaceExportTemplate.ush" 3585
"../../../Engine/Plugins/FX/Niagara/Shaders/Private/NiagaraDataInterfaceGBufferTemplate.ush" 3586
"../../../Engine/Plugins/Experimental/ChaosNiagara/Shaders/NiagaraDataInterfaceGeometryCollection.ush" 3587
"../../../Engine/Plugins/FX/Niagara/Shaders/Private/NiagaraTransformUtils.ush" 3588
"../../../Engine/Plugins/Runtime/HairStrands/Shaders/Private/NiagaraStrandsExternalForce.ush" 3589
"../../../Engine/Plugins/Runtime/HairStrands/Shaders/Private/NiagaraHookeSpringMaterial.ush" 3590
"../../../Engine/Plugins/Runtime/HairStrands/Shaders/Private/NiagaraAngularSpringMaterial.ush" 3591
"../../../Engine/Plugins/Runtime/HairStrands/Shaders/Private/NiagaraConstantVolumeMaterial.ush" 3592
"../../../Engine/Plugins/Runtime/HairStrands/Shaders/Private/NiagaraCosseratRodMaterial.ush" 3593
"../../../Engine/Plugins/Runtime/HairStrands/Shaders/Private/NiagaraStaticCollisionConstraint.ush" 3594
"../../../Engine/Plugins/Runtime/HairStrands/Shaders/Private/NiagaraDataInterfaceHairStrands.ush" 3595
"../../../Engine/Plugins/Runtime/HairStrands/Shaders/Private/NiagaraDataInterfaceHairStrandsTemplate.ush" 3596
"../../../Engine/Plugins/FX/Niagara/Shaders/Private/NiagaraDataInterfaceIntRenderTarget2D.ush" 3597
"../../../Engine/Plugins/FX/Niagara/Shaders/Private/NiagaraDataInterfaceLandscape.ush" 3598
"../../../Engine/Plugins/FX/Niagara/Shaders/Private/NiagaraDataInterfaceMemoryBufferTemplate.ush" 3599
"../../../Engine/Plugins/FX/Niagara/Shaders/Private/NiagaraDataInterfaceMeshRendererInfoTemplate.ush" 3600
"../../../Engine/Plugins/FX/Niagara/Shaders/Private/NiagaraDataInterfaceOcclusion.ush" 3601
"../../../Engine/Plugins/FX/Niagara/Shaders/Private/NiagaraDataInterfacePhysicsAsset.ush" 3602
"../../../Engine/Plugins/Experimental/ChaosNiagara/Shaders/NiagaraDataInterfacePhysicsField.ush" 3603
"../../../Engine/Plugins/FX/Niagara/Shaders/Private/NiagaraDataInterfacePlatformSetTemplate.ush" 3604
"../../../Engine/Plugins/Runtime/HairStrands/Shaders/Private/NiagaraDataInterfaceVelocityGrid.ush" 3605
"../../../Engine/Plugins/Runtime/HairStrands/Shaders/Private/NiagaraDataInterfaceVelocityGridTemplate.ush" 3606
"../../../Engine/Plugins/Runtime/HairStrands/Shaders/Private/NiagaraDataInterfacePressureGrid.ush" 3607
"../../../Engine/Plugins/Runtime/HairStrands/Shaders/Private/NiagaraDataInterfacePressureGridTemplate.ush" 3608
"../../../Engine/Plugins/FX/Niagara/Shaders/Private/NiagaraDataInterfaceRenderTarget2DTemplate.ush" 3609
"../../../Engine/Plugins/FX/Niagara/Shaders/Private/NiagaraDataInterfaceRenderTarget2DArrayTemplate.ush" 3610
"../../../Engine/Plugins/FX/Niagara/Shaders/Private/NiagaraDataInterfaceRenderTargetCubeTemplate.ush" 3611
"../../../Engine/Plugins/FX/Niagara/Shaders/Private/NiagaraDataInterfaceRenderTargetVolumeTemplate.ush" 3612
"../../../Engine/Plugins/FX/Niagara/Shaders/Private/NiagaraDataInterfaceRigidMeshCollisionQuery.ush" 3613
"../../../Engine/Plugins/FX/Niagara/Shaders/Private/NiagaraDistanceFieldQueries.ush" 3614
"../../../Engine/Plugins/FX/Niagara/Shaders/Private/NiagaraDataInterfaceSceneCapture2DTemplate.ush" 3615
"../../../Engine/Plugins/FX/Niagara/Shaders/Private/NiagaraDataInterfaceSimCacheReaderTemplate.ush" 3616
"../../../Engine/Plugins/FX/Niagara/Shaders/Private/NiagaraDataInterfaceSimpleCounterTemplate.ush" 3617
"../../../Engine/Plugins/FX/Niagara/Shaders/Private/NiagaraDataInterfaceSkeletalMesh.ush" 3618
"../../../Engine/Plugins/FX/Niagara/Shaders/Private/NiagaraBaryCentricUtils.ush" 3619
"../../../Engine/Plugins/FX/Niagara/Shaders/Private/NiagaraDataInterfaceSkeletalMeshTemplate.ush" 3620
"../../../Engine/Plugins/FX/Niagara/Shaders/Private/NiagaraDataInterfaceSocketReaderTemplate.ush" 3621
"../../../Engine/Plugins/FX/Niagara/Shaders/Private/NiagaraDataInterfaceSparseVolumeTextureTemplate.ush" 3622
"../../../Engine/Plugins/FX/Niagara/Shaders/Private/NiagaraDataInterfaceSplineTemplate.ush" 3623
"../../../Engine/Plugins/FX/Niagara/Shaders/Private/NiagaraDataInterfaceSpriteRendererInfoTemplate.ush" 3624
"../../../Engine/Plugins/FX/Niagara/Shaders/Private/NiagaraDataInterfaceStaticMeshTemplate.ush" 3625
"../../../Engine/Plugins/FX/Niagara/Shaders/Private/NiagaraDataInterfaceTextureTemplate.ush" 3626
"../../../Engine/Plugins/FX/Niagara/Shaders/Private/NiagaraDataInterfaceVirtualTexture.ush" 3627
"../../../Engine/Plugins/FX/Niagara/Shaders/Private/NiagaraDataInterfaceVirtualTextureTemplate.ush" 3628
"../../../Engine/Plugins/FX/Niagara/Shaders/Private/NiagaraDataInterfaceVolumeCache.ush" 3629
"../../../Engine/Plugins/FX/Niagara/Shaders/Private/NiagaraDataInterfaceVolumeTextureTemplate.ush" 3630
"D:/ProgrammazioneAvanzata/ImpetusFirstLevel/Binaries/Win64/UnrealEditor-ImpetusFirstLevel.dll" 3631
"D:/ProgrammazioneAvanzata/ImpetusFirstLevel/Intermediate/ShaderAutogen/PCD3D_SM5/AutogenShaderHeaders.ush" 3632
"D:/ProgrammazioneAvanzata/ImpetusFirstLevel/Content/Fab/Stylized_Tree_Pack/Materials/Master_Materials/M_Bark.uasset" 3633
"../../../Engine/Content/Functions/Engine_MaterialFunctions01/AlphaBlend/WorldAlignedBlend.uasset" 3634
"D:/ProgrammazioneAvanzata/ImpetusFirstLevel/Content/Fab/Stylized_Tree_Pack/Textures/T_WhiteBlack_Gradient.uasset" 3635
"D:/ProgrammazioneAvanzata/ImpetusFirstLevel/Content/Fab/Stylized_Tree_Pack/Materials/Material_Instances/Bark/MI_Bark_02.uasset" 3636
"D:/ProgrammazioneAvanzata/ImpetusFirstLevel/Content/Fab/Stylized_Tree_Pack/Textures/T_Snow_Normal.uasset" 3637
"D:/ProgrammazioneAvanzata/ImpetusFirstLevel/Content/Fab/Stylized_Tree_Pack/Wind/MP_Wind.uasset" 3638
"D:/ProgrammazioneAvanzata/ImpetusFirstLevel/Content/Fab/Stylized_Tree_Pack/Textures/Stylized_Bark_Texture/T_Stylized_Bark_1_NORM.uasset" 3639
"D:/ProgrammazioneAvanzata/ImpetusFirstLevel/Content/Fab/Stylized_Tree_Pack/Textures/Stylized_Bark_Texture/T_Stylized_Bark_1_COLOR.uasset" 3640
"D:/ProgrammazioneAvanzata/ImpetusFirstLevel/Content/Fab/Stylized_Tree_Pack/Materials/Master_Materials/M_Leaf.uasset" 3641
"D:/ProgrammazioneAvanzata/ImpetusFirstLevel/Content/Fab/Stylized_Tree_Pack/Textures/T_Moss_Normal.uasset" 3642
"/Game/Fab/Stylized_Tree_Pack/Textures/T_WhiteBlack_Gradient" 3643
"D:/ProgrammazioneAvanzata/ImpetusFirstLevel/Content/Fab/Stylized_Tree_Pack/Materials/Material_Instances/Oak/MI_Leaf_Oak_05.uasset" 3644
"../../../Engine/Content/Functions/Engine_MaterialFunctions01/WorldPositionOffset/SimpleGrassWind.uasset" 3645
"D:/ProgrammazioneAvanzata/ImpetusFirstLevel/Content/Fab/Pine_Tree__218poly_/pine_tree_218poly/Textures/pine_tree_218poly_texture_0.uasset" 3646
"D:/ProgrammazioneAvanzata/ImpetusFirstLevel/Content/Fab/Pine_Tree__218poly_/pine_tree_218poly/Textures/pine_tree_218poly_texture_1.uasset" 3647
"D:/ProgrammazioneAvanzata/ImpetusFirstLevel/Content/Fab/Pine_Tree__218poly_/pine_tree_218poly/Materials/Trunk.uasset" 3648
"D:/ProgrammazioneAvanzata/ImpetusFirstLevel/Content/Fab/Pine_Tree__218poly_/pine_tree_218poly/Materials/Branch.uasset" 3649
"D:/ProgrammazioneAvanzata/ImpetusFirstLevel/Content/Fab/Pine_Tree__218poly_/pine_tree_218poly/StaticMeshes/pine_tree_218poly.uasset" 3650
"D:/ProgrammazioneAvanzata/ImpetusFirstLevel/Content/Fab/Medieval_Env/Props/Meshes/SM_WoodenShade_d.uasset" 3651
"D:/ProgrammazioneAvanzata/ImpetusFirstLevel/Content/Fab/Stylized_Tree_Pack/Textures/Leaf_Textures/T_Leaf_Texture_Willow.uasset" 3652
"D:/ProgrammazioneAvanzata/ImpetusFirstLevel/Content/Fab/Medieval_Env/Props/Meshes/SM_WoodenRailing_a.uasset" 3653
"D:/ProgrammazioneAvanzata/ImpetusFirstLevel/Content/Fab/Medieval_Env/Props/Materials/MI_RotationWood.uasset" 3654
"D:/ProgrammazioneAvanzata/ImpetusFirstLevel/Content/Fab/Medieval_Env/Props/Meshes/SM_WoodenRailing_d.uasset" 3655
"../../../Engine/Content/Functions/Engine_MaterialFunctions01/Vectors/RotateVector.uasset" 3656
"D:/ProgrammazioneAvanzata/ImpetusFirstLevel/Content/Fab/Medieval_Env/Props/Materials/M_Master_Rotation.uasset" 3657
"../../../Engine/Content/Functions/Engine_MaterialFunctions02/WorldPositionOffset/ObjectPivotPoint.uasset" 3658
"D:/ProgrammazioneAvanzata/ImpetusFirstLevel/Content/Fab/Medieval_Env/Props/Meshes/SM_Windmill_Fan.uasset" 3659
"D:/ProgrammazioneAvanzata/ImpetusFirstLevel/Content/Fab/Medieval_Env/Props/Textures/T_Props_b_BC.uasset" 3660
"D:/ProgrammazioneAvanzata/ImpetusFirstLevel/Content/Fab/Medieval_Env/Props/Textures/T_Props_b_N_AO_R.uasset" 3661
"D:/ProgrammazioneAvanzata/ImpetusFirstLevel/Content/Fab/Medieval_Env/Props/Materials/MI_Props_b.uasset" 3662
"D:/ProgrammazioneAvanzata/ImpetusFirstLevel/Content/Fab/Stylized_Tree_Pack/Textures/Leaf_Textures/T_Leaf_Texture_Oak.uasset" 3663
"D:/ProgrammazioneAvanzata/ImpetusFirstLevel/Content/Fab/Stylized_Tree_Pack/Meshes/Oak/SM_Stylized_Tree_Oak_02.uasset" 3664
"D:/ProgrammazioneAvanzata/ImpetusFirstLevel/Content/Fab/Medieval_Env/Props/Meshes/SM_Pot_a.uasset" 3665
"D:/ProgrammazioneAvanzata/ImpetusFirstLevel/Content/Fab/Medieval_Env/Props/Meshes/SM_Flag_a.uasset" 3666
"/Game/Fab/Stylized_Tree_Pack/Textures/Stylized_Bark_Texture/T_Stylized_Bark_1_COLOR" 3667
"/Game/Fab/Stylized_Tree_Pack/Textures/Stylized_Bark_Texture/T_Stylized_Bark_1_NORM" 3668
"/Game/Fab/Stylized_Tree_Pack/Textures/T_Moss_Normal" 3669
"/Game/Fab/Stylized_Tree_Pack/Textures/T_Snow_Normal" 3670
"/Engine/Functions/Engine_MaterialFunctions01/AlphaBlend/WorldAlignedBlend" 3671
"/Game/Fab/Stylized_Tree_Pack/Materials/Master_Materials/M_Bark" 3672
"../../../Engine/Content/Functions/Engine_MaterialFunctions02/Texturing/ScreenAlignedPixelToPixelUVs.uasset" 3673
"../../../Engine/Content/Functions/Engine_MaterialFunctions02/Utility/DitherTemporalAA.uasset" 3674
"/Game/Fab/Stylized_Tree_Pack/Materials/Material_Instances/Bark/MI_Bark_02" 3675
"/Game/Fab/Stylized_Tree_Pack/Textures/Leaf_Textures/T_Leaf_Texture_Willow" 3676
"/Engine/Functions/Engine_MaterialFunctions01/WorldPositionOffset/SimpleGrassWind" 3677
"/Game/Fab/Stylized_Tree_Pack/Materials/Master_Materials/M_Leaf" 3678
"/Game/Fab/Stylized_Tree_Pack/Textures/Leaf_Textures/T_Leaf_Texture_Oak" 3679
"/Game/Fab/Stylized_Tree_Pack/Materials/Material_Instances/Oak/MI_Leaf_Oak_05" 3680
"/Game/Fab/Stylized_Tree_Pack/Meshes/Oak/SM_Stylized_Tree_Oak_02" 3681
"/Game/Fab/Pine_Tree__218poly_/pine_tree_218poly/Textures/pine_tree_218poly_texture_1" 3682
"/Game/Fab/Pine_Tree__218poly_/pine_tree_218poly/Materials/Branch" 3683
"../../Plugins/Interchange/Assets/Content/gltf/MaterialInstances/MI_Default_Blend_DS.uasset" 3684
"../../Plugins/Interchange/Assets/Content/gltf/M_Default.uasset" 3685
"../../Plugins/Interchange/Assets/Content/Functions/MF_IridescenceNoLUT.uasset" 3686
"../../Plugins/Interchange/Assets/Content/gltf/MaterialBodies/MF_Default_Body.uasset" 3687
"../../Plugins/Interchange/Assets/Content/gltf/MaterialFunctions/MF_BaseColor.uasset" 3688
"../../Plugins/Interchange/Assets/Content/gltf/MaterialFunctions/MF_Emissive.uasset" 3689
"../../Plugins/Interchange/Assets/Content/gltf/MaterialFunctions/MF_IOR.uasset" 3690
"../../Plugins/Interchange/Assets/Content/gltf/MaterialFunctions/MF_Iridescence.uasset" 3691
"../../Plugins/Interchange/Assets/Content/gltf/MaterialFunctions/MF_MetallicRoughness.uasset" 3692
"../../Plugins/Interchange/Assets/Content/gltf/MaterialFunctions/MF_Normals.uasset" 3693
"../../Plugins/Interchange/Assets/Content/gltf/MaterialFunctions/MF_Occlusion.uasset" 3694
"../../Plugins/Interchange/Assets/Content/gltf/MaterialFunctions/MF_RotateNormals_TS.uasset" 3695
"../../Plugins/Interchange/Assets/Content/gltf/MaterialFunctions/MF_RotateV2.uasset" 3696
"../../Plugins/Interchange/Assets/Content/gltf/MaterialFunctions/MF_ScaleNormal.uasset" 3697
"../../Plugins/Interchange/Assets/Content/gltf/MaterialFunctions/MF_Specular.uasset" 3698
"../../Plugins/Interchange/Assets/Content/gltf/MaterialFunctions/MF_SpecularAnisotropy.uasset" 3699
"../../Plugins/Interchange/Assets/Content/gltf/MaterialFunctions/MF_TransformUVs.uasset" 3700
"../../Plugins/Interchange/Assets/Content/gltf/Textures/T_Anisotropy_Direction_Linear.uasset" 3701
"../../Plugins/Interchange/Assets/Content/gltf/Textures/T_Generic_N.uasset" 3702
"../../Plugins/Interchange/Assets/Content/gltf/Textures/T_White_Linear.uasset" 3703
"../../Plugins/Interchange/Assets/Content/gltf/Textures/T_White_srgb.uasset" 3704
"/Game/Fab/Pine_Tree__218poly_/pine_tree_218poly/Textures/pine_tree_218poly_texture_0" 3705
"/Game/Fab/Pine_Tree__218poly_/pine_tree_218poly/Materials/Trunk" 3706
"../../Plugins/Interchange/Assets/Content/gltf/MaterialInstances/MI_Default_Opaque_DS.uasset" 3707
"/Game/Fab/Pine_Tree__218poly_/pine_tree_218poly/StaticMeshes/pine_tree_218poly" 3708
"/Game/Fab/Medieval_Env/Props/Meshes/SM_WoodenShade_d" 3709
"../../../../ProgrammazioneAvanzata/ImpetusFirstLevel/Content/Fab/Medieval_Env/Buildings/Materials/MI_Tatch.uasset" 3710
"../../../../ProgrammazioneAvanzata/ImpetusFirstLevel/Content/Fab/Medieval_Env/Buildings/Materials/MI_TatchTileable.uasset" 3711
"../../../../ProgrammazioneAvanzata/ImpetusFirstLevel/Content/Fab/Medieval_Env/Props/Materials/MI_WoodenTrim_a.uasset" 3712
"../../../../ProgrammazioneAvanzata/ImpetusFirstLevel/Content/Fab/Medieval_Env/Buildings/Materials/M_Master_Wall.uasset" 3713
"../../../../ProgrammazioneAvanzata/ImpetusFirstLevel/Content/Fab/Medieval_Env/Buildings/Textures/T_PlasterWall_BC_O.uasset" 3714
"../../../../ProgrammazioneAvanzata/ImpetusFirstLevel/Content/Fab/Medieval_Env/Buildings/Textures/T_TatchRoof_BC_O.uasset" 3715
"../../../../ProgrammazioneAvanzata/ImpetusFirstLevel/Content/Fab/Medieval_Env/Buildings/Textures/T_TatchRoof_N_AO_R.uasset" 3716
"../../../../ProgrammazioneAvanzata/ImpetusFirstLevel/Content/Fab/Medieval_Env/Buildings/Textures/T_TatchTileable_BC_O.uasset" 3717
"../../../../ProgrammazioneAvanzata/ImpetusFirstLevel/Content/Fab/Medieval_Env/Buildings/Textures/T_TatchTileable_N_AO_R.uasset" 3718
"../../../../ProgrammazioneAvanzata/ImpetusFirstLevel/Content/Fab/Medieval_Env/Props/Materials/M_Master_Props.uasset" 3719
"../../../../ProgrammazioneAvanzata/ImpetusFirstLevel/Content/Fab/Medieval_Env/Props/Textures/T_WoodenTrim_a_BC.uasset" 3720
"../../../../ProgrammazioneAvanzata/ImpetusFirstLevel/Content/Fab/Medieval_Env/Props/Textures/T_WoodenTrim_a_N_AO_R.uasset" 3721
"../../../Engine/Content/Functions/Engine_MaterialFunctions01/Gradient/LinearGradient.uasset" 3722
"../../../Engine/Content/Functions/Engine_MaterialFunctions01/ImageAdjustment/CheapContrast.uasset" 3723
"../../../Engine/Content/Functions/Engine_MaterialFunctions01/Texturing/WorldAlignedTexture.uasset" 3724
"../../../Engine/Content/Functions/Engine_MaterialFunctions02/Texturing/HeightLerp.uasset" 3725
"../../../../ProgrammazioneAvanzata/ImpetusFirstLevel/Content/Fab/Medieval_Env/MaterialFunctions/MF_NormalStrength.uasset" 3726
"../../../../ProgrammazioneAvanzata/ImpetusFirstLevel/Content/Fab/Medieval_Env/MaterialFunctions/MF_ReconstructZ.uasset" 3727
"../../../../ProgrammazioneAvanzata/ImpetusFirstLevel/Content/Fab/Medieval_Env/Buildings/Textures/T_MaskTexture_RGB.uasset" 3728
"../../../../ProgrammazioneAvanzata/ImpetusFirstLevel/Content/Fab/Medieval_Env/Buildings/Textures/T_PlasterWall_N_AO_R.uasset" 3729
"../../../../ProgrammazioneAvanzata/ImpetusFirstLevel/Content/Fab/Medieval_Env/Buildings/Textures/T_StoneTileable_BC_O.uasset" 3730
"../../../../ProgrammazioneAvanzata/ImpetusFirstLevel/Content/Fab/Medieval_Env/Buildings/Textures/T_StoneTileable_N_AO_R.uasset" 3731
"../../../../ProgrammazioneAvanzata/ImpetusFirstLevel/Content/Fab/Medieval_Env/MaterialFunctions/MF_Leakage_Props.uasset" 3732
"../../../../ProgrammazioneAvanzata/ImpetusFirstLevel/Content/Fab/Medieval_Env/Nature/Cliffs_Rocks/Textures/T_Leakage_BC.uasset" 3733
"../../../../ProgrammazioneAvanzata/ImpetusFirstLevel/Content/Fab/Medieval_Env/Props/Textures/T_WoodenTrim_BC.uasset" 3734
"../../../../ProgrammazioneAvanzata/ImpetusFirstLevel/Content/Fab/Medieval_Env/Props/Textures/T_WoodenTrim_N_AO_R.uasset" 3735
"/Game/Fab/Medieval_Env/Props/Meshes/SM_WoodenRailing_d" 3736
"/Game/Fab/Medieval_Env/Props/Meshes/SM_WoodenRailing_a" 3737
"/Game/Fab/Medieval_Env/Props/Materials/MI_RotationWood" 3738
"/Game/Fab/Medieval_Env/Props/Meshes/SM_Windmill_Fan" 3739
"/Game/Fab/Medieval_Env/Props/Textures/T_Props_b_BC" 3740
"/Game/Fab/Medieval_Env/Props/Textures/T_Props_b_N_AO_R" 3741
"/Game/Fab/Medieval_Env/Props/Materials/MI_Props_b" 3742
"/Game/Fab/Medieval_Env/Props/Meshes/SM_Pot_a" 3743
"D:/ProgrammazioneAvanzata/ImpetusFirstLevel/Content/Fab/Medieval_Env/Props/Meshes/SM_Bags_a.uasset" 3744
"D:/ProgrammazioneAvanzata/ImpetusFirstLevel/Content/Fab/Medieval_Env/Props/Materials/MI_Clothes.uasset" 3745
"D:/ProgrammazioneAvanzata/ImpetusFirstLevel/Content/Fab/Medieval_Env/MaterialFunctions/MF_Leakage.uasset" 3746
"D:/ProgrammazioneAvanzata/ImpetusFirstLevel/Content/Fab/Medieval_Env/Nature/Cliffs_Rocks/Textures/T_Rock_a_N_AO_R.uasset" 3747
"D:/ProgrammazioneAvanzata/ImpetusFirstLevel/Content/Fab/Medieval_Env/Nature/Cliffs_Rocks/Materials/M_Master_Rocks.uasset" 3748
"D:/ProgrammazioneAvanzata/ImpetusFirstLevel/Content/Fab/Medieval_Env/Props/Meshes/SM_BarrelHolder.uasset" 3749
"D:/ProgrammazioneAvanzata/ImpetusFirstLevel/Content/Fab/Medieval_Env/Nature/Cliffs_Rocks/Textures/T_Rock_a_BC.uasset" 3750
"D:/ProgrammazioneAvanzata/ImpetusFirstLevel/Content/Fab/Medieval_Env/Buildings/HouseMeshes/SM_Wall_Window_4m.uasset" 3751
"D:/ProgrammazioneAvanzata/ImpetusFirstLevel/Content/Fab/Medieval_Env/Buildings/HouseMeshes/SM_Wall_4m.uasset" 3752
"D:/ProgrammazioneAvanzata/ImpetusFirstLevel/Content/Fab/Medieval_Env/Buildings/HouseMeshes/SM_TatchRoof_End_4.uasset" 3753
"D:/ProgrammazioneAvanzata/ImpetusFirstLevel/Content/Fab/Medieval_Env/Buildings/HouseMeshes/SM_Wall_Window_2m.uasset" 3754
"D:/ProgrammazioneAvanzata/ImpetusFirstLevel/Content/Fab/Medieval_Env/Buildings/HouseMeshes/SM_TatchRoof_4m_02.uasset" 3755
"D:/ProgrammazioneAvanzata/ImpetusFirstLevel/Content/Fab/Medieval_Env/Nature/Cliffs_Rocks/Materials/MI_Rock_a.uasset" 3756
"/Game/Fab/Medieval_Env/Props/Meshes/SM_Flag_a" 3757
"D:/ProgrammazioneAvanzata/ImpetusFirstLevel/Content/Fab/Medieval_Env/Buildings/HouseMeshes/SM_TatchRoof_2m_02.uasset" 3758
"D:/ProgrammazioneAvanzata/ImpetusFirstLevel/Content/Fab/Medieval_Env/Nature/Cliffs_Rocks/SM_Rock_a.uasset" 3759
"D:/ProgrammazioneAvanzata/ImpetusFirstLevel/Content/Fab/Medieval_Env/Buildings/HouseMeshes/SM_StoneWall_6.uasset" 3760
"D:/ProgrammazioneAvanzata/ImpetusFirstLevel/Content/Fab/Medieval_Env/Buildings/HouseMeshes/SM_StoneWall_4.uasset" 3761
"D:/ProgrammazioneAvanzata/ImpetusFirstLevel/Content/Fab/Medieval_Env/Buildings/Textures/T_Stones_1_BC_O.uasset" 3762
"D:/ProgrammazioneAvanzata/ImpetusFirstLevel/Content/Fab/Medieval_Env/Buildings/Materials/MI_Stones_2.uasset" 3763
"D:/ProgrammazioneAvanzata/ImpetusFirstLevel/Content/Fab/Medieval_Env/Buildings/HouseMeshes/SM_StoneWall_3.uasset" 3764
"D:/ProgrammazioneAvanzata/ImpetusFirstLevel/Content/Fab/Medieval_Env/Buildings/Textures/T_Stones_1_N_AO_R.uasset" 3765
"D:/ProgrammazioneAvanzata/ImpetusFirstLevel/Content/Fab/Medieval_Env/Buildings/HouseMeshes/SM_Stones_4.uasset" 3766
"D:/ProgrammazioneAvanzata/ImpetusFirstLevel/Content/Fab/Medieval_Env/Buildings/HouseMeshes/SM_RoofWall_1.uasset" 3767
"D:/ProgrammazioneAvanzata/ImpetusFirstLevel/Content/Fab/Medieval_Env/Buildings/HouseMeshes/SM_Roof_End.uasset" 3768
"D:/ProgrammazioneAvanzata/ImpetusFirstLevel/Content/Fab/Medieval_Env/Buildings/HouseMeshes/SM_InteriorRoof_03.uasset" 3769
"D:/ProgrammazioneAvanzata/ImpetusFirstLevel/Content/Fab/Medieval_Env/Buildings/HouseMeshes/SM_InteriorRoof_02.uasset" 3770
"D:/ProgrammazioneAvanzata/ImpetusFirstLevel/Content/Fab/Medieval_Env/Buildings/HouseMeshes/SM_InteriorRoof_01.uasset" 3771
"D:/ProgrammazioneAvanzata/ImpetusFirstLevel/Content/Fab/Medieval_Env/Buildings/Materials/MI_StoneWall_02.uasset" 3772
"D:/ProgrammazioneAvanzata/ImpetusFirstLevel/Content/Fab/Medieval_Env/Buildings/HouseMeshes/SM_DoorWall_1.uasset" 3773
"D:/ProgrammazioneAvanzata/ImpetusFirstLevel/Content/Fab/Medieval_Env/Buildings/HouseMeshes/SM_Floor_4m.uasset" 3774
"D:/ProgrammazioneAvanzata/ImpetusFirstLevel/Content/Fab/Medieval_Env/Buildings/HouseMeshes/SM_Floor_2m.uasset" 3775
"/Game/Fab/Medieval_Env/Nature/Cliffs_Rocks/Textures/T_Rock_a_N_AO_R" 3776
"/Game/Fab/Medieval_Env/MaterialFunctions/MF_Leakage" 3777
"/Game/Fab/Medieval_Env/Props/Meshes/SM_Bags_a" 3778
"/Game/Fab/Medieval_Env/Props/Meshes/SM_BarrelHolder" 3779
"../../../../ProgrammazioneAvanzata/ImpetusFirstLevel/Content/Fab/Medieval_Env/Props/Materials/MI_WoodTrim_b.uasset" 3780
"D:/ProgrammazioneAvanzata/ImpetusFirstLevel/Content/Fab/Medieval_Env/Buildings/HouseMeshes/SM_Chimney_Addition_01.uasset" 3781
"D:/ProgrammazioneAvanzata/ImpetusFirstLevel/Content/Fab/Medieval_Env/Buildings/BuildingMeshes/SM_WoodenBeam_01.uasset" 3782
"D:/ProgrammazioneAvanzata/ImpetusFirstLevel/Content/Fab/Medieval_Env/Buildings/BuildingMeshes/SM_Windmill_Roof.uasset" 3783
"D:/ProgrammazioneAvanzata/ImpetusFirstLevel/Content/Fab/Medieval_Env/Buildings/HouseMeshes/SM_Chimney_Top_01.uasset" 3784
"/Game/Fab/Medieval_Env/Buildings/HouseMeshes/SM_InteriorRoof_03" 3785
"D:/ProgrammazioneAvanzata/ImpetusFirstLevel/Content/Fab/Medieval_Env/Buildings/HouseMeshes/SM_Chimney_Addition_02.uasset" 3786
"D:/ProgrammazioneAvanzata/ImpetusFirstLevel/Content/Fab/Medieval_Env/Buildings/HouseMeshes/SM_Chimney_Base_02.uasset" 3787
"../../../../ProgrammazioneAvanzata/ImpetusFirstLevel/Content/Fab/Medieval_Env/Buildings/Materials/MI_RoofWood.uasset" 3788
"/Game/Fab/Medieval_Env/Buildings/HouseMeshes/SM_Roof_End" 3789
"../../../../ProgrammazioneAvanzata/ImpetusFirstLevel/Content/Fab/Medieval_Env/Buildings/Materials/MI_StoneWall_01.uasset" 3790
"/Game/Fab/Medieval_Env/Buildings/HouseMeshes/SM_RoofWall_1" 3791
"/Game/Fab/Medieval_Env/Buildings/HouseMeshes/SM_Stones_4" 3792
"../../../../ProgrammazioneAvanzata/ImpetusFirstLevel/Content/Fab/Medieval_Env/Buildings/Materials/MI_SculptStone.uasset" 3793
"../../../../ProgrammazioneAvanzata/ImpetusFirstLevel/Content/Fab/Medieval_Env/Buildings/Textures/T_Stones_House_BC_O.uasset" 3794
"../../../../ProgrammazioneAvanzata/ImpetusFirstLevel/Content/Fab/Medieval_Env/Buildings/Textures/T_Stones_House_N_AO_R.uasset" 3795
"/Game/Fab/Medieval_Env/Buildings/HouseMeshes/SM_StoneWall_3" 3796
"/Game/Fab/Medieval_Env/Buildings/HouseMeshes/SM_StoneWall_4" 3797
"/Game/Fab/Medieval_Env/Buildings/HouseMeshes/SM_StoneWall_6" 3798
"/Game/Fab/Medieval_Env/Buildings/HouseMeshes/SM_TatchRoof_2m_02" 3799
"/Game/Fab/Medieval_Env/Buildings/HouseMeshes/SM_TatchRoof_4m_02" 3800
"/Game/Fab/Medieval_Env/Buildings/HouseMeshes/SM_TatchRoof_End_4" 3801
"/Game/Fab/Medieval_Env/Buildings/HouseMeshes/SM_Wall_4m" 3802
"/Game/Fab/Medieval_Env/Buildings/HouseMeshes/SM_Wall_Window_2m" 3803
"../../../../ProgrammazioneAvanzata/ImpetusFirstLevel/Content/Fab/Medieval_Env/Buildings/Materials/MI_ChurchWindows.uasset" 3804
"../../../../ProgrammazioneAvanzata/ImpetusFirstLevel/Content/Fab/Medieval_Env/Buildings/Textures/T_ChurchWindows_BC_O.uasset" 3805
"../../../../ProgrammazioneAvanzata/ImpetusFirstLevel/Content/Fab/Medieval_Env/Buildings/Textures/T_ChurchWindows_N_AO_R.uasset" 3806
"../../../Engine/Plugins/Interchange/Assets/Shaders/ThinFilmFunctions.usf" 3807
"D:/ProgrammazioneAvanzata/ImpetusFirstLevel/Content/Fab/Medieval_Env/Buildings/BuildingMeshes/SM_Wall_Top_Corner_04.uasset" 3808
"D:/ProgrammazioneAvanzata/ImpetusFirstLevel/Content/Fab/Medieval_Env/Buildings/BuildingMeshes/SM_Wall_Top_2m_03.uasset" 3809
"D:/ProgrammazioneAvanzata/ImpetusFirstLevel/Content/Fab/Medieval_Env/Buildings/BuildingMeshes/SM_Wall_Top_2m_05.uasset" 3810
"D:/ProgrammazioneAvanzata/ImpetusFirstLevel/Content/Fab/Medieval_Env/Buildings/BuildingMeshes/SM_Wall_Top_4m_01.uasset" 3811
"D:/ProgrammazioneAvanzata/ImpetusFirstLevel/Content/Fab/Medieval_Env/Buildings/BuildingMeshes/SM_Wall_Ornament_04.uasset" 3812
"D:/ProgrammazioneAvanzata/ImpetusFirstLevel/Content/Fab/Medieval_Env/Buildings/BuildingMeshes/SM_Wall_Top_2m_01.uasset" 3813
"D:/ProgrammazioneAvanzata/ImpetusFirstLevel/Content/Fab/Medieval_Env/Buildings/BuildingMeshes/SM_Wall_Ornament_03.uasset" 3814
"D:/ProgrammazioneAvanzata/ImpetusFirstLevel/Content/Fab/Medieval_Env/Buildings/BuildingMeshes/SM_Wall_Top_2m_04.uasset" 3815
"D:/ProgrammazioneAvanzata/ImpetusFirstLevel/Content/Fab/Medieval_Env/Buildings/BuildingMeshes/SM_Wall_Ornament_02.uasset" 3816
"/Game/Fab/Medieval_Env/Buildings/BuildingMeshes/SM_Windmill_Roof" 3817
"D:/ProgrammazioneAvanzata/ImpetusFirstLevel/Content/Fab/Medieval_Env/Buildings/Textures/T_Ornaments_BC_O.uasset" 3818
"D:/ProgrammazioneAvanzata/ImpetusFirstLevel/Content/Fab/Medieval_Env/Buildings/Materials/MI_Ornament.uasset" 3819
"D:/ProgrammazioneAvanzata/ImpetusFirstLevel/Content/Fab/Medieval_Env/Buildings/BuildingMeshes/SM_Wall_Opening_Door.uasset" 3820
"D:/ProgrammazioneAvanzata/ImpetusFirstLevel/Content/Fab/Medieval_Env/Buildings/Textures/T_Ornaments_N_AO_R.uasset" 3821
"D:/ProgrammazioneAvanzata/ImpetusFirstLevel/Content/Fab/Medieval_Env/Buildings/BuildingMeshes/SM_Wall_Ornament_01.uasset" 3822
"D:/ProgrammazioneAvanzata/ImpetusFirstLevel/Content/Fab/Medieval_Env/Buildings/BuildingMeshes/SM_Wall_Opening_4m_01.uasset" 3823
"D:/ProgrammazioneAvanzata/ImpetusFirstLevel/Content/Fab/Medieval_Env/Buildings/BuildingMeshes/SM_Wall_Opening_2m_03.uasset" 3824
"../../../../ProgrammazioneAvanzata/ImpetusFirstLevel/Content/Fab/Medieval_Env/Buildings/Materials/MI_RoofTileable_1.uasset" 3825
"../../../../ProgrammazioneAvanzata/ImpetusFirstLevel/Content/Fab/Medieval_Env/Buildings/Materials/MI_TrimWall.uasset" 3826
"../../../../ProgrammazioneAvanzata/ImpetusFirstLevel/Content/Fab/Medieval_Env/Buildings/Textures/T_RoofTileable_BC_O.uasset" 3827
"../../../../ProgrammazioneAvanzata/ImpetusFirstLevel/Content/Fab/Medieval_Env/Buildings/Textures/T_RoofTileable_N_AO_R.uasset" 3828
"../../../../ProgrammazioneAvanzata/ImpetusFirstLevel/Content/Fab/Medieval_Env/Buildings/Textures/T_StoneTileable_2_BC_O.uasset" 3829
"../../../../ProgrammazioneAvanzata/ImpetusFirstLevel/Content/Fab/Medieval_Env/Buildings/Textures/T_StoneTileable_2_N_AO_R.uasset" 3830
"/Game/Fab/Medieval_Env/Nature/Cliffs_Rocks/Materials/M_Master_Rocks" 3831
"/Game/Fab/Medieval_Env/Nature/Cliffs_Rocks/Materials/MI_Rock_a" 3832
"/Game/Fab/Medieval_Env/Nature/Cliffs_Rocks/SM_Rock_a" 3833
"/Game/Fab/Medieval_Env/Buildings/BuildingMeshes/SM_WoodenBeam_01" 3834
"/Game/Fab/Medieval_Env/Buildings/HouseMeshes/SM_Chimney_Addition_01" 3835
"/Game/Fab/Medieval_Env/Buildings/HouseMeshes/SM_Chimney_Addition_02" 3836
"/Game/Fab/Medieval_Env/Buildings/HouseMeshes/SM_Chimney_Base_02" 3837
"/Game/Fab/Medieval_Env/Buildings/HouseMeshes/SM_Chimney_Top_01" 3838
"/Game/Fab/Medieval_Env/Buildings/HouseMeshes/SM_Wall_Window_4m" 3839
"/Game/Fab/Medieval_Env/Buildings/HouseMeshes/SM_InteriorRoof_02" 3840
"/Game/Fab/Medieval_Env/Buildings/HouseMeshes/SM_InteriorRoof_01" 3841
"/Game/Fab/Medieval_Env/Buildings/HouseMeshes/SM_Floor_4m" 3842
"../../../../ProgrammazioneAvanzata/ImpetusFirstLevel/Content/Fab/Medieval_Env/Buildings/Materials/MI_Floor_1.uasset" 3843
"../../../../ProgrammazioneAvanzata/ImpetusFirstLevel/Content/Fab/Medieval_Env/Buildings/Materials/MI_StoneWall_03.uasset" 3844
"../../../../ProgrammazioneAvanzata/ImpetusFirstLevel/Content/Fab/Medieval_Env/Buildings/Textures/T_Floor_1_BC_O.uasset" 3845
"../../../../ProgrammazioneAvanzata/ImpetusFirstLevel/Content/Fab/Medieval_Env/Buildings/Textures/T_Floor_1_N_AO_R.uasset" 3846
"/Game/Fab/Medieval_Env/Buildings/HouseMeshes/SM_Floor_2m" 3847
"/Game/Fab/Medieval_Env/Buildings/HouseMeshes/SM_DoorWall_1" 3848
"D:/ProgrammazioneAvanzata/ImpetusFirstLevel/Content/Fab/Medieval_Env/Buildings/Materials/M_Master_Modular.uasset" 3849
"D:/ProgrammazioneAvanzata/ImpetusFirstLevel/Content/Fab/Medieval_Env/Buildings/BuildingMeshes/SM_Wall_Door_02.uasset" 3850
"D:/ProgrammazioneAvanzata/ImpetusFirstLevel/Content/Fab/Medieval_Env/Buildings/Textures/T_CornerStone_3_N_AO_R.uasset" 3851
"D:/ProgrammazioneAvanzata/ImpetusFirstLevel/Content/Fab/Medieval_Env/Buildings/Textures/T_StoneCorner_N_AO_R.uasset" 3852
"D:/ProgrammazioneAvanzata/ImpetusFirstLevel/Content/Fab/Medieval_Env/Buildings/Textures/T_StoneCorner_BC_O.uasset" 3853
"D:/ProgrammazioneAvanzata/ImpetusFirstLevel/Content/Fab/Medieval_Env/Buildings/Textures/T_CornerStone_3_BC_O.uasset" 3854
"D:/ProgrammazioneAvanzata/ImpetusFirstLevel/Content/Fab/Medieval_Env/Buildings/BuildingMeshes/SM_Wall_Circle_Top_01.uasset" 3855
"D:/ProgrammazioneAvanzata/ImpetusFirstLevel/Content/Fab/Medieval_Env/Buildings/BuildingMeshes/SM_Wall_Corner_01.uasset" 3856
"D:/ProgrammazioneAvanzata/ImpetusFirstLevel/Content/Fab/Medieval_Env/Buildings/BuildingMeshes/SM_Wall_Circle_03.uasset" 3857
"D:/ProgrammazioneAvanzata/ImpetusFirstLevel/Content/Fab/Medieval_Env/Buildings/BuildingMeshes/SM_Wall_Circle_Base_01.uasset" 3858
"/Game/Fab/Medieval_Env/Buildings/BuildingMeshes/SM_Wall_Opening_2m_03" 3859
"D:/ProgrammazioneAvanzata/ImpetusFirstLevel/Content/Fab/Medieval_Env/Buildings/Materials/MI_CornerWall3.uasset" 3860
"D:/ProgrammazioneAvanzata/ImpetusFirstLevel/Content/Fab/Medieval_Env/Buildings/BuildingMeshes/SM_Wall_Circle_01.uasset" 3861
"D:/ProgrammazioneAvanzata/ImpetusFirstLevel/Content/Fab/Medieval_Env/Buildings/BuildingMeshes/SM_Wall_Butress_4m_02.uasset" 3862
"D:/ProgrammazioneAvanzata/ImpetusFirstLevel/Content/Fab/Medieval_Env/Buildings/BuildingMeshes/SM_Wall_Butress_4m_01.uasset" 3863
"D:/ProgrammazioneAvanzata/ImpetusFirstLevel/Content/Fab/Medieval_Env/Buildings/BuildingMeshes/SM_Wall_Circle_02.uasset" 3864
"D:/ProgrammazioneAvanzata/ImpetusFirstLevel/Content/Fab/Medieval_Env/Buildings/BuildingMeshes/SM_Wall_Butress_2m_02.uasset" 3865
"/Game/Fab/Medieval_Env/Buildings/BuildingMeshes/SM_Wall_Opening_4m_01" 3866
"/Game/Fab/Medieval_Env/Buildings/BuildingMeshes/SM_Wall_Opening_Door" 3867
"/Game/Fab/Medieval_Env/Buildings/BuildingMeshes/SM_Wall_Ornament_01" 3868
"/Game/Fab/Medieval_Env/Buildings/BuildingMeshes/SM_Wall_Ornament_02" 3869
"/Game/Fab/Medieval_Env/Buildings/BuildingMeshes/SM_Wall_Ornament_03" 3870
"/Game/Fab/Medieval_Env/Buildings/BuildingMeshes/SM_Wall_Ornament_04" 3871
"/Game/Fab/Medieval_Env/Buildings/BuildingMeshes/SM_Wall_Top_2m_01" 3872
"/Game/Fab/Medieval_Env/Buildings/BuildingMeshes/SM_Wall_Top_2m_03" 3873
"/Game/Fab/Medieval_Env/Buildings/BuildingMeshes/SM_Wall_Top_2m_04" 3874
"/Game/Fab/Medieval_Env/Buildings/BuildingMeshes/SM_Wall_Top_2m_05" 3875
"/Game/Fab/Medieval_Env/Buildings/BuildingMeshes/SM_Wall_Top_4m_01" 3876
"/Game/Fab/Medieval_Env/Buildings/Textures/T_CornerStone_3_N_AO_R" 3877
"/Game/Fab/Medieval_Env/Buildings/Textures/T_CornerStone_3_BC_O" 3878
"/Game/Fab/Medieval_Env/Buildings/Materials/M_Master_Modular" 3879
"/Game/Fab/Medieval_Env/Buildings/BuildingMeshes/SM_Wall_Door_02" 3880
"../../../../ProgrammazioneAvanzata/ImpetusFirstLevel/Content/Fab/Medieval_Env/Buildings/Materials/MI_Roof_Add.uasset" 3881
"../../../../ProgrammazioneAvanzata/ImpetusFirstLevel/Content/Fab/Medieval_Env/Buildings/Textures/T_Roof_Add_BC_O.uasset" 3882
"../../../../ProgrammazioneAvanzata/ImpetusFirstLevel/Content/Fab/Medieval_Env/Buildings/Textures/T_Roof_Add_N_AO_R.uasset" 3883
"D:/ProgrammazioneAvanzata/ImpetusFirstLevel/Content/Fab/Medieval_Env/Buildings/BuildingMeshes/SM_Wall_4m_08.uasset" 3884
"D:/ProgrammazioneAvanzata/ImpetusFirstLevel/Content/Fab/Medieval_Env/Buildings/BuildingMeshes/SM_Wall_Butress_2m_01.uasset" 3885
"D:/ProgrammazioneAvanzata/ImpetusFirstLevel/Content/Fab/Medieval_Env/Buildings/BuildingMeshes/SM_Wall_4m_05.uasset" 3886
"D:/ProgrammazioneAvanzata/ImpetusFirstLevel/Content/Fab/Medieval_Env/Buildings/BuildingMeshes/SM_Wall_4m_07.uasset" 3887
"D:/ProgrammazioneAvanzata/ImpetusFirstLevel/Content/Fab/Medieval_Env/Buildings/BuildingMeshes/SM_Wall_4m_03.uasset" 3888
"/Game/Fab/Medieval_Env/Buildings/BuildingMeshes/SM_Wall_Top_Corner_04" 3889
"D:/ProgrammazioneAvanzata/ImpetusFirstLevel/Content/Fab/Medieval_Env/Buildings/BuildingMeshes/SM_Wall_4m_04.uasset" 3890
"D:/ProgrammazioneAvanzata/ImpetusFirstLevel/Content/Fab/Medieval_Env/Buildings/BuildingMeshes/SM_Wall_4m_06.uasset" 3891
"D:/ProgrammazioneAvanzata/ImpetusFirstLevel/Content/Fab/Medieval_Env/Buildings/BuildingMeshes/SM_Wall_4m_09.uasset" 3892
"D:/ProgrammazioneAvanzata/ImpetusFirstLevel/Content/Fab/Medieval_Env/Buildings/BuildingMeshes/SM_Wall_2m_09.uasset" 3893
"D:/ProgrammazioneAvanzata/ImpetusFirstLevel/Content/Fab/Medieval_Env/Buildings/BuildingMeshes/SM_Wall_2m_05.uasset" 3894
"D:/ProgrammazioneAvanzata/ImpetusFirstLevel/Content/Fab/Medieval_Env/Buildings/BuildingMeshes/SM_Wall_4m_01.uasset" 3895
"D:/ProgrammazioneAvanzata/ImpetusFirstLevel/Content/Fab/Medieval_Env/Buildings/BuildingMeshes/SM_Wall_2m_08.uasset" 3896
"D:/ProgrammazioneAvanzata/ImpetusFirstLevel/Content/Fab/Medieval_Env/Buildings/BuildingMeshes/SM_Wall_2m_02.uasset" 3897
"D:/ProgrammazioneAvanzata/ImpetusFirstLevel/Content/Fab/Medieval_Env/Buildings/BuildingMeshes/SM_Wall_2m_04.uasset" 3898
"D:/ProgrammazioneAvanzata/ImpetusFirstLevel/Content/Fab/Medieval_Env/Buildings/BuildingMeshes/SM_StoneStair_02.uasset" 3899
"D:/ProgrammazioneAvanzata/ImpetusFirstLevel/Content/Fab/Medieval_Env/Buildings/BuildingMeshes/SM_SquareRoof_01.uasset" 3900
"D:/ProgrammazioneAvanzata/ImpetusFirstLevel/Content/Fab/Medieval_Env/Buildings/BuildingMeshes/SM_Wall_2m_01.uasset" 3901
"D:/ProgrammazioneAvanzata/ImpetusFirstLevel/Content/Fab/Medieval_Env/Buildings/BuildingMeshes/SM_Wall_2m_03.uasset" 3902
"D:/ProgrammazioneAvanzata/ImpetusFirstLevel/Content/Fab/Medieval_Env/Buildings/BuildingMeshes/SM_StoneStair_01.uasset" 3903
"D:/ProgrammazioneAvanzata/ImpetusFirstLevel/Content/Fab/Medieval_Env/Buildings/BuildingMeshes/SM_Roof_Window_01.uasset" 3904
"D:/ProgrammazioneAvanzata/ImpetusFirstLevel/Content/Fab/Medieval_Env/Buildings/BuildingMeshes/SM_Roof_Plane_4m_2m.uasset" 3905
"/Game/Fab/Medieval_Env/Buildings/BuildingMeshes/SM_Wall_Butress_2m_02" 3906
"/Game/Fab/Medieval_Env/Buildings/BuildingMeshes/SM_Wall_Butress_4m_01" 3907
"/Game/Fab/Medieval_Env/Buildings/BuildingMeshes/SM_Wall_Butress_4m_02" 3908
"/Game/Fab/Medieval_Env/Buildings/BuildingMeshes/SM_Wall_Circle_01" 3909
"/Game/Fab/Medieval_Env/Buildings/BuildingMeshes/SM_Wall_Circle_02" 3910
"/Game/Fab/Medieval_Env/Buildings/BuildingMeshes/SM_Wall_Circle_03" 3911
"/Game/Fab/Medieval_Env/Buildings/BuildingMeshes/SM_Wall_Circle_Base_01" 3912
"/Game/Fab/Medieval_Env/Buildings/BuildingMeshes/SM_Wall_Circle_Top_01" 3913
"/Game/Fab/Medieval_Env/Buildings/BuildingMeshes/SM_Wall_Corner_01" 3914
"D:/ProgrammazioneAvanzata/ImpetusFirstLevel/Content/Fab/Medieval_Env/Buildings/BuildingMeshes/SM_Roof_Plane_2m_01.uasset" 3915
"D:/ProgrammazioneAvanzata/ImpetusFirstLevel/Content/Fab/Medieval_Env/Buildings/Materials/MI_RoofTileable_2.uasset" 3916
"/Game/Fab/Medieval_Env/Buildings/BuildingMeshes/SM_Wall_2m_02" 3917
"D:/ProgrammazioneAvanzata/ImpetusFirstLevel/Content/Fab/Medieval_Env/Buildings/BuildingMeshes/SM_Roof_4m_02_End.uasset" 3918
"D:/ProgrammazioneAvanzata/ImpetusFirstLevel/Content/Fab/Medieval_Env/Buildings/BuildingMeshes/SM_Roof_Plane_4m_02.uasset" 3919
"D:/ProgrammazioneAvanzata/ImpetusFirstLevel/Content/Fab/Medieval_Env/Buildings/BuildingMeshes/SM_Roof_8m_01.uasset" 3920
"D:/ProgrammazioneAvanzata/ImpetusFirstLevel/Content/Fab/Medieval_Env/Buildings/BuildingMeshes/SM_Roof_Plane_4m_01.uasset" 3921
"D:/ProgrammazioneAvanzata/ImpetusFirstLevel/Content/Fab/Medieval_Env/Buildings/BuildingMeshes/SM_Roof_2m_End_1.uasset" 3922
"D:/ProgrammazioneAvanzata/ImpetusFirstLevel/Content/Fab/Medieval_Env/Buildings/BuildingMeshes/SM_Floor_Corner_4m.uasset" 3923
"D:/ProgrammazioneAvanzata/ImpetusFirstLevel/Content/Fab/Medieval_Env/Buildings/BuildingMeshes/SM_Floor_Circle.uasset" 3924
"D:/ProgrammazioneAvanzata/ImpetusFirstLevel/Content/Fab/Medieval_Env/Buildings/BuildingMeshes/SM_Door_4m_01.uasset" 3925
"D:/ProgrammazioneAvanzata/ImpetusFirstLevel/Content/Fab/Medieval_Env/Buildings/BuildingMeshes/SM_Door_4m_Top.uasset" 3926
"/Game/Fab/Medieval_Env/Buildings/BuildingMeshes/SM_Wall_2m_03" 3927
"/Game/Fab/Medieval_Env/Buildings/BuildingMeshes/SM_Roof_Plane_4m_2m" 3928
"/Game/Fab/Medieval_Env/Buildings/BuildingMeshes/SM_Roof_Window_01" 3929
"/Game/Fab/Medieval_Env/Buildings/BuildingMeshes/SM_SquareRoof_01" 3930
"/Game/Fab/Medieval_Env/Buildings/BuildingMeshes/SM_StoneStair_01" 3931
"/Game/Fab/Medieval_Env/Buildings/BuildingMeshes/SM_StoneStair_02" 3932
"/Game/Fab/Medieval_Env/Buildings/BuildingMeshes/SM_Wall_2m_01" 3933
"/Game/Fab/Medieval_Env/Buildings/BuildingMeshes/SM_Wall_2m_04" 3934
"/Game/Fab/Medieval_Env/Buildings/BuildingMeshes/SM_Wall_2m_05" 3935
"/Game/Fab/Medieval_Env/Buildings/BuildingMeshes/SM_Wall_2m_08" 3936
"/Game/Fab/Medieval_Env/Buildings/BuildingMeshes/SM_Wall_2m_09" 3937
"/Game/Fab/Medieval_Env/Buildings/BuildingMeshes/SM_Wall_4m_01" 3938
"/Game/Fab/Medieval_Env/Buildings/BuildingMeshes/SM_Wall_4m_03" 3939
"/Game/Fab/Medieval_Env/Buildings/BuildingMeshes/SM_Wall_4m_04" 3940
"/Game/Fab/Medieval_Env/Buildings/BuildingMeshes/SM_Wall_4m_05" 3941
"/Game/Fab/Medieval_Env/Buildings/BuildingMeshes/SM_Wall_4m_06" 3942
"/Game/Fab/Medieval_Env/Buildings/BuildingMeshes/SM_Wall_4m_07" 3943
"/Game/Fab/Medieval_Env/Buildings/BuildingMeshes/SM_Wall_4m_08" 3944
"/Game/Fab/Medieval_Env/Buildings/BuildingMeshes/SM_Wall_4m_09" 3945
"/Game/Fab/Medieval_Env/Buildings/BuildingMeshes/SM_Wall_Butress_2m_01" 3946
"D:/ProgrammazioneAvanzata/ImpetusFirstLevel/Content/Fab/Medieval_Env/Buildings/BuildingMeshes/SM_Cylinder_Wall_Base.uasset" 3947
"D:/ProgrammazioneAvanzata/ImpetusFirstLevel/Content/Fab/Medieval_Env/Buildings/BuildingMeshes/SM_Cylinder_Wall_Roof_01.uasset" 3948
"D:/ProgrammazioneAvanzata/ImpetusFirstLevel/Content/Fab/Medieval_Env/Buildings/BuildingMeshes/SM_Cylinder_Wall_Roof_06.uasset" 3949
"D:/ProgrammazioneAvanzata/ImpetusFirstLevel/Content/Fab/Medieval_Env/Buildings/BuildingMeshes/SM_Cylinder_Wall_Roof_03.uasset" 3950
"D:/ProgrammazioneAvanzata/ImpetusFirstLevel/Content/Fab/Medieval_Env/Buildings/BuildingMeshes/SM_Cylinder_Wall_04.uasset" 3951
"D:/ProgrammazioneAvanzata/ImpetusFirstLevel/Content/Fab/Medieval_Env/Buildings/BuildingMeshes/SM_Door_2m_Top.uasset" 3952
"/Game/Fab/Medieval_Env/Buildings/BuildingMeshes/SM_Door_4m_Top" 3953
"D:/ProgrammazioneAvanzata/ImpetusFirstLevel/Content/Fab/Medieval_Env/Buildings/BuildingMeshes/SM_Butress_Top.uasset" 3954
"D:/ProgrammazioneAvanzata/ImpetusFirstLevel/Content/Fab/Game_ready_grass/game_ready_grass/Textures/game_ready_grass_texture_3.uasset" 3955
"D:/ProgrammazioneAvanzata/ImpetusFirstLevel/Content/Fab/Medieval_Env/Buildings/BuildingMeshes/SM_Butress_Addition_01.uasset" 3956
"D:/ProgrammazioneAvanzata/ImpetusFirstLevel/Content/Fab/Game_ready_grass/game_ready_grass/Materials/trasparent_grass1.uasset" 3957
"D:/ProgrammazioneAvanzata/ImpetusFirstLevel/Content/Fab/Game_ready_grass/game_ready_grass/Textures/game_ready_grass_texture_2.uasset" 3958
"D:/ProgrammazioneAvanzata/ImpetusFirstLevel/Content/Fab/Game_ready_grass/game_ready_grass/Materials/trasparent_grass2.uasset" 3959
"D:/ProgrammazioneAvanzata/ImpetusFirstLevel/Content/Fab/Game_ready_grass/game_ready_grass/Textures/game_ready_grass_texture_1.uasset" 3960
"D:/ProgrammazioneAvanzata/ImpetusFirstLevel/Content/Fab/Game_ready_grass/game_ready_grass/Materials/trasparent_grass3.uasset" 3961
"D:/ProgrammazioneAvanzata/ImpetusFirstLevel/Content/Fab/Game_ready_grass/game_ready_grass/Materials/trasparent_grass4.uasset" 3962
"D:/ProgrammazioneAvanzata/ImpetusFirstLevel/Content/Fab/Game_ready_grass/game_ready_grass/Textures/game_ready_grass_texture_0.uasset" 3963
"D:/ProgrammazioneAvanzata/ImpetusFirstLevel/Content/Fab/DEMOFlowerpack/StaticMesh/SM_Rose_Red_Open.uasset" 3964
"D:/ProgrammazioneAvanzata/ImpetusFirstLevel/Content/Fab/Game_ready_grass/game_ready_grass/StaticMeshes/game_ready_grass.uasset" 3965
"D:/ProgrammazioneAvanzata/ImpetusFirstLevel/Content/Fab/DEMOFlowerpack/StaticMesh/SM_Rose_Black_Open.uasset" 3966
"D:/ProgrammazioneAvanzata/ImpetusFirstLevel/Content/Fab/DEMOFlowerpack/StaticMesh/SM_Hyacinth_PastellBlue_Big.uasset" 3967
"D:/ProgrammazioneAvanzata/ImpetusFirstLevel/Content/Fab/DEMOFlowerpack/StaticMesh/SM_Dandelion_Small.uasset" 3968
"../../../../ProgrammazioneAvanzata/ImpetusFirstLevel/Content/Fab/Medieval_Env/Buildings/Materials/MI_Metal.uasset" 3969
"../../../../ProgrammazioneAvanzata/ImpetusFirstLevel/Content/Fab/Medieval_Env/Buildings/Materials/M_Metal.uasset" 3970
"/Game/Fab/Medieval_Env/Buildings/BuildingMeshes/SM_Floor_Circle" 3971
"/Game/Fab/Medieval_Env/Buildings/BuildingMeshes/SM_Floor_Corner_4m" 3972
"/Game/Fab/Medieval_Env/Buildings/BuildingMeshes/SM_Roof_2m_End_1" 3973
"/Game/Fab/Medieval_Env/Buildings/BuildingMeshes/SM_Roof_4m_02_End" 3974
"/Game/Fab/Medieval_Env/Buildings/BuildingMeshes/SM_Roof_8m_01" 3975
"/Game/Fab/Medieval_Env/Buildings/BuildingMeshes/SM_Roof_Plane_2m_01" 3976
"/Game/Fab/Medieval_Env/Buildings/BuildingMeshes/SM_Roof_Plane_4m_01" 3977
"/Game/Fab/Medieval_Env/Buildings/BuildingMeshes/SM_Roof_Plane_4m_02" 3978
"/Game/Fab/Medieval_Env/Buildings/BuildingMeshes/SM_Door_4m_01" 3979
"D:/ProgrammazioneAvanzata/ImpetusFirstLevel/Content/BP/GateBP.uasset" 3980
"D:/ProgrammazioneAvanzata/ImpetusFirstLevel/Content/Fab/DEMOFlowerpack/Material/M_DEMOFlowerpack_Atlas.uasset" 3981
"D:/ProgrammazioneAvanzata/ImpetusFirstLevel/Content/Fab/Medieval_Env/Buildings/BuildingMeshes/SM_BigOpeningBar.uasset" 3982
"/Game/Fab/Game_ready_grass/game_ready_grass/Textures/game_ready_grass_texture_0" 3983
"D:/ProgrammazioneAvanzata/ImpetusFirstLevel/Content/BP/FloatingCrownBP.uasset" 3984
"D:/ProgrammazioneAvanzata/ImpetusFirstLevel/Content/Fab/DEMOFlowerpack/StaticMesh/SM_Daisy_Single.uasset" 3985
"D:/ProgrammazioneAvanzata/ImpetusFirstLevel/Content/BP/Objects/Weapons/FloatingMythicSword.uasset" 3986
"D:/ProgrammazioneAvanzata/ImpetusFirstLevel/Content/Fab/Medieval_Env/Buildings/BuildingMeshes/SM_BigDoor_Top.uasset" 3987
"D:/ProgrammazioneAvanzata/ImpetusFirstLevel/Content/BP/DoorTopBP.uasset" 3988
"D:/ProgrammazioneAvanzata/ImpetusFirstLevel/Content/Fab/DEMOFlowerpack/Textures/T_DEMOAtlas_Flowerpack.uasset" 3989
"D:/ProgrammazioneAvanzata/ImpetusFirstLevel/Content/BP/Door2BP.uasset" 3990
"D:/ProgrammazioneAvanzata/ImpetusFirstLevel/Content/Fab/Medieval_Env/Buildings/BuildingMeshes/SM_BigDoor_2.uasset" 3991
"/Game/Fab/Game_ready_grass/game_ready_grass/Materials/trasparent_grass3" 3992
"/Game/Fab/Game_ready_grass/game_ready_grass/Materials/trasparent_grass2" 3993
"/Game/Fab/Game_ready_grass/game_ready_grass/Materials/trasparent_grass1" 3994
"/Game/Fab/Medieval_Env/Buildings/BuildingMeshes/SM_Butress_Addition_01" 3995
"/Game/Fab/Medieval_Env/Buildings/BuildingMeshes/SM_Butress_Top" 3996
"/Game/Fab/Medieval_Env/Buildings/BuildingMeshes/SM_Cylinder_Wall_04" 3997
"/Game/Fab/Medieval_Env/Buildings/BuildingMeshes/SM_Cylinder_Wall_Base" 3998
"/Game/Fab/Medieval_Env/Buildings/BuildingMeshes/SM_Cylinder_Wall_Roof_01" 3999
"/Game/Fab/Medieval_Env/Buildings/BuildingMeshes/SM_Cylinder_Wall_Roof_03" 4000
"/Game/Fab/Medieval_Env/Buildings/BuildingMeshes/SM_Cylinder_Wall_Roof_06" 4001
"/Game/Fab/Medieval_Env/Buildings/BuildingMeshes/SM_Door_2m_Top" 4002
"/Game/Fab/Game_ready_grass/game_ready_grass/Materials/trasparent_grass4" 4003
"/Game/Fab/Game_ready_grass/game_ready_grass/StaticMeshes/game_ready_grass" 4004
"D:/ProgrammazioneAvanzata/ImpetusFirstLevel/Content/BP/Door1BP.uasset" 4005
"D:/ProgrammazioneAvanzata/ImpetusFirstLevel/Content/Fab/Medieval_Env/Buildings/BuildingMeshes/SM_BigDoor_1.uasset" 4006
"D:/ProgrammazioneAvanzata/ImpetusFirstLevel/Content/Audio/SA_Gate.uasset" 4007
"D:/ProgrammazioneAvanzata/ImpetusFirstLevel/Content/Audio/medieval-ambient-236809.uasset" 4008
"D:/ProgrammazioneAvanzata/ImpetusFirstLevel/Content/Levels/Level2_Map_sharedassets/Road_LayerInfo.uasset" 4009
"/Game/BP/Door2BP" 4010
"D:/ProgrammazioneAvanzata/ImpetusFirstLevel/Content/Levels/Level2_Map_sharedassets/Grass_LayerInfo.uasset" 4011
"D:/ProgrammazioneAvanzata/ImpetusFirstLevel/Content/AI/SpawnSystem/BP_EnemySpawner.uasset" 4012
"D:/ProgrammazioneAvanzata/ImpetusFirstLevel/Content/Audio/unlocking-metal-door-44281.uasset" 4013
"D:/ProgrammazioneAvanzata/ImpetusFirstLevel/Content/AI/Animation/MF_Unarmed_Jog_Bwd.uasset" 4014
"D:/ProgrammazioneAvanzata/ImpetusFirstLevel/Content/Levels/Level2_Map_sharedassets/Rock_LayerInfo.uasset" 4015
"D:/ProgrammazioneAvanzata/ImpetusFirstLevel/Content/AI/Animation/MF_Unarmed_Jog_Bwd_Right.uasset" 4016
"D:/ProgrammazioneAvanzata/ImpetusFirstLevel/Content/AI/Animation/MF_Unarmed_Jog_Fwd.uasset" 4017
"D:/ProgrammazioneAvanzata/ImpetusFirstLevel/Content/AI/Animation/MF_Unarmed_Jog_Fwd_Right.uasset" 4018
"D:/ProgrammazioneAvanzata/ImpetusFirstLevel/Content/AI/Animation/MF_Unarmed_Jog_Fwd_Left.uasset" 4019
"D:/ProgrammazioneAvanzata/ImpetusFirstLevel/Content/AI/Animation/MF_Unarmed_Jog_Left.uasset" 4020
"D:/ProgrammazioneAvanzata/ImpetusFirstLevel/Content/AI/Animation/MF_Unarmed_Jog_Bwd_Left.uasset" 4021
"D:/ProgrammazioneAvanzata/ImpetusFirstLevel/Content/AI/Animation/MF_Unarmed_Jog_Right.uasset" 4022
"../../../Engine/Content/EditorBlueprintResources/StandardMacros.uasset" 4023
"../../../../ProgrammazioneAvanzata/ImpetusFirstLevel/Content/BP/MyPlayerBP.uasset" 4024
"../../../../ProgrammazioneAvanzata/ImpetusFirstLevel/Content/BP/MyPlayerAnimInstanceBP.uasset" 4025
"../../../../ProgrammazioneAvanzata/ImpetusFirstLevel/Content/Fab/Viking/Animations/AxeSwordAttack.uasset" 4026
"../../../../ProgrammazioneAvanzata/ImpetusFirstLevel/Content/Fab/Viking/Animations/ThrowRock.uasset" 4027
"../../../../ProgrammazioneAvanzata/ImpetusFirstLevel/Content/Fab/Viking/Animations/VikingDeath.uasset" 4028
"../../../../ProgrammazioneAvanzata/ImpetusFirstLevel/Content/Fab/Viking/Animations/VikingVictoryMontage.uasset" 4029
"../../../../ProgrammazioneAvanzata/ImpetusFirstLevel/Content/BP/CrownBP.uasset" 4030
"../../../../ProgrammazioneAvanzata/ImpetusFirstLevel/Content/BP/KeyInHandBP.uasset" 4031
"../../../../ProgrammazioneAvanzata/ImpetusFirstLevel/Content/BP/MeatInHandBP.uasset" 4032
"../../../../ProgrammazioneAvanzata/ImpetusFirstLevel/Content/BP/MyAxeBP.uasset" 4033
"../../../../ProgrammazioneAvanzata/ImpetusFirstLevel/Content/BP/Objects/Weapons/MythicSwordBP.uasset" 4034
"../../../../ProgrammazioneAvanzata/ImpetusFirstLevel/Content/BP/Objects/Weapons/WoodenSwordBP.uasset" 4035
"../../../../ProgrammazioneAvanzata/ImpetusFirstLevel/Content/BP/RockInHandBP.uasset" 4036
"../../../../ProgrammazioneAvanzata/ImpetusFirstLevel/Content/BP/RockToBeThrownBP.uasset" 4037
"../../../../ProgrammazioneAvanzata/ImpetusFirstLevel/Content/BP/WoodInHandBP.uasset" 4038
"../../../../ProgrammazioneAvanzata/ImpetusFirstLevel/Content/Interfaces/BPI_Death.uasset" 4039
"../../../../ProgrammazioneAvanzata/ImpetusFirstLevel/Content/Interfaces/BPI_GameInstance.uasset" 4040
"../../../../ProgrammazioneAvanzata/ImpetusFirstLevel/Content/Interfaces/BPI_Inventory.uasset" 4041
"../../../../ProgrammazioneAvanzata/ImpetusFirstLevel/Content/Interfaces/BPI_Player.uasset" 4042
"../../../../ProgrammazioneAvanzata/ImpetusFirstLevel/Content/Interfaces/BPI_PlayerStats.uasset" 4043
"../../../../ProgrammazioneAvanzata/ImpetusFirstLevel/Content/BP/UI/WBP_PauseMenu.uasset" 4044
"../../../../ProgrammazioneAvanzata/ImpetusFirstLevel/Content/Audio/epic-flute-reveal-logo-201062.uasset" 4045
"../../../../ProgrammazioneAvanzata/ImpetusFirstLevel/Content/Audio/heal-up-39285.uasset" 4046
"../../../../ProgrammazioneAvanzata/ImpetusFirstLevel/Content/Audio/sword-blade-slicing-flesh-352708.uasset" 4047
"../../../../ProgrammazioneAvanzata/ImpetusFirstLevel/Content/BP/UI/WBP_DefeatScreen.uasset" 4048
"../../../../ProgrammazioneAvanzata/ImpetusFirstLevel/Content/BP/UI/WBP_HealthBar.uasset" 4049
"../../../../ProgrammazioneAvanzata/ImpetusFirstLevel/Content/BP/UI/WBP_InventoryCounter.uasset" 4050
"../../../../ProgrammazioneAvanzata/ImpetusFirstLevel/Content/BP/UI/WBP_WinScreen.uasset" 4051
"../../../../ProgrammazioneAvanzata/ImpetusFirstLevel/Content/Fab/Viking/Mesh/SK_Viking.uasset" 4052
"../../../../ProgrammazioneAvanzata/ImpetusFirstLevel/Content/Fab/Viking/Animations/Anim_Viking_idle1.uasset" 4053
"../../../../ProgrammazioneAvanzata/ImpetusFirstLevel/Content/Fab/Viking/Animations/Anim_Viking_jump.uasset" 4054
"../../../../ProgrammazioneAvanzata/ImpetusFirstLevel/Content/Fab/Viking/Animations/Anim_Viking_run.uasset" 4055
"../../../../ProgrammazioneAvanzata/ImpetusFirstLevel/Content/Fab/Viking/Animations/Viking_Swimming_Anim.uasset" 4056
"../../../../ProgrammazioneAvanzata/ImpetusFirstLevel/Content/MyPlayerBlendSpace.uasset" 4057
"../../../../ProgrammazioneAvanzata/ImpetusFirstLevel/Content/Fab/Viking/Mesh/SK_Viking_Skeleton.uasset" 4058
"../../../../ProgrammazioneAvanzata/ImpetusFirstLevel/Content/Fab/Viking/Animations/Anim_Viking_attack2.uasset" 4059
"../../../../ProgrammazioneAvanzata/ImpetusFirstLevel/Content/Fab/Viking/Animations/VikingsThrow_Anim.uasset" 4060
"../../../../ProgrammazioneAvanzata/ImpetusFirstLevel/Content/Fab/Viking/Animations/Anim_Viking_death.uasset" 4061
"../../../../ProgrammazioneAvanzata/ImpetusFirstLevel/Content/Fab/Viking/Animations/Viking_Victory.uasset" 4062
"../../../../ProgrammazioneAvanzata/ImpetusFirstLevel/Content/V_Assets/Corona/Crown.uasset" 4063
"../../../../ProgrammazioneAvanzata/ImpetusFirstLevel/Content/V_Assets/Chiave/KeyMaterial.uasset" 4064
"../../../../ProgrammazioneAvanzata/ImpetusFirstLevel/Content/V_Assets/Chiave/KeyInHand.uasset" 4065
"../../../../ProgrammazioneAvanzata/ImpetusFirstLevel/Content/V_Assets/Carne/MeatMaterial.uasset" 4066
"../../../../ProgrammazioneAvanzata/ImpetusFirstLevel/Content/V_Assets/Carne/Meat.uasset" 4067
"../../../../ProgrammazioneAvanzata/ImpetusFirstLevel/Content/BP/SubstituteTreeBP.uasset" 4068
"../../../../ProgrammazioneAvanzata/ImpetusFirstLevel/Content/Fab/Axe/axe/StaticMeshes/axe.uasset" 4069
"../../../../ProgrammazioneAvanzata/ImpetusFirstLevel/Content/Fab/Realistic_tree/realistic_tree.uasset" 4070
"../../../../ProgrammazioneAvanzata/ImpetusFirstLevel/Content/BP/Objects/BP_InteractableObject.uasset" 4071
"../../../../ProgrammazioneAvanzata/ImpetusFirstLevel/Content/V_Assets/SpadaDiLegno/WoodenSwordMaterial.uasset" 4072
"../../../../ProgrammazioneAvanzata/ImpetusFirstLevel/Content/V_Assets/SpadaMitica/MythicSword.uasset" 4073
"../../../../ProgrammazioneAvanzata/ImpetusFirstLevel/Content/BP/Objects/Weapons/Weapon.uasset" 4074
"../../../../ProgrammazioneAvanzata/ImpetusFirstLevel/Content/V_Assets/SpadaDiLegno/MaterialLaccioWoodenSword.uasset" 4075
"../../../../ProgrammazioneAvanzata/ImpetusFirstLevel/Content/V_Assets/SpadaDiLegno/WoodenSword.uasset" 4076
"../../../../ProgrammazioneAvanzata/ImpetusFirstLevel/Content/Vegetazione/Rock.uasset" 4077
"../../../../ProgrammazioneAvanzata/ImpetusFirstLevel/Content/Fab/Wooden_Log/wooded_log_1/StaticMeshes/wooded_log_1.uasset" 4078
"../../../../ProgrammazioneAvanzata/ImpetusFirstLevel/Content/BP/UI/WBP_GraphicSettingsPauseMenu.uasset" 4079
"../../../../ProgrammazioneAvanzata/ImpetusFirstLevel/Content/Images/DefeatScreenBackground.uasset" 4080
"../../../../ProgrammazioneAvanzata/ImpetusFirstLevel/Content/Images/Cuore.uasset" 4081
"../../../../ProgrammazioneAvanzata/ImpetusFirstLevel/Content/Images/Carne.uasset" 4082
"../../../../ProgrammazioneAvanzata/ImpetusFirstLevel/Content/Images/Legno.uasset" 4083
"../../../../ProgrammazioneAvanzata/ImpetusFirstLevel/Content/Images/pietra.uasset" 4084
"../../../../ProgrammazioneAvanzata/ImpetusFirstLevel/Content/Images/VictoryScreenBackground.uasset" 4085
"../../../../ProgrammazioneAvanzata/ImpetusFirstLevel/Content/Fab/Viking/Materials/Mat_axe.uasset" 4086
"../../../../ProgrammazioneAvanzata/ImpetusFirstLevel/Content/Fab/Viking/Materials/Mat_eyes.uasset" 4087
"../../../../ProgrammazioneAvanzata/ImpetusFirstLevel/Content/Fab/Viking/Materials/Mat_fur.uasset" 4088
"../../../../ProgrammazioneAvanzata/ImpetusFirstLevel/Content/Fab/Viking/Materials/Mat_hair.uasset" 4089
"../../../../ProgrammazioneAvanzata/ImpetusFirstLevel/Content/Fab/Viking/Materials/Mat_hands.uasset" 4090
"../../../../ProgrammazioneAvanzata/ImpetusFirstLevel/Content/Fab/Viking/Materials/Mat_head.uasset" 4091
"../../../../ProgrammazioneAvanzata/ImpetusFirstLevel/Content/Fab/Viking/Materials/Mat_low_armor.uasset" 4092
"../../../../ProgrammazioneAvanzata/ImpetusFirstLevel/Content/Fab/Viking/Materials/Mat_sclera.uasset" 4093
"../../../../ProgrammazioneAvanzata/ImpetusFirstLevel/Content/Fab/Viking/Materials/Mat_shield.uasset" 4094
"../../../../ProgrammazioneAvanzata/ImpetusFirstLevel/Content/Fab/Viking/Materials/Mat_top_armor.uasset" 4095
"../../../../ProgrammazioneAvanzata/ImpetusFirstLevel/Content/Fab/Viking/Mesh/Phy_Viking_PhysicsAsset.uasset" 4096
"../../../../ProgrammazioneAvanzata/ImpetusFirstLevel/Content/Audio/st1-footstep-sfx-323053.uasset" 4097
"../../../../ProgrammazioneAvanzata/ImpetusFirstLevel/Content/Audio/SC_PlayerFootsteps.uasset" 4098
"../../../../ProgrammazioneAvanzata/ImpetusFirstLevel/Content/Fab/Viking/Animations/Anim_Viking_backwalk.uasset" 4099
"../../../../ProgrammazioneAvanzata/ImpetusFirstLevel/Content/Fab/Viking/Animations/Anim_Viking_leftwalk.uasset" 4100
"../../../../ProgrammazioneAvanzata/ImpetusFirstLevel/Content/Fab/Viking/Animations/Anim_Viking_rightwalk.uasset" 4101
"../../../../ProgrammazioneAvanzata/ImpetusFirstLevel/Content/Fab/Viking/Animations/Anim_Viking_walk.uasset" 4102
"../../../../ProgrammazioneAvanzata/ImpetusFirstLevel/Content/V_Assets/Corona/CrownMaterial.uasset" 4103
"../../../../ProgrammazioneAvanzata/ImpetusFirstLevel/Content/V_Assets/Corona/Light_iron.uasset" 4104
"../../../../ProgrammazioneAvanzata/ImpetusFirstLevel/Content/V_Assets/Chiave/KeyBaseColor.uasset" 4105
"../../../../ProgrammazioneAvanzata/ImpetusFirstLevel/Content/V_Assets/Chiave/Gold_Ore.uasset" 4106
"../../../../ProgrammazioneAvanzata/ImpetusFirstLevel/Content/V_Assets/Chiave/Rust_Iron__Old_Iron_.uasset" 4107
"../../../../ProgrammazioneAvanzata/ImpetusFirstLevel/Content/V_Assets/Carne/BaseColorMeat.uasset" 4108
"../../../../ProgrammazioneAvanzata/ImpetusFirstLevel/Content/V_Assets/Carne/Meat_001.uasset" 4109
"../../../../ProgrammazioneAvanzata/ImpetusFirstLevel/Content/V_Assets/Carne/White_Granite.uasset" 4110
"../../../../ProgrammazioneAvanzata/ImpetusFirstLevel/Content/V_Assets/Carne/White_Granite_001.uasset" 4111
"../../../../ProgrammazioneAvanzata/ImpetusFirstLevel/Content/BP/FloatingWoodBP.uasset" 4112
"../../../../ProgrammazioneAvanzata/ImpetusFirstLevel/Content/Audio/chopping-tree-root-212654.uasset" 4113
"../../../../ProgrammazioneAvanzata/ImpetusFirstLevel/Content/Fab/Axe/axe/Materials/MI_Axe.uasset" 4114
"../../../../ProgrammazioneAvanzata/ImpetusFirstLevel/Content/Fab/Realistic_tree/MT_PM_V60_Alnus_cremastogyne_01_Leaf_01_010.uasset" 4115
"../../../../ProgrammazioneAvanzata/ImpetusFirstLevel/Content/Fab/Realistic_tree/MT_PM_V60_Alnus_cremastogyne_01_Petiole_01_010.uasset" 4116
"../../../../ProgrammazioneAvanzata/ImpetusFirstLevel/Content/Fab/Realistic_tree/MT_PM_V60_Alnus_cremastogyne_01_Trunk_01_010.uasset" 4117
"../../../../ProgrammazioneAvanzata/ImpetusFirstLevel/Content/BP/Objects/BPI_Interactable.uasset" 4118
"../../../../ProgrammazioneAvanzata/ImpetusFirstLevel/Content/BP/Objects/BPE_ObjectType.uasset" 4119
"../../../../ProgrammazioneAvanzata/ImpetusFirstLevel/Content/V_Assets/SpadaDiLegno/BaseColorWoodenSword.uasset" 4120
"../../../../ProgrammazioneAvanzata/ImpetusFirstLevel/Content/V_Assets/SpadaDiLegno/NormalMapWoodenSword.uasset" 4121
"../../../../ProgrammazioneAvanzata/ImpetusFirstLevel/Content/Fab/SpadaLeggendaria/Animal_Fur_001.uasset" 4122
"../../../../ProgrammazioneAvanzata/ImpetusFirstLevel/Content/V_Assets/SpadaMitica/MaterialLaccioMythicSword.uasset" 4123
"../../../../ProgrammazioneAvanzata/ImpetusFirstLevel/Content/V_Assets/SpadaMitica/Metal_Silver_Dark.uasset" 4124
"../../../../ProgrammazioneAvanzata/ImpetusFirstLevel/Content/V_Assets/SpadaMitica/Metal_Silver_Light.uasset" 4125
"../../../../ProgrammazioneAvanzata/ImpetusFirstLevel/Content/V_Assets/SpadaMitica/Skull_Texture.uasset" 4126
"../../../../ProgrammazioneAvanzata/ImpetusFirstLevel/Content/V_Assets/SpadaDiLegno/BaseColorLaccioWoodenSword.uasset" 4127
"../../../../ProgrammazioneAvanzata/ImpetusFirstLevel/Content/V_Assets/SpadaDiLegno/Green_Fabric_001.uasset" 4128
"../../../../ProgrammazioneAvanzata/ImpetusFirstLevel/Content/V_Assets/SpadaDiLegno/Rusty_black_metal.uasset" 4129
"../../../../ProgrammazioneAvanzata/ImpetusFirstLevel/Content/Vegetazione/MI_shopk.uasset" 4130
"../../../../ProgrammazioneAvanzata/ImpetusFirstLevel/Content/Fab/Wooden_Log/wooded_log_1/Materials/Scene_-_Root.uasset" 4131
"../../../../ProgrammazioneAvanzata/ImpetusFirstLevel/Content/Images/WhiteX.uasset" 4132
"../../../../ProgrammazioneAvanzata/ImpetusFirstLevel/Content/Fab/Viking/Textures/Armor_Weapon/T_Viking_axe_Albedo.uasset" 4133
"../../../../ProgrammazioneAvanzata/ImpetusFirstLevel/Content/Fab/Viking/Textures/Armor_Weapon/T_Viking_axe_Metalness.uasset" 4134
"../../../../ProgrammazioneAvanzata/ImpetusFirstLevel/Content/Fab/Viking/Textures/Armor_Weapon/T_Viking_axe_Normal.uasset" 4135
"../../../../ProgrammazioneAvanzata/ImpetusFirstLevel/Content/Fab/Viking/Textures/Armor_Weapon/T_Viking_axe_Roughness.uasset" 4136
"../../../../ProgrammazioneAvanzata/ImpetusFirstLevel/Content/Fab/Viking/Textures/Head_Hands_Eyes/T_Eye_Albedo.uasset" 4137
"../../../../ProgrammazioneAvanzata/ImpetusFirstLevel/Content/Fab/Viking/Textures/Head_Hands_Eyes/T_Eye_Normal.uasset" 4138
"../../../../ProgrammazioneAvanzata/ImpetusFirstLevel/Content/Fab/Viking/Textures/Head_Hands_Eyes/T_Eye_Roughness.uasset" 4139
"../../../../ProgrammazioneAvanzata/ImpetusFirstLevel/Content/Fab/Viking/Textures/Hair_Fur/T_Fur_Albedo.uasset" 4140
"../../../../ProgrammazioneAvanzata/ImpetusFirstLevel/Content/Fab/Viking/Textures/Hair_Fur/T_Fur_Mask.uasset" 4141
"../../../../ProgrammazioneAvanzata/ImpetusFirstLevel/Content/Fab/Viking/Textures/Hair_Fur/T_Fur_Normal.uasset" 4142
"../../../../ProgrammazioneAvanzata/ImpetusFirstLevel/Content/Fab/Viking/Textures/Hair_Fur/T_Fur_Root.uasset" 4143
"../../../../ProgrammazioneAvanzata/ImpetusFirstLevel/Content/Fab/Viking/Textures/Hair_Fur/T_Hair_Albedo.uasset" 4144
"../../../../ProgrammazioneAvanzata/ImpetusFirstLevel/Content/Fab/Viking/Textures/Hair_Fur/T_Hair_Depth.uasset" 4145
"../../../../ProgrammazioneAvanzata/ImpetusFirstLevel/Content/Fab/Viking/Textures/Hair_Fur/T_Hair_Mask.uasset" 4146
"../../../../ProgrammazioneAvanzata/ImpetusFirstLevel/Content/Fab/Viking/Textures/Hair_Fur/T_Hair_Normal.uasset" 4147
"../../../../ProgrammazioneAvanzata/ImpetusFirstLevel/Content/Fab/Viking/Textures/Hair_Fur/T_Hair_Root.uasset" 4148
"../../../../ProgrammazioneAvanzata/ImpetusFirstLevel/Content/Fab/Viking/Materials/SP_Skin_SSS_Profile.uasset" 4149
"../../../../ProgrammazioneAvanzata/ImpetusFirstLevel/Content/Fab/Viking/Textures/Head_Hands_Eyes/T_Hand_Albedo.uasset" 4150
"../../../../ProgrammazioneAvanzata/ImpetusFirstLevel/Content/Fab/Viking/Textures/Head_Hands_Eyes/T_Hand_Normal.uasset" 4151
"../../../../ProgrammazioneAvanzata/ImpetusFirstLevel/Content/Fab/Viking/Textures/Head_Hands_Eyes/T_Hand_Roughness.uasset" 4152
"../../../../ProgrammazioneAvanzata/ImpetusFirstLevel/Content/Fab/Viking/Textures/Head_Hands_Eyes/T_Head_Albedo.uasset" 4153
"../../../../ProgrammazioneAvanzata/ImpetusFirstLevel/Content/Fab/Viking/Textures/Head_Hands_Eyes/T_Head_Normal.uasset" 4154
"../../../../ProgrammazioneAvanzata/ImpetusFirstLevel/Content/Fab/Viking/Textures/Head_Hands_Eyes/T_Head_Roughness.uasset" 4155
"../../../../ProgrammazioneAvanzata/ImpetusFirstLevel/Content/Fab/Viking/Textures/Armor_Weapon/T_Viking_low_armor_Albedo.uasset" 4156
"../../../../ProgrammazioneAvanzata/ImpetusFirstLevel/Content/Fab/Viking/Textures/Armor_Weapon/T_Viking_low_armor_Metalness.uasset" 4157
"../../../../ProgrammazioneAvanzata/ImpetusFirstLevel/Content/Fab/Viking/Textures/Armor_Weapon/T_Viking_low_armor_Normal.uasset" 4158
"../../../../ProgrammazioneAvanzata/ImpetusFirstLevel/Content/Fab/Viking/Textures/Armor_Weapon/T_Viking_low_armor_Opasity.uasset" 4159
"../../../../ProgrammazioneAvanzata/ImpetusFirstLevel/Content/Fab/Viking/Textures/Armor_Weapon/T_Viking_low_armor_Roughness.uasset" 4160
"../../../../ProgrammazioneAvanzata/ImpetusFirstLevel/Content/Fab/Viking/Textures/Armor_Weapon/T_Viking_shield_Albedo.uasset" 4161
"../../../../ProgrammazioneAvanzata/ImpetusFirstLevel/Content/Fab/Viking/Textures/Armor_Weapon/T_Viking_shield_Metalness.uasset" 4162
"../../../../ProgrammazioneAvanzata/ImpetusFirstLevel/Content/Fab/Viking/Textures/Armor_Weapon/T_Viking_shield_Normal.uasset" 4163
"../../../../ProgrammazioneAvanzata/ImpetusFirstLevel/Content/Fab/Viking/Textures/Armor_Weapon/T_Viking_shield_Roughness.uasset" 4164
"../../../../ProgrammazioneAvanzata/ImpetusFirstLevel/Content/Fab/Viking/Textures/Armor_Weapon/T_Viking_top_armor_Albedo.uasset" 4165
"../../../../ProgrammazioneAvanzata/ImpetusFirstLevel/Content/Fab/Viking/Textures/Armor_Weapon/T_Viking_top_armor_Metalness.uasset" 4166
"../../../../ProgrammazioneAvanzata/ImpetusFirstLevel/Content/Fab/Viking/Textures/Armor_Weapon/T_Viking_top_armor_Normal.uasset" 4167
"../../../../ProgrammazioneAvanzata/ImpetusFirstLevel/Content/Fab/Viking/Textures/Armor_Weapon/T_Viking_top_armor_Opasity.uasset" 4168
"../../../../ProgrammazioneAvanzata/ImpetusFirstLevel/Content/Fab/Viking/Textures/Armor_Weapon/T_Viking_top_armor_Roughness.uasset" 4169
"../../../../ProgrammazioneAvanzata/ImpetusFirstLevel/Content/Audio/st2-footstep-sfx-323055.uasset" 4170
"../../../../ProgrammazioneAvanzata/ImpetusFirstLevel/Content/Audio/st3-footstep-sfx-323056.uasset" 4171
"../../../../ProgrammazioneAvanzata/ImpetusFirstLevel/Content/V_Assets/Corona/CrownBaseColor.uasset" 4172
"../../../../ProgrammazioneAvanzata/ImpetusFirstLevel/Content/V_Assets/Corona/CrownMetallic.uasset" 4173
"../../../../ProgrammazioneAvanzata/ImpetusFirstLevel/Content/V_Assets/Corona/CrownNormal.uasset" 4174
"../../../../ProgrammazioneAvanzata/ImpetusFirstLevel/Content/V_Assets/Corona/CrownRoughness.uasset" 4175
"../../Plugins/Interchange/Assets/Content/Functions/MF_PhongToMetalRoughness.uasset" 4176
"../../../../ProgrammazioneAvanzata/ImpetusFirstLevel/Content/BP/FloatingComponent.uasset" 4177
"../../../../ProgrammazioneAvanzata/ImpetusFirstLevel/Content/BP/PickUpObjectsBP.uasset" 4178
"../../../../ProgrammazioneAvanzata/ImpetusFirstLevel/Content/Fab/Axe/axe/Textures/axe_texture_0.uasset" 4179
"../../../../ProgrammazioneAvanzata/ImpetusFirstLevel/Content/Fab/Axe/axe/Textures/axe_texture_1.uasset" 4180
"../../../../ProgrammazioneAvanzata/ImpetusFirstLevel/Content/Fab/Axe/axe/Textures/axe_texture_2.uasset" 4181
"../../Plugins/Interchange/Assets/Content/gltf/MaterialInstances/MI_Default_Mask_DS.uasset" 4182
"../../../../ProgrammazioneAvanzata/ImpetusFirstLevel/Content/Fab/Realistic_tree/realistic_tree_texture_6.uasset" 4183
"../../../../ProgrammazioneAvanzata/ImpetusFirstLevel/Content/Fab/Realistic_tree/realistic_tree_texture_7.uasset" 4184
"../../../../ProgrammazioneAvanzata/ImpetusFirstLevel/Content/Fab/Realistic_tree/realistic_tree_texture_8.uasset" 4185
"../../../../ProgrammazioneAvanzata/ImpetusFirstLevel/Content/Fab/Realistic_tree/realistic_tree_texture_3.uasset" 4186
"../../../../ProgrammazioneAvanzata/ImpetusFirstLevel/Content/Fab/Realistic_tree/realistic_tree_texture_4.uasset" 4187
"../../../../ProgrammazioneAvanzata/ImpetusFirstLevel/Content/Fab/Realistic_tree/realistic_tree_texture_5.uasset" 4188
"../../../../ProgrammazioneAvanzata/ImpetusFirstLevel/Content/Fab/Realistic_tree/realistic_tree_texture_0.uasset" 4189
"../../../../ProgrammazioneAvanzata/ImpetusFirstLevel/Content/Fab/Realistic_tree/realistic_tree_texture_1.uasset" 4190
"../../../../ProgrammazioneAvanzata/ImpetusFirstLevel/Content/Fab/Realistic_tree/realistic_tree_texture_2.uasset" 4191
"../../../../ProgrammazioneAvanzata/ImpetusFirstLevel/Content/Fab/SpadaLeggendaria/fur-2.uasset" 4192
"../../../../ProgrammazioneAvanzata/ImpetusFirstLevel/Content/Fab/SpadaLeggendaria/fur-2_normal_normal.uasset" 4193
"../../../../ProgrammazioneAvanzata/ImpetusFirstLevel/Content/V_Assets/SpadaMitica/red.uasset" 4194
"../../Plugins/Fab/Content/Materials/Standard/M_MS_Base.uasset" 4195
"../../../../ProgrammazioneAvanzata/ImpetusFirstLevel/Content/Vegetazione/T_shopk_2K_B.uasset" 4196
"../../../../ProgrammazioneAvanzata/ImpetusFirstLevel/Content/Vegetazione/T_shopk_2K_N.uasset" 4197
"../../../../ProgrammazioneAvanzata/ImpetusFirstLevel/Content/Vegetazione/T_shopk_2K_ORM.uasset" 4198
"../../../../ProgrammazioneAvanzata/ImpetusFirstLevel/Content/Fab/Wooden_Log/wooded_log_1/Textures/wooded_log_1_texture_0.uasset" 4199
"../../../../ProgrammazioneAvanzata/ImpetusFirstLevel/Content/Fab/Wooden_Log/wooded_log_1/Textures/wooded_log_1_texture_1.uasset" 4200
"../../../../ProgrammazioneAvanzata/ImpetusFirstLevel/Content/Fab/Wooden_Log/wooded_log_1/Textures/wooded_log_1_texture_2.uasset" 4201
"../../Plugins/Fab/Content/MaterialFunctions/QMF_AOAdjustments.uasset" 4202
"../../Plugins/Fab/Content/MaterialFunctions/QMF_BaseColorAdjustments.uasset" 4203
"../../Plugins/Fab/Content/MaterialFunctions/QMF_NormalAdjustments.uasset" 4204
"../../Plugins/Fab/Content/MaterialFunctions/QMF_RoughnessAdjustments.uasset" 4205
"../../Plugins/Fab/Content/Textures/Standard/T_DefaultColor.uasset" 4206
"../../Plugins/Fab/Content/Textures/Standard/T_DefaultDisplacement.uasset" 4207
"../../Plugins/Fab/Content/Textures/Standard/T_DefaultMasks.uasset" 4208
"../../Plugins/Fab/Content/Textures/Standard/T_DefaultNormal.uasset" 4209
"/Game/BP/DoorTopBP" 4210
"/Game/BP/FloatingCrownBP" 4211
"/Game/Fab/Medieval_Env/Buildings/BuildingMeshes/SM_BigOpeningBar" 4212
"/Game/BP/Objects/Weapons/FloatingMythicSword" 4213
"/Game/Fab/DEMOFlowerpack/StaticMesh/SM_Daisy_Single" 4214
"/Game/Fab/DEMOFlowerpack/StaticMesh/SM_Rose_Red_Open" 4215
"/Game/Fab/DEMOFlowerpack/StaticMesh/SM_Rose_Black_Open" 4216
"/Game/Fab/DEMOFlowerpack/StaticMesh/SM_Hyacinth_PastellBlue_Big" 4217
"/Game/Fab/DEMOFlowerpack/StaticMesh/SM_Dandelion_Small" 4218
"D:/ProgrammazioneAvanzata/ImpetusFirstLevel/Content/Audio/walk-on-grass-1-291984.uasset" 4219
"D:/ProgrammazioneAvanzata/ImpetusFirstLevel/Content/AI/Animation/MF_Unarmed_Walk_Bwd_Left.uasset" 4220
"D:/ProgrammazioneAvanzata/ImpetusFirstLevel/Content/AI/Animation/MF_Unarmed_Walk_Bwd_Right.uasset" 4221
"/Game/Fab/Medieval_Env/Buildings/BuildingMeshes/SM_BigDoor_1" 4222
"D:/ProgrammazioneAvanzata/ImpetusFirstLevel/Content/AI/Animation/MF_Unarmed_Walk_Bwd.uasset" 4223
"D:/ProgrammazioneAvanzata/ImpetusFirstLevel/Content/Audio/SA_AI.uasset" 4224
"D:/ProgrammazioneAvanzata/ImpetusFirstLevel/Content/AI/Animation/MF_Unarmed_Walk_Fwd.uasset" 4225
"D:/ProgrammazioneAvanzata/ImpetusFirstLevel/Content/AI/Animation/MF_Unarmed_Walk_Fwd_Left.uasset" 4226
"D:/ProgrammazioneAvanzata/ImpetusFirstLevel/Content/AI/Animation/MF_Unarmed_Walk_Fwd_Right.uasset" 4227
"D:/ProgrammazioneAvanzata/ImpetusFirstLevel/Content/AI/Animation/MF_Unarmed_Walk_Right.uasset" 4228
"D:/ProgrammazioneAvanzata/ImpetusFirstLevel/Content/AI/Animation/MF_Unarmed_Walk_Left.uasset" 4229
"D:/ProgrammazioneAvanzata/ImpetusFirstLevel/Content/AI/Animation/MM_Idle.uasset" 4230
"D:/ProgrammazioneAvanzata/ImpetusFirstLevel/Content/AI/Animation/BS_Idle_Walk_Run.uasset" 4231
"D:/ProgrammazioneAvanzata/ImpetusFirstLevel/Content/AI/Animation/MM_Fall_Loop.uasset" 4232
"D:/ProgrammazioneAvanzata/ImpetusFirstLevel/Content/AI/Animation/MM_Jump.uasset" 4233
"/Game/AI/Animation/MF_Unarmed_Jog_Right" 4234
"../../../Engine/Content/Animation/DefaultAnimBoneCompressionSettings.uasset" 4235
"../../../Engine/Content/Animation/DefaultAnimCurveCompressionSettings.uasset" 4236
"../../../../ProgrammazioneAvanzata/ImpetusFirstLevel/Content/Fab/Brute/Brute_Skeleton.uasset" 4237
"/Game/AI/Animation/MF_Unarmed_Jog_Left" 4238
"/Game/AI/Animation/MF_Unarmed_Jog_Fwd_Right" 4239
"/Game/AI/Animation/MF_Unarmed_Jog_Fwd_Left" 4240
"/Game/AI/Animation/MF_Unarmed_Jog_Bwd_Right" 4241
"/Game/AI/Animation/MF_Unarmed_Jog_Bwd_Left" 4242
"/Game/AI/SpawnSystem/BP_EnemySpawner" 4243
"../../../../ProgrammazioneAvanzata/ImpetusFirstLevel/Content/AI/Enemy/BP_EnemyBase.uasset" 4244
"../../../../ProgrammazioneAvanzata/ImpetusFirstLevel/Content/BP/MyGameModeBaseBP.uasset" 4245
"../../../../ProgrammazioneAvanzata/ImpetusFirstLevel/Content/AI/Animation/ABP_Unarmed.uasset" 4246
"../../../../ProgrammazioneAvanzata/ImpetusFirstLevel/Content/Animation/Montage_Sword_Attack1.uasset" 4247
"../../../../ProgrammazioneAvanzata/ImpetusFirstLevel/Content/AI/Enemy/AIC_Enemy_Base.uasset" 4248
"../../../../ProgrammazioneAvanzata/ImpetusFirstLevel/Content/AI/Enemy/BP_Patrol_Route.uasset" 4249
"../../../../ProgrammazioneAvanzata/ImpetusFirstLevel/Content/AI/Enemy/BPI_EnemyInterface.uasset" 4250
"../../../../ProgrammazioneAvanzata/ImpetusFirstLevel/Content/BP/FloatingKeyBP.uasset" 4251
"../../../../ProgrammazioneAvanzata/ImpetusFirstLevel/Content/BP/FloatingMeatBP.uasset" 4252
"../../../../ProgrammazioneAvanzata/ImpetusFirstLevel/Content/BP/FloatingRockBP.uasset" 4253
"../../../../ProgrammazioneAvanzata/ImpetusFirstLevel/Content/BP/Objects/Weapons/EnemySword.uasset" 4254
"../../../../ProgrammazioneAvanzata/ImpetusFirstLevel/Content/AI/Enemy/BPS_EnemyItemPool.uasset" 4255
"../../../../ProgrammazioneAvanzata/ImpetusFirstLevel/Content/AI/Enemy/Enums/E_EnemySpeed.uasset" 4256
"../../../../ProgrammazioneAvanzata/ImpetusFirstLevel/Content/Fab/Brute/Brute.uasset" 4257
"../../../../ProgrammazioneAvanzata/ImpetusFirstLevel/Content/AI/Animation/MM_Fall_Loop.uasset" 4258
"../../../../ProgrammazioneAvanzata/ImpetusFirstLevel/Content/AI/Animation/MM_Idle.uasset" 4259
"../../../../ProgrammazioneAvanzata/ImpetusFirstLevel/Content/AI/Animation/MM_Jump.uasset" 4260
"../../../../ProgrammazioneAvanzata/ImpetusFirstLevel/Content/AI/Animation/MM_Land.uasset" 4261
"../../../../ProgrammazioneAvanzata/ImpetusFirstLevel/Content/AI/Animation/BS_Idle_Walk_Run.uasset" 4262
"../../../../ProgrammazioneAvanzata/ImpetusFirstLevel/Content/Player/Mannequins/Rigs/CR_Mannequin_FootIK.uasset" 4263
"../../../../ProgrammazioneAvanzata/ImpetusFirstLevel/Content/Animation/SwordAndShieldSlash_UE_Anim1.uasset" 4264
"../../../../ProgrammazioneAvanzata/ImpetusFirstLevel/Content/AI/Enemy/BT_Enemy_Base.uasset" 4265
"../../../../ProgrammazioneAvanzata/ImpetusFirstLevel/Content/AI/Enemy/Enums/E_AISense.uasset" 4266
"../../../../ProgrammazioneAvanzata/ImpetusFirstLevel/Content/AI/Enemy/Enums/E_EnemyState.uasset" 4267
"../../../../ProgrammazioneAvanzata/ImpetusFirstLevel/Content/V_Assets/Chiave/Key.uasset" 4268
"../../../../ProgrammazioneAvanzata/ImpetusFirstLevel/Content/Fab/Stylized_Wooden_Medieval_Sword/stylized_wooden_medieval_sword/StaticMeshes/stylized_wooden_medieval_sword.uasset" 4269
"../../../../ProgrammazioneAvanzata/ImpetusFirstLevel/Content/Fab/Brute/blinn7.uasset" 4270
"../../../../ProgrammazioneAvanzata/ImpetusFirstLevel/Content/Fab/Brute/Body_MAT4.uasset" 4271
"../../../../ProgrammazioneAvanzata/ImpetusFirstLevel/Content/Fab/Brute/EyeSpec_MAT2.uasset" 4272
"../../../../ProgrammazioneAvanzata/ImpetusFirstLevel/Content/Fab/Brute/EyeSpec_MAT4.uasset" 4273
"../../../../ProgrammazioneAvanzata/ImpetusFirstLevel/Content/Fab/Brute/Lashes_MAT4.uasset" 4274
"../../../../ProgrammazioneAvanzata/ImpetusFirstLevel/Content/Fab/Brute/MaleBruteA_Bottom5.uasset" 4275
"../../../../ProgrammazioneAvanzata/ImpetusFirstLevel/Content/Fab/Brute/MaleBruteA_Hair6.uasset" 4276
"../../../../ProgrammazioneAvanzata/ImpetusFirstLevel/Content/Fab/Brute/MaleBruteA_Moustache5.uasset" 4277
"../../../../ProgrammazioneAvanzata/ImpetusFirstLevel/Content/Fab/Brute/MaleBruteA_Shoes6.uasset" 4278
"../../../../ProgrammazioneAvanzata/ImpetusFirstLevel/Content/Fab/Brute/phong4.uasset" 4279
"../../../../ProgrammazioneAvanzata/ImpetusFirstLevel/Content/Fab/Brute/Brute_PhysicsAsset.uasset" 4280
"../../../../ProgrammazioneAvanzata/ImpetusFirstLevel/Content/AI/Animation/MF_Unarmed_Walk_Bwd.uasset" 4281
"../../../../ProgrammazioneAvanzata/ImpetusFirstLevel/Content/AI/Animation/MF_Unarmed_Walk_Bwd_Left.uasset" 4282
"../../../../ProgrammazioneAvanzata/ImpetusFirstLevel/Content/AI/Animation/MF_Unarmed_Walk_Bwd_Right.uasset" 4283
"../../../../ProgrammazioneAvanzata/ImpetusFirstLevel/Content/AI/Animation/MF_Unarmed_Walk_Fwd.uasset" 4284
"../../../../ProgrammazioneAvanzata/ImpetusFirstLevel/Content/AI/Animation/MF_Unarmed_Walk_Fwd_Left.uasset" 4285
"../../../../ProgrammazioneAvanzata/ImpetusFirstLevel/Content/AI/Animation/MF_Unarmed_Walk_Fwd_Right.uasset" 4286
"../../../../ProgrammazioneAvanzata/ImpetusFirstLevel/Content/AI/Animation/MF_Unarmed_Walk_Left.uasset" 4287
"../../../../ProgrammazioneAvanzata/ImpetusFirstLevel/Content/AI/Animation/MF_Unarmed_Walk_Right.uasset" 4288
"../../../../ProgrammazioneAvanzata/ImpetusFirstLevel/Content/AI/Enemy/BB_Enemy_Base.uasset" 4289
"../../../../ProgrammazioneAvanzata/ImpetusFirstLevel/Content/AI/Enemy/Decorators/BTD_IsWeildingWeapon.uasset" 4290
"../../../../ProgrammazioneAvanzata/ImpetusFirstLevel/Content/AI/Enemy/Tasks/BTT_ClearFocus.uasset" 4291
"../../../../ProgrammazioneAvanzata/ImpetusFirstLevel/Content/AI/Enemy/Tasks/BTT_FindRandomLocation.uasset" 4292
"../../../../ProgrammazioneAvanzata/ImpetusFirstLevel/Content/AI/Enemy/Tasks/BTT_FocusOnTarget.uasset" 4293
"../../../../ProgrammazioneAvanzata/ImpetusFirstLevel/Content/AI/Enemy/Tasks/BTT_MeleeAttack.uasset" 4294
"../../../../ProgrammazioneAvanzata/ImpetusFirstLevel/Content/AI/Enemy/Tasks/BTT_SetMovSpeed.uasset" 4295
"../../../../ProgrammazioneAvanzata/ImpetusFirstLevel/Content/AI/Enemy/Tasks/BTT_SetStateAsPassive.uasset" 4296
"../../../../ProgrammazioneAvanzata/ImpetusFirstLevel/Content/AI/Enemy/Tasks/BTT_SheathSword.uasset" 4297
"../../../../ProgrammazioneAvanzata/ImpetusFirstLevel/Content/AI/Enemy/Tasks/BTT_WieldWeapon.uasset" 4298
"../../../../ProgrammazioneAvanzata/ImpetusFirstLevel/Content/Fab/Stylized_Wooden_Medieval_Sword/stylized_wooden_medieval_sword/Materials/None_005.uasset" 4299
"../../../../ProgrammazioneAvanzata/ImpetusFirstLevel/Content/Fab/Brute/axe_DIF2.uasset" 4300
"../../../../ProgrammazioneAvanzata/ImpetusFirstLevel/Content/Fab/Brute/axe_NM2.uasset" 4301
"../../../../ProgrammazioneAvanzata/ImpetusFirstLevel/Content/Fab/Brute/axe_SPEC.uasset" 4302
"../../../../ProgrammazioneAvanzata/ImpetusFirstLevel/Content/Fab/Brute/MaleBruteA_Body_diffuse1.uasset" 4303
"../../../../ProgrammazioneAvanzata/ImpetusFirstLevel/Content/Fab/Brute/MaleBruteA_StdNM.uasset" 4304
"../../../../ProgrammazioneAvanzata/ImpetusFirstLevel/Content/Fab/Brute/MaleBruteA_Body_diffuse.uasset" 4305
"../../../../ProgrammazioneAvanzata/ImpetusFirstLevel/Content/Fab/Brute/MaleBruteA_Bottom_diffuse1.uasset" 4306
"../../../../ProgrammazioneAvanzata/ImpetusFirstLevel/Content/Fab/Brute/MaleBruteA_Bottom_normal.uasset" 4307
"../../../../ProgrammazioneAvanzata/ImpetusFirstLevel/Content/Fab/Brute/MaleBruteA_Bottom_specular.uasset" 4308
"../../../Engine/Content/Functions/Engine_MaterialFunctions03/Procedurals/NormalFromHeightmap.uasset" 4309
"../../../../ProgrammazioneAvanzata/ImpetusFirstLevel/Content/Fab/Brute/MaleBruteA_Hair_diffuse.uasset" 4310
"../../../../ProgrammazioneAvanzata/ImpetusFirstLevel/Content/Fab/Brute/MaleBruteA_Hair_normal.uasset" 4311
"../../../../ProgrammazioneAvanzata/ImpetusFirstLevel/Content/Fab/Brute/MaleBruteA_Hair_specular.uasset" 4312
"../../../../ProgrammazioneAvanzata/ImpetusFirstLevel/Content/Fab/Brute/MaleBruteA_Moustache_diffuse.uasset" 4313
"../../../../ProgrammazioneAvanzata/ImpetusFirstLevel/Content/Fab/Brute/MaleBruteA_Moustache_normal.uasset" 4314
"../../../../ProgrammazioneAvanzata/ImpetusFirstLevel/Content/Fab/Brute/MaleBruteA_Moustache_specular.uasset" 4315
"../../../../ProgrammazioneAvanzata/ImpetusFirstLevel/Content/Fab/Brute/MaleBruteA_Shoes_diffuse1.uasset" 4316
"../../../../ProgrammazioneAvanzata/ImpetusFirstLevel/Content/Fab/Brute/MaleBruteA_Shoes_normal.uasset" 4317
"../../../../ProgrammazioneAvanzata/ImpetusFirstLevel/Content/Fab/Brute/MaleBruteA_Shoes_specular.uasset" 4318
"../../../../ProgrammazioneAvanzata/ImpetusFirstLevel/Content/Audio/walk-on-grass-1-291984.uasset" 4319
"../../../../ProgrammazioneAvanzata/ImpetusFirstLevel/Content/Fab/Stylized_Wooden_Medieval_Sword/stylized_wooden_medieval_sword/Textures/stylized_wooden_medieval_sword_texture_0.uasset" 4320
"../../../../ProgrammazioneAvanzata/ImpetusFirstLevel/Content/Fab/Stylized_Wooden_Medieval_Sword/stylized_wooden_medieval_sword/Textures/stylized_wooden_medieval_sword_texture_1.uasset" 4321
"../../../../ProgrammazioneAvanzata/ImpetusFirstLevel/Content/Audio/SA_AI.uasset" 4322
"/Game/Levels/Level2_Map_sharedassets/Rock_LayerInfo" 4323
"/Game/Levels/Level2_Map_sharedassets/Road_LayerInfo" 4324
"/Game/Levels/Level2_Map_sharedassets/Grass_LayerInfo" 4325
"/Game/Audio/medieval-ambient-236809" 4326
"/Game/BP/Door1BP" 4327
"/Game/BP/GateBP" 4328
"D:/ProgrammazioneAvanzata/ImpetusFirstLevel/Content/Fab/Megascans/Surfaces/Uncut_Grass_oilpt20/High/oilpt20_tier_1/Textures/T_oilpt20_4K_ORM.uasset" 4329
"D:/ProgrammazioneAvanzata/ImpetusFirstLevel/Content/Fab/Megascans/Surfaces/Ground_Rubble_vl3jbbcg/High/vl3jbbcg_tier_1/Textures/T_vl3jbbcg_4K_ORM.uasset" 4330
"D:/ProgrammazioneAvanzata/ImpetusFirstLevel/Content/Fab/Megascans/Surfaces/Uncut_Grass_oilpt20/High/oilpt20_tier_1/Textures/T_oilpt20_4K_H.uasset" 4331
"D:/ProgrammazioneAvanzata/ImpetusFirstLevel/Content/Fab/Megascans/Surfaces/Ground_Rubble_vl3jbbcg/High/vl3jbbcg_tier_1/Textures/T_vl3jbbcg_4K_N.uasset" 4332
"D:/ProgrammazioneAvanzata/ImpetusFirstLevel/Content/Fab/Megascans/Surfaces/Uncut_Grass_oilpt20/High/oilpt20_tier_1/Textures/T_oilpt20_4K_N.uasset" 4333
"D:/ProgrammazioneAvanzata/ImpetusFirstLevel/Content/Fab/Megascans/Surfaces/Uncut_Grass_oilpt20/High/oilpt20_tier_1/Textures/T_oilpt20_4K_B.uasset" 4334
"D:/ProgrammazioneAvanzata/ImpetusFirstLevel/Content/Fab/Megascans/Surfaces/Rock_Cliff_xccibbi/High/xccibbi_tier_1/Textures/T_xccibbi_4K_N.uasset" 4335
"D:/ProgrammazioneAvanzata/ImpetusFirstLevel/Content/Fab/Megascans/Surfaces/Rock_Cliff_xccibbi/High/xccibbi_tier_1/Textures/T_xccibbi_4K_B.uasset" 4336
"D:/ProgrammazioneAvanzata/ImpetusFirstLevel/Content/Fab/Megascans/Surfaces/Ground_Rubble_vl3jbbcg/High/vl3jbbcg_tier_1/Textures/T_vl3jbbcg_4K_H.uasset" 4337
"D:/ProgrammazioneAvanzata/ImpetusFirstLevel/Content/Fab/Megascans/Surfaces/Ground_Rubble_vl3jbbcg/High/vl3jbbcg_tier_1/Textures/T_vl3jbbcg_4K_B.uasset" 4338
"D:/ProgrammazioneAvanzata/ImpetusFirstLevel/Content/Materials/Terrain/Functions/WorldAlignedTexture_16b.uasset" 4339
"../../../Engine/Content/Functions/Engine_MaterialFunctions02/WorldAlignedNormals_HighQuality.uasset" 4340
"../../../Engine/Content/Functions/Engine_MaterialFunctions01/Texturing/WorldAlignedNormal.uasset" 4341
"../../../Engine/Content/EngineMaterials/DefaultNormal_Uncompressed.uasset" 4342
"D:/ProgrammazioneAvanzata/ImpetusFirstLevel/Content/Fab/Megascans/Surfaces/Rock_Cliff_xccibbi/High/xccibbi_tier_1/Textures/T_xccibbi_4K_H.uasset" 4343
"D:/ProgrammazioneAvanzata/ImpetusFirstLevel/Content/Fab/Megascans/Surfaces/Rock_Cliff_xccibbi/High/xccibbi_tier_1/Textures/T_xccibbi_4K_ORM.uasset" 4344
"/Game/Fab/Megascans/Surfaces/Uncut_Grass_oilpt20/High/oilpt20_tier_1/Textures/T_oilpt20_4K_ORM" 4345
"/Game/Fab/Megascans/Surfaces/Uncut_Grass_oilpt20/High/oilpt20_tier_1/Textures/T_oilpt20_4K_N" 4346
"/Game/Fab/Megascans/Surfaces/Uncut_Grass_oilpt20/High/oilpt20_tier_1/Textures/T_oilpt20_4K_H" 4347
"/Game/Fab/Megascans/Surfaces/Uncut_Grass_oilpt20/High/oilpt20_tier_1/Textures/T_oilpt20_4K_B" 4348
"/Game/Fab/Megascans/Surfaces/Rock_Cliff_xccibbi/High/xccibbi_tier_1/Textures/T_xccibbi_4K_ORM" 4349
"/Game/Fab/Megascans/Surfaces/Rock_Cliff_xccibbi/High/xccibbi_tier_1/Textures/T_xccibbi_4K_N" 4350
"/Game/Fab/Megascans/Surfaces/Rock_Cliff_xccibbi/High/xccibbi_tier_1/Textures/T_xccibbi_4K_H" 4351
"/Game/Fab/Megascans/Surfaces/Rock_Cliff_xccibbi/High/xccibbi_tier_1/Textures/T_xccibbi_4K_B" 4352
"/Game/Fab/Megascans/Surfaces/Ground_Rubble_vl3jbbcg/High/vl3jbbcg_tier_1/Textures/T_vl3jbbcg_4K_ORM" 4353
"/Game/Fab/Megascans/Surfaces/Ground_Rubble_vl3jbbcg/High/vl3jbbcg_tier_1/Textures/T_vl3jbbcg_4K_N" 4354
"/Game/Fab/Megascans/Surfaces/Ground_Rubble_vl3jbbcg/High/vl3jbbcg_tier_1/Textures/T_vl3jbbcg_4K_H" 4355
"/Game/Fab/Megascans/Surfaces/Ground_Rubble_vl3jbbcg/High/vl3jbbcg_tier_1/Textures/T_vl3jbbcg_4K_B" 4356
"/Game/Materials/Terrain/Functions/WorldAlignedTexture_16b" 4357
"/Engine/Functions/Engine_MaterialFunctions01/Texturing/WorldAlignedNormal" 4358
"../../../Engine/Content/Functions/Engine_MaterialFunctions02/Math/CreateThirdOrthogonalVector.uasset" 4359
"D:/ProgrammazioneAvanzata/ImpetusFirstLevel/Content/Materials/Terrain/Lelellvel2_Terrain_Material.uasset" 4360
"../../../Engine/Content/Functions/Engine_MaterialFunctions01/Units/Km-to-Cm.uasset" 4361
"D:/ProgrammazioneAvanzata/ImpetusFirstLevel/Content/V_Assets/Trono/Throne.uasset" 4362
"../../../Engine/Content/EngineSky/VolumetricClouds/m_SimpleVolumetricCloud.uasset" 4363
"../../../Engine/Content/Functions/Engine_MaterialFunctions02/Utility/BreakOutFloat4Components.uasset" 4364
"../../../Engine/Content/EngineSky/VolumetricClouds/T_CloudPattern.uasset" 4365
"../../../Engine/Content/EngineSky/VolumetricClouds/VT_Lightning.uasset" 4366
"/Engine/Functions/Engine_MaterialFunctions01/Units/Km-to-Cm" 4367
"../../../Engine/Content/EngineSky/VolumetricClouds/m_SimpleVolumetricCloud_Inst.uasset" 4368
"../../../Engine/Content/EngineSounds/Submixes/MasterReverbEffectPreset.uasset" 4369
"../../../Engine/Content/EngineSounds/Submixes/MasterEQEffectPreset.uasset" 4370
"D:/ProgrammazioneAvanzata/ImpetusFirstLevel/Content/Levels/Level2_Map.umap" 4371
"../../../Engine/Content/EngineSky/VolumetricClouds/T_Profile_08.uasset" 4372
"../../../Engine/Content/EngineSounds/Submixes/MasterEQSubmixDefault.uasset" 4373
"../../../Engine/Content/EngineSounds/Submixes/MasterSubmixDefault.uasset" 4374
"../../../Engine/Content/EngineSky/VolumetricClouds/T_CloudMask.uasset" 4375
"../../../Engine/Plugins/Interchange/Assets/Content/gltf/MaterialFunctions/MF_Clearcoat.uasset" 4376
"../../../Engine/Plugins/Interchange/Assets/Content/gltf/MaterialBodies/MF_ClearCoat_Body.uasset" 4377
"../../../Engine/Content/EngineSounds/Submixes/MasterReverbSubmixDefault.uasset" 4378
"D:/ProgrammazioneAvanzata/ImpetusFirstLevel/Content/BP/GameInstanceBP.uasset" 4379
"../../../Engine/Plugins/Interchange/Assets/Content/Functions/MF_Iridescence.uasset" 4380
"../../../Engine/Content/Functions/Engine_MaterialFunctions03/Math/RemapValueRange.uasset" 4381
"../../../Engine/Content/Functions/Engine_MaterialFunctions02/Utility/MakeFloat4.uasset" 4382
"../../../Engine/Plugins/Interchange/Assets/Content/Utilities/New_LUT.uasset" 4383
"../../../Engine/Plugins/Interchange/Assets/Content/gltf/MaterialInstances/MI_ClearCoat_Blend.uasset" 4384
"../../../Engine/Plugins/Interchange/Assets/Content/gltf/MaterialInstances/MI_ClearCoat_Opaque_DS.uasset" 4385
"../../../Engine/Plugins/Interchange/Assets/Content/gltf/MaterialInstances/MI_ClearCoat_Mask.uasset" 4386
"../../../Engine/Plugins/Interchange/Assets/Content/gltf/MaterialInstances/MI_ClearCoat_Opaque.uasset" 4387
"../../../Engine/Plugins/Interchange/Assets/Content/gltf/MaterialInstances/MI_ClearCoat_Mask_DS.uasset" 4388
"../../../Engine/Plugins/Interchange/Assets/Content/gltf/M_ClearCoat.uasset" 4389
"../../../Engine/Plugins/Interchange/Assets/Content/gltf/MaterialInstances/MI_ClearCoat_Blend_DS.uasset" 4390
"../../../Engine/Content/Functions/Engine_MaterialFunctions01/Texturing/FlattenNormal.uasset" 4391
"../../../Engine/Content/EngineSky/VolumetricClouds/VT_PerlinWorley_Balanced.uasset" 4392
"/Game/Materials/Terrain/Lelellvel2_Terrain_Material" 4393
"/InterchangeAssets/gltf/MaterialInstances/MI_ClearCoat_Blend_DS" 4394
"/InterchangeAssets/gltf/MaterialInstances/MI_ClearCoat_Mask_DS" 4395
"/InterchangeAssets/gltf/MaterialInstances/MI_ClearCoat_Opaque_DS" 4396
"/InterchangeAssets/gltf/MaterialInstances/MI_ClearCoat_Blend" 4397
"/InterchangeAssets/gltf/MaterialInstances/MI_ClearCoat_Mask" 4398
"/InterchangeAssets/gltf/MaterialInstances/MI_ClearCoat_Opaque" 4399
"/Game/BP/GameInstanceBP" 4400
"/Engine/EngineSounds/Submixes/MasterReverbSubmixDefault" 4401
"/Game/Levels/Level2_Map" 4402
"../../../../ProgrammazioneAvanzata/ImpetusFirstLevel/Content/Levels/Level2_Map.umap" 4403
"../../../Engine/Plugins/Interchange/Assets/Content/gltf/MaterialInstances/MI_Sheen_Opaque.uasset" 4404
"../../../Engine/Plugins/Interchange/Assets/Content/gltf/MaterialInstances/MI_Sheen_Mask.uasset" 4405
"../../../Engine/Plugins/Interchange/Assets/Content/gltf/MaterialInstances/MI_Sheen_Opaque_DS.uasset" 4406
"../../../Engine/Plugins/Interchange/Assets/Content/gltf/MaterialInstances/MI_Default_Blend.uasset" 4407
"../../../Engine/Plugins/Interchange/Assets/Content/gltf/MaterialInstances/MI_Sheen_Blend_DS.uasset" 4408
"../../../Engine/Plugins/Interchange/Assets/Content/gltf/MaterialInstances/MI_Sheen_Mask_DS.uasset" 4409
"../../../Engine/Plugins/Interchange/Assets/Content/gltf/MaterialFunctions/MF_Transmission.uasset" 4410
"../../../Engine/Plugins/Interchange/Assets/Content/gltf/M_Sheen.uasset" 4411
"../../../Engine/Plugins/Interchange/Assets/Content/gltf/MaterialFunctions/MF_Fresnel_DS.uasset" 4412
"../../../Engine/Plugins/Interchange/Assets/Content/gltf/MaterialInstances/MI_Sheen_Blend.uasset" 4413
"../../../Engine/Plugins/Interchange/Assets/Content/gltf/MaterialFunctions/MF_Temporal_Blur.uasset" 4414
"../../../Engine/Plugins/Interchange/Assets/Content/gltf/MaterialBodies/MF_Transmission_Body.uasset" 4415
"../../../Engine/Plugins/Interchange/Assets/Content/gltf/M_Transmission.uasset" 4416
"../../../Engine/Plugins/Interchange/Assets/Content/gltf/MaterialInstances/MI_Transmission.uasset" 4417
"../../../Engine/Plugins/Interchange/Assets/Content/gltf/MaterialBodies/MF_Sheen_Body.uasset" 4418
"../../../Engine/Plugins/Interchange/Assets/Content/gltf/MaterialInstances/MI_Transmission_DS.uasset" 4419
"../../../Engine/Plugins/Interchange/Assets/Content/gltf/MaterialFunctions/MF_DiffuseSpecGloss.uasset" 4420
"../../../Engine/Plugins/Interchange/Assets/Content/gltf/MaterialFunctions/MF_MaxComponentValue.uasset" 4421
"../../../Engine/Plugins/Interchange/Assets/Content/gltf/MaterialFunctions/MF_SpecGlossToMetalRoughness.uasset" 4422
"../../../Engine/Content/Functions/Engine_MaterialFunctions02/Math/AddComponents.uasset" 4423
"../../../Engine/Plugins/Interchange/Assets/Content/gltf/MaterialBodies/MF_SpecularGlossiness_Body.uasset" 4424
"../../../Engine/Plugins/Interchange/Assets/Content/gltf/MaterialInstances/MI_SpecularGlossiness_Opaque.uasset" 4425
"../../../Engine/Plugins/Interchange/Assets/Content/gltf/M_SpecularGlossiness.uasset" 4426
"../../../Engine/Plugins/Interchange/Assets/Content/gltf/MaterialInstances/MI_SpecularGlossiness_Mask.uasset" 4427
"../../../Engine/Plugins/Interchange/Assets/Content/gltf/MaterialInstances/MI_SpecularGlossiness_Blend.uasset" 4428
"../../../Engine/Plugins/Interchange/Assets/Content/gltf/MaterialInstances/MI_SpecularGlossiness_Opaque_DS.uasset" 4429
"../../../Engine/Plugins/Interchange/Assets/Content/gltf/MaterialInstances/MI_SpecularGlossiness_Blend_DS.uasset" 4430
"../../../Engine/Plugins/Interchange/Assets/Content/gltf/MaterialInstances/MI_SpecularGlossiness_Mask_DS.uasset" 4431
"../../../Engine/Plugins/Interchange/Assets/Content/gltf/MaterialInstances/MI_Default_Opaque.uasset" 4432
"../../../Engine/Plugins/Interchange/Assets/Content/gltf/MaterialFunctions/MF_Sheen.uasset" 4433
"../../../Engine/Plugins/Interchange/Assets/Content/gltf/MaterialFunctions/MF_PerceivedBrightness.uasset" 4434
"../../../Engine/Plugins/Interchange/Assets/Content/gltf/MaterialInstances/MI_Default_Mask.uasset" 4435
"/Engine/EditorResources/EmptyActor" 4436
"../../../Engine/Content/EditorResources/EmptyActor.uasset" 4437
"/InterchangeAssets/gltf/MaterialInstances/MI_SpecularGlossiness_Opaque_DS" 4438
"/InterchangeAssets/gltf/MaterialInstances/MI_SpecularGlossiness_Blend" 4439
"/InterchangeAssets/gltf/MaterialInstances/MI_SpecularGlossiness_Mask" 4440
"/InterchangeAssets/gltf/MaterialInstances/MI_SpecularGlossiness_Opaque" 4441
"/InterchangeAssets/gltf/MaterialInstances/MI_Transmission_DS" 4442
"/InterchangeAssets/gltf/MaterialInstances/MI_Transmission" 4443
"/InterchangeAssets/gltf/MaterialInstances/MI_Sheen_Blend_DS" 4444
"/InterchangeAssets/gltf/MaterialInstances/MI_Sheen_Mask_DS" 4445
"/InterchangeAssets/gltf/MaterialInstances/MI_Sheen_Opaque_DS" 4446
"/InterchangeAssets/gltf/MaterialInstances/MI_Sheen_Blend" 4447
"/InterchangeAssets/gltf/MaterialInstances/MI_Sheen_Mask" 4448
"/InterchangeAssets/gltf/MaterialInstances/MI_Sheen_Opaque" 4449
"/InterchangeAssets/gltf/MaterialInstances/MI_Default_Blend" 4450
"/InterchangeAssets/gltf/MaterialInstances/MI_SpecularGlossiness_Blend_DS" 4451
"/InterchangeAssets/gltf/MaterialInstances/MI_Default_Mask" 4452
"/InterchangeAssets/gltf/MaterialInstances/MI_Default_Opaque" 4453
"/InterchangeAssets/gltf/MaterialInstances/MI_SpecularGlossiness_Mask_DS" 4454
"../../../Engine/Content/Functions/Substrate/MF_SchlickInternal.uasset" 4455
"../../../Engine/Plugins/Interchange/Assets/Content/Functions/MF_OrenNayerView.uasset" 4456
"../../../Engine/Plugins/Interchange/Assets/Content/Functions/MX_Transmission.uasset" 4457
"../../../Engine/Plugins/Interchange/Assets/Content/Functions/MX_StandardSurface.uasset" 4458
"../../../Engine/Plugins/Interchange/Assets/Content/Functions/MX_TransmissionSurface.uasset" 4459
"../../../Engine/Plugins/Interchange/Assets/Content/Functions/MX_OpenPBR_Translucent.uasset" 4460
"../../../Engine/Plugins/Interchange/Assets/Content/gltf/MaterialBodies/MF_Unlit_Body.uasset" 4461
"../../../Engine/Plugins/Interchange/Assets/Content/gltf/MaterialInstances/MI_Unlit_Mask.uasset" 4462
"../../../Engine/Plugins/Interchange/Assets/Content/gltf/MaterialInstances/MI_Unlit_Blend.uasset" 4463
"../../../Engine/Plugins/Interchange/Assets/Content/gltf/MaterialInstances/MI_Unlit_Opaque.uasset" 4464
"../../../Engine/Plugins/Interchange/Assets/Content/gltf/MaterialInstances/MI_Unlit_Opaque_DS.uasset" 4465
"../../../Engine/Plugins/Interchange/Assets/Content/gltf/MaterialInstances/MI_Unlit_Mask_DS.uasset" 4466
"../../../Engine/Plugins/Interchange/Assets/Content/gltf/MaterialInstances/MI_Unlit_Blend_DS.uasset" 4467
"../../../Engine/Content/Functions/Engine_MaterialFunctions01/Volumetrics/BeersLaw.uasset" 4468
"../../../Engine/Plugins/Interchange/Assets/Content/gltf/M_Unlit.uasset" 4469
"D:/ProgrammazioneAvanzata/ImpetusFirstLevel/Content/BP/UI/WBP_GraphicSettings.uasset" 4470
"D:/ProgrammazioneAvanzata/ImpetusFirstLevel/Content/Images/MainMenuBackground.uasset" 4471
"D:/ProgrammazioneAvanzata/ImpetusFirstLevel/Content/Audio/Hunter_X_Hunter_2011_Ost_3_-_Riot_Extended__mp3_pm_.uasset" 4472
"D:/ProgrammazioneAvanzata/ImpetusFirstLevel/Content/Levels/MainMenu.umap" 4473
"D:/ProgrammazioneAvanzata/ImpetusFirstLevel/Content/BP/GM_MainMenuBP.uasset" 4474
"D:/ProgrammazioneAvanzata/ImpetusFirstLevel/Content/BP/UI/WBP_MainMenu.uasset" 4475
"/InterchangeAssets/gltf/MaterialInstances/MI_Unlit_Blend_DS" 4476
"/InterchangeAssets/gltf/MaterialInstances/MI_Unlit_Mask_DS" 4477
"/InterchangeAssets/gltf/MaterialInstances/MI_Unlit_Opaque_DS" 4478
"/InterchangeAssets/gltf/MaterialInstances/MI_Unlit_Blend" 4479
"/InterchangeAssets/gltf/MaterialInstances/MI_Unlit_Mask" 4480
"/InterchangeAssets/gltf/MaterialInstances/MI_Unlit_Opaque" 4481
"/InterchangeAssets/Functions/MX_OpenPBR_Translucent" 4482
"/Game/Levels/MainMenu" 4483
"../../../../ProgrammazioneAvanzata/ImpetusFirstLevel/Content/Levels/MainMenu.umap" 4484
"../../../Engine/Plugins/Interchange/Assets/Content/Functions/MX_OpenPBR_Opaque.uasset" 4485
"../../../Engine/Plugins/Animation/ControlRig/Content/Controls/ControlRig_Arrow_1mm.uasset" 4486
"../../../Engine/Plugins/Animation/ControlRig/Content/Controls/ControlRig_Arrow_3mm.uasset" 4487
"../../../Engine/Plugins/Animation/ControlRig/Content/Controls/ControlRig_Arrow2_1mm.uasset" 4488
"../../../Engine/Plugins/Animation/ControlRig/Content/Controls/ControlRig_Arrow_solid.uasset" 4489
"../../../Engine/Plugins/Animation/ControlRig/Content/Controls/ControlRig_Box_1mm.uasset" 4490
"../../../Engine/Plugins/Animation/ControlRig/Content/Controls/ControlRig_Box_3mm.uasset" 4491
"../../../Engine/Plugins/Animation/ControlRig/Content/Controls/ControlRig_Circle_1mm.uasset" 4492
"../../../Engine/Plugins/Animation/ControlRig/Content/Controls/ControlRig_Box_solid.uasset" 4493
"../../../Engine/Plugins/Animation/ControlRig/Content/Controls/ControlRig_Circle_3mm.uasset" 4494
"../../../Engine/Plugins/Animation/ControlRig/Content/Controls/ControlRig_Arrow2_3mm.uasset" 4495
"../../../Engine/Plugins/Animation/ControlRig/Content/Controls/ControlRig_Circle_solid.uasset" 4496
"../../../Engine/Plugins/Animation/ControlRig/Content/Controls/ControlRig_Sphere_solid.uasset" 4497
"../../../Engine/Plugins/Animation/ControlRig/Content/Controls/ControlRig_Arrow4_1mm.uasset" 4498
"../../../Engine/Plugins/Animation/ControlRig/Content/Controls/ControlRig_Arrow2_solid.uasset" 4499
"../../../Engine/Plugins/Animation/ControlRig/Content/Controls/ControlRig_Arrow4_3mm.uasset" 4500
"../../../Engine/Plugins/Animation/ControlRig/Content/Controls/ControlRig_Arrow4_solid.uasset" 4501
"/ControlRig/Controls/ControlRig_Arrow4_1mm" 4502
"/ControlRig/Controls/ControlRig_Arrow2_solid" 4503
"/ControlRig/Controls/ControlRig_Arrow2_3mm" 4504
"/ControlRig/Controls/ControlRig_Arrow2_1mm" 4505
"/ControlRig/Controls/ControlRig_Sphere_solid" 4506
"/InterchangeAssets/Functions/MX_OpenPBR_Opaque" 4507
"/ControlRig/Controls/ControlRig_Circle_solid" 4508
"/ControlRig/Controls/ControlRig_Circle_3mm" 4509
"/ControlRig/Controls/ControlRig_Circle_1mm" 4510
"/ControlRig/Controls/ControlRig_Box_solid" 4511
"/ControlRig/Controls/ControlRig_Box_3mm" 4512
"/ControlRig/Controls/ControlRig_Box_1mm" 4513
"/ControlRig/Controls/ControlRig_Arrow_solid" 4514
"/ControlRig/Controls/ControlRig_Arrow_3mm" 4515
"/ControlRig/Controls/ControlRig_Arrow_1mm" 4516
"/ControlRig/Controls/ControlRig_Arrow4_solid" 4517
"/ControlRig/Controls/ControlRig_Arrow4_3mm" 4518
"../../../Engine/Plugins/Animation/ControlRig/Content/Controls/ControlRig_Diamond_solid.uasset" 4519
"../../../Engine/Plugins/Animation/ControlRig/Content/Controls/ControlRig_HalfCircle_3mm.uasset" 4520
"../../../Engine/Plugins/Animation/ControlRig/Content/Controls/ControlRig_Hexagon_1mm.uasset" 4521
"../../../Engine/Plugins/Animation/ControlRig/Content/Controls/ControlRig_Hexagon_solid.uasset" 4522
"../../../Engine/Plugins/Animation/ControlRig/Content/Controls/ControlRig_Diamond_1mm.uasset" 4523
"../../../Engine/Plugins/Animation/ControlRig/Content/Controls/ControlRig_Octagon_3mm.uasset" 4524
"../../../Engine/Plugins/Animation/ControlRig/Content/Controls/ControlRig_Octagon_1mm.uasset" 4525
"../../../Engine/Plugins/Animation/ControlRig/Content/Controls/ControlRig_Hexagon_3mm.uasset" 4526
"../../../Engine/Plugins/Animation/ControlRig/Content/Controls/ControlRig_Octagon_solid.uasset" 4527
"../../../Engine/Plugins/Animation/ControlRig/Content/Controls/ControlRig_Pyramid_3mm.uasset" 4528
"../../../Engine/Plugins/Animation/ControlRig/Content/Controls/ControlRig_Pyramid_solid.uasset" 4529
"../../../Engine/Plugins/Animation/ControlRig/Content/Controls/ControlRig_QuarterCircle_1mm.uasset" 4530
"/ControlRig/Controls/ControlRig_Hexagon_solid" 4531
"../../../Engine/Plugins/Animation/ControlRig/Content/Controls/ControlRig_QuarterCircle_3mm.uasset" 4532
"../../../Engine/Plugins/Animation/ControlRig/Content/Controls/ControlRig_RoundedSquare_1mm.uasset" 4533
"../../../Engine/Plugins/Animation/ControlRig/Content/Controls/ControlRig_RoundedSquare_3mm.uasset" 4534
"../../../Engine/Plugins/Animation/ControlRig/Content/Controls/ControlRig_HalfCircle_solid.uasset" 4535
"../../../Engine/Plugins/Animation/ControlRig/Content/Controls/ControlRig_RoundedTriangle_1mm.uasset" 4536
"../../../Engine/Plugins/Animation/ControlRig/Content/Controls/ControlRig_HalfCircle_1mm.uasset" 4537
"../../../Engine/Plugins/Animation/ControlRig/Content/Controls/ControlRig_RoundedTriangle_3mm.uasset" 4538
"../../../Engine/Plugins/Animation/ControlRig/Content/Controls/ControlRig_RoundedTriangle_solid.uasset" 4539
"../../../Engine/Plugins/Animation/ControlRig/Content/Controls/ControlRig_RoundedSquare_solid.uasset" 4540
"../../../Engine/Plugins/Animation/ControlRig/Content/Controls/ControlRig_Pyramid_1mm.uasset" 4541
"../../../Engine/Plugins/Animation/ControlRig/Content/Controls/ControlRig_Sphere_1mm.uasset" 4542
"../../../Engine/Plugins/Animation/ControlRig/Content/Controls/ControlRig_Square_1mm.uasset" 4543
"../../../Engine/Plugins/Animation/ControlRig/Content/Controls/ControlRig_Square_3mm.uasset" 4544
"../../../Engine/Plugins/Animation/ControlRig/Content/Controls/ControlRig_Sphere_3mm.uasset" 4545
"../../../Engine/Plugins/Animation/ControlRig/Content/Controls/ControlRig_Diamond_3mm.uasset" 4546
"../../../Engine/Plugins/Animation/ControlRig/Content/Controls/ControlRig_Star4_3mm.uasset" 4547
"../../../Engine/Plugins/Animation/ControlRig/Content/Controls/ControlRig_Square_solid.uasset" 4548
"../../../Engine/Plugins/Animation/ControlRig/Content/Controls/ControlRig_QuarterCircle_solid.uasset" 4549
"../../../Engine/Plugins/Animation/ControlRig/Content/Controls/ControlRig_Star4_1mm.uasset" 4550
"../../../Engine/Plugins/Animation/ControlRig/Content/Controls/ControlRig_Star4_solid.uasset" 4551
"/ControlRig/Controls/ControlRig_Hexagon_1mm" 4552
"/ControlRig/Controls/ControlRig_HalfCircle_3mm" 4553
"/ControlRig/Controls/ControlRig_Diamond_solid" 4554
"/ControlRig/Controls/ControlRig_Diamond_1mm" 4555
"/ControlRig/Controls/ControlRig_Star4_solid" 4556
"/ControlRig/Controls/ControlRig_Star4_3mm" 4557
"/ControlRig/Controls/ControlRig_Star4_1mm" 4558
"/ControlRig/Controls/ControlRig_Square_solid" 4559
"/ControlRig/Controls/ControlRig_Square_3mm" 4560
"/ControlRig/Controls/ControlRig_Square_1mm" 4561
"/ControlRig/Controls/ControlRig_Sphere_3mm" 4562
"/ControlRig/Controls/ControlRig_Sphere_1mm" 4563
"/ControlRig/Controls/ControlRig_RoundedTriangle_solid" 4564
"/ControlRig/Controls/ControlRig_RoundedTriangle_3mm" 4565
"/ControlRig/Controls/ControlRig_RoundedTriangle_1mm" 4566
"/ControlRig/Controls/ControlRig_QuarterCircle_3mm" 4567
"/ControlRig/Controls/ControlRig_QuarterCircle_1mm" 4568
"/ControlRig/Controls/ControlRig_Pyramid_solid" 4569
"/ControlRig/Controls/ControlRig_Pyramid_3mm" 4570
"/ControlRig/Controls/ControlRig_Pyramid_1mm" 4571
"/ControlRig/Controls/ControlRig_Octagon_solid" 4572
"/ControlRig/Controls/ControlRig_RoundedSquare_solid" 4573
"/ControlRig/Controls/ControlRig_RoundedSquare_3mm" 4574
"/ControlRig/Controls/ControlRig_RoundedSquare_1mm" 4575
"/ControlRig/Controls/ControlRig_QuarterCircle_solid" 4576
"/ControlRig/Controls/ControlRig_Octagon_3mm" 4577
"/ControlRig/Controls/ControlRig_Octagon_1mm" 4578
"/ControlRig/Controls/ControlRig_Hexagon_3mm" 4579
"/ControlRig/Controls/ControlRig_HalfCircle_solid" 4580
"/ControlRig/Controls/ControlRig_HalfCircle_1mm" 4581
"/ControlRig/Controls/ControlRig_Diamond_3mm" 4582
"../../../Engine/Content/Maps/Entry_BuiltData.uasset" 4583
"../../../Engine/Content/Maps/Entry.umap" 4584
"../../../Engine/Plugins/Animation/ControlRig/Content/Controls/ControlRig_Triangle_solid.uasset" 4585
"../../../Engine/Plugins/Animation/ControlRig/Content/Controls/ControlRig_Wedge_1mm.uasset" 4586
"../../../Engine/Plugins/Animation/ControlRig/Content/Controls/ControlRig_Triangle_3mm.uasset" 4587
"../../../Engine/Plugins/Animation/ControlRig/Content/Controls/ControlRig_Triangle_1mm.uasset" 4588
"../../../Engine/Plugins/Animation/ControlRig/Content/Controls/ControlRig_Wedge_solid.uasset" 4589
"../../../Engine/Plugins/Animation/ControlRig/Content/Controls/ControlRig_Wedge_3mm.uasset" 4590
"/Engine/Maps/Entry" 4591
"/ControlRig/Controls/ControlRig_Wedge_solid" 4592
"/ControlRig/Controls/ControlRig_Wedge_3mm" 4593
"/ControlRig/Controls/ControlRig_Wedge_1mm" 4594
"/ControlRig/Controls/ControlRig_Triangle_solid" 4595
"/ControlRig/Controls/ControlRig_Triangle_3mm" 4596
"/ControlRig/Controls/ControlRig_Triangle_1mm" 4597
"../../../Engine/Content/EngineMaterials/Substrate/GLints/dict_16_192_64_0p5_0p02_0000_0002.uasset" 4598
"../../../Engine/Content/EngineMaterials/Substrate/GLints/dict_16_192_64_0p5_0p02_0000_0000.uasset" 4599
"../../../Engine/Content/EditorMaterials/PreviewShadowIndicatorMaterial.uasset" 4600
"../../../Engine/Content/EngineMaterials/Substrate/GLints/dict_16_192_64_0p5_0p02_0000_0006.uasset" 4601
"../../../Engine/Content/EngineMaterials/Substrate/GLints/dict_16_192_64_0p5_0p02_0000_0004.uasset" 4602
"../../../Engine/Content/EngineMaterials/Substrate/GLints/dict_16_192_64_0p5_0p02_0000_0001.uasset" 4603
"../../../Engine/Content/EngineMaterials/Substrate/GLints/dict_16_192_64_0p5_0p02_0000_0012.uasset" 4604
"../../../Engine/Content/EngineMaterials/Substrate/GLints/dict_16_192_64_0p5_0p02_0000_0003.uasset" 4605
"../../../Engine/Content/EngineMaterials/Substrate/GLints/dict_16_192_64_0p5_0p02_0000_0005.uasset" 4606
"../../../Engine/Content/EngineMaterials/Substrate/GLints/dict_16_192_64_0p5_0p02_0000_0007.uasset" 4607
"../../../Engine/Content/EngineMaterials/Substrate/GLints/dict_16_192_64_0p5_0p02_0000_0013.uasset" 4608
"../../../Engine/Content/EditorMaterials/PreviewShadowIndicator.uasset" 4609
"../../../Engine/Content/EngineMaterials/Substrate/GLints/dict_16_192_64_0p5_0p02_0000_0015.uasset" 4610
"../../../Engine/Content/EngineMaterials/Substrate/GLints/dict_16_192_64_0p5_0p02_0000_0010.uasset" 4611
"../../../Engine/Content/EngineMaterials/Substrate/GLints/dict_16_192_64_0p5_0p02_0001_0001.uasset" 4612
"../../../Engine/Content/EngineMaterials/Substrate/GLints/dict_16_192_64_0p5_0p02_0001_0000.uasset" 4613
"../../../Engine/Content/EngineMaterials/Substrate/GLints/dict_16_192_64_0p5_0p02_0001_0002.uasset" 4614
"../../../Engine/Content/EngineMaterials/Substrate/GLints/dict_16_192_64_0p5_0p02_0001_0003.uasset" 4615
"../../../Engine/Content/EngineMaterials/Substrate/GLints/dict_16_192_64_0p5_0p02_0001_0004.uasset" 4616
"../../../Engine/Content/EngineMaterials/Substrate/GLints/dict_16_192_64_0p5_0p02_0001_0006.uasset" 4617
"../../../Engine/Content/EngineMaterials/Substrate/GLints/dict_16_192_64_0p5_0p02_0001_0005.uasset" 4618
"../../../Engine/Content/EngineMaterials/Substrate/GLints/dict_16_192_64_0p5_0p02_0000_0011.uasset" 4619
"../../../Engine/Content/EngineMaterials/Substrate/GLints/dict_16_192_64_0p5_0p02_0001_0009.uasset" 4620
"../../../Engine/Content/EngineMaterials/Substrate/GLints/dict_16_192_64_0p5_0p02_0001_0010.uasset" 4621
"../../../Engine/Content/EngineMaterials/Substrate/GLints/dict_16_192_64_0p5_0p02_0001_0007.uasset" 4622
"../../../Engine/Content/EngineMaterials/Substrate/GLints/dict_16_192_64_0p5_0p02_0001_0012.uasset" 4623
"../../../Engine/Content/EngineMaterials/Substrate/GLints/dict_16_192_64_0p5_0p02_0000_0014.uasset" 4624
"../../../Engine/Content/EngineMaterials/Substrate/GLints/dict_16_192_64_0p5_0p02_0000_0009.uasset" 4625
"../../../Engine/Content/EngineMaterials/Substrate/GLints/dict_16_192_64_0p5_0p02_0001_0013.uasset" 4626
"../../../Engine/Content/EngineMaterials/Substrate/GLints/dict_16_192_64_0p5_0p02_0001_0008.uasset" 4627
"../../../Engine/Content/EngineMaterials/Substrate/GLints/dict_16_192_64_0p5_0p02_0000_0008.uasset" 4628
"../../../Engine/Content/EngineMaterials/Substrate/GLints/dict_16_192_64_0p5_0p02_0001_0011.uasset" 4629
"/Engine/EngineMaterials/Substrate/GLints/dict_16_192_64_0p5_0p02_0001_0008" 4630
"/Engine/EngineMaterials/Substrate/GLints/dict_16_192_64_0p5_0p02_0001_0007" 4631
"/Engine/EngineMaterials/Substrate/GLints/dict_16_192_64_0p5_0p02_0001_0006" 4632
"/Engine/EngineMaterials/Substrate/GLints/dict_16_192_64_0p5_0p02_0001_0005" 4633
"/Engine/EngineMaterials/Substrate/GLints/dict_16_192_64_0p5_0p02_0001_0004" 4634
"/Engine/EngineMaterials/Substrate/GLints/dict_16_192_64_0p5_0p02_0001_0003" 4635
"/Engine/EngineMaterials/Substrate/GLints/dict_16_192_64_0p5_0p02_0001_0002" 4636
"/Engine/EngineMaterials/Substrate/GLints/dict_16_192_64_0p5_0p02_0001_0001" 4637
"/Engine/EngineMaterials/Substrate/GLints/dict_16_192_64_0p5_0p02_0001_0000" 4638
"/Engine/EngineMaterials/Substrate/GLints/dict_16_192_64_0p5_0p02_0000_0015" 4639
"/Engine/EngineMaterials/Substrate/GLints/dict_16_192_64_0p5_0p02_0000_0014" 4640
"/Engine/EngineMaterials/Substrate/GLints/dict_16_192_64_0p5_0p02_0000_0013" 4641
"/Engine/EngineMaterials/Substrate/GLints/dict_16_192_64_0p5_0p02_0000_0012" 4642
"/Engine/EngineMaterials/Substrate/GLints/dict_16_192_64_0p5_0p02_0000_0011" 4643
"/Engine/EngineMaterials/Substrate/GLints/dict_16_192_64_0p5_0p02_0000_0010" 4644
"/Engine/EngineMaterials/Substrate/GLints/dict_16_192_64_0p5_0p02_0000_0009" 4645
"/Engine/EngineMaterials/Substrate/GLints/dict_16_192_64_0p5_0p02_0000_0008" 4646
"/Engine/EngineMaterials/Substrate/GLints/dict_16_192_64_0p5_0p02_0000_0007" 4647
"/Engine/EngineMaterials/Substrate/GLints/dict_16_192_64_0p5_0p02_0000_0006" 4648
"/Engine/EngineMaterials/Substrate/GLints/dict_16_192_64_0p5_0p02_0000_0005" 4649
"/Engine/EngineMaterials/Substrate/GLints/dict_16_192_64_0p5_0p02_0000_0004" 4650
"/Engine/EngineMaterials/Substrate/GLints/dict_16_192_64_0p5_0p02_0000_0003" 4651
"/Engine/EngineMaterials/Substrate/GLints/dict_16_192_64_0p5_0p02_0000_0002" 4652
"/Engine/EngineMaterials/Substrate/GLints/dict_16_192_64_0p5_0p02_0001_0013" 4653
"/Engine/EngineMaterials/Substrate/GLints/dict_16_192_64_0p5_0p02_0000_0001" 4654
"/Engine/EngineMaterials/Substrate/GLints/dict_16_192_64_0p5_0p02_0001_0012" 4655
"/Engine/EngineMaterials/Substrate/GLints/dict_16_192_64_0p5_0p02_0000_0000" 4656
"/Engine/EngineMaterials/Substrate/GLints/dict_16_192_64_0p5_0p02_0001_0011" 4657
"/Engine/EditorMaterials/PreviewShadowIndicatorMaterial" 4658
"/Engine/EngineMaterials/Substrate/GLints/dict_16_192_64_0p5_0p02_0001_0010" 4659
"/Engine/EngineMaterials/Substrate/GLints/dict_16_192_64_0p5_0p02_0001_0009" 4660
"../../../Engine/Content/EngineMaterials/Substrate/GLints/dict_16_192_64_0p5_0p02_0002_0002.uasset" 4661
"../../../Engine/Content/EngineMaterials/Substrate/GLints/dict_16_192_64_0p5_0p02_0002_0004.uasset" 4662
"../../../Engine/Content/EngineMaterials/Substrate/GLints/dict_16_192_64_0p5_0p02_0001_0014.uasset" 4663
"../../../Engine/Content/EngineMaterials/Substrate/GLints/dict_16_192_64_0p5_0p02_0002_0001.uasset" 4664
"../../../Engine/Content/EngineMaterials/Substrate/GLints/dict_16_192_64_0p5_0p02_0002_0005.uasset" 4665
"../../../Engine/Content/EngineMaterials/Substrate/GLints/dict_16_192_64_0p5_0p02_0002_0007.uasset" 4666
"../../../Engine/Content/EngineMaterials/Substrate/GLints/dict_16_192_64_0p5_0p02_0002_0008.uasset" 4667
"../../../Engine/Content/EngineMaterials/Substrate/GLints/dict_16_192_64_0p5_0p02_0002_0000.uasset" 4668
"../../../Engine/Content/EngineMaterials/Substrate/GLints/dict_16_192_64_0p5_0p02_0002_0006.uasset" 4669
"/Engine/EngineMaterials/Substrate/GLints/dict_16_192_64_0p5_0p02_0002_0004" 4670
"../../../Engine/Content/EngineMaterials/Substrate/GLints/dict_16_192_64_0p5_0p02_0002_0003.uasset" 4671
"../../../Engine/Content/EngineMaterials/Substrate/GLints/dict_16_192_64_0p5_0p02_0002_0012.uasset" 4672
"../../../Engine/Content/EngineMaterials/Substrate/GLints/dict_16_192_64_0p5_0p02_0002_0014.uasset" 4673
"../../../Engine/Content/EngineMaterials/Substrate/GLints/dict_16_192_64_0p5_0p02_0001_0015.uasset" 4674
"../../../Engine/Content/EngineMaterials/Substrate/GLints/dict_16_192_64_0p5_0p02_0003_0000.uasset" 4675
"../../../Engine/Content/EngineMaterials/Substrate/GLints/dict_16_192_64_0p5_0p02_0002_0011.uasset" 4676
"../../../Engine/Content/EngineMaterials/Substrate/GLints/dict_16_192_64_0p5_0p02_0002_0013.uasset" 4677
"../../../Engine/Content/EngineMaterials/Substrate/GLints/dict_16_192_64_0p5_0p02_0003_0002.uasset" 4678
"../../../Engine/Content/EngineMaterials/Substrate/GLints/dict_16_192_64_0p5_0p02_0002_0010.uasset" 4679
"../../../Engine/Content/EngineMaterials/Substrate/GLints/dict_16_192_64_0p5_0p02_0003_0003.uasset" 4680
"../../../Engine/Content/EngineMaterials/Substrate/GLints/dict_16_192_64_0p5_0p02_0002_0015.uasset" 4681
"../../../Engine/Content/EngineMaterials/Substrate/GLints/dict_16_192_64_0p5_0p02_0003_0001.uasset" 4682
"../../../Engine/Content/EngineMaterials/Substrate/GLints/dict_16_192_64_0p5_0p02_0003_0005.uasset" 4683
"../../../Engine/Content/EngineMaterials/Substrate/GLints/dict_16_192_64_0p5_0p02_0003_0007.uasset" 4684
"../../../Engine/Content/EngineMaterials/Substrate/GLints/dict_16_192_64_0p5_0p02_0003_0004.uasset" 4685
"../../../Engine/Content/EngineMaterials/Substrate/GLints/dict_16_192_64_0p5_0p02_0003_0008.uasset" 4686
"../../../Engine/Content/EngineMaterials/Substrate/GLints/dict_16_192_64_0p5_0p02_0003_0010.uasset" 4687
"../../../Engine/Content/EngineMaterials/Substrate/GLints/dict_16_192_64_0p5_0p02_0003_0009.uasset" 4688
"../../../Engine/Content/EngineMaterials/Substrate/GLints/dict_16_192_64_0p5_0p02_0003_0012.uasset" 4689
"../../../Engine/Content/EngineMaterials/Substrate/GLints/dict_16_192_64_0p5_0p02_0002_0009.uasset" 4690
"../../../Engine/Content/EngineMaterials/Substrate/GLints/dict_16_192_64_0p5_0p02_0003_0006.uasset" 4691
"../../../Engine/Content/EngineMaterials/Substrate/GLints/dict_16_192_64_0p5_0p02_0003_0013.uasset" 4692
"../../../Engine/Content/EngineMaterials/Substrate/GLints/dict_16_192_64_0p5_0p02_0003_0011.uasset" 4693
"/Engine/EngineMaterials/Substrate/GLints/dict_16_192_64_0p5_0p02_0002_0002" 4694
"../../../Engine/Content/EngineMaterials/Substrate/GLints/dict_16_192_64_0p5_0p02_0003_0015.uasset" 4695
"../../../Engine/Content/EngineMaterials/Substrate/GLints/dict_16_192_64_0p5_0p02_0003_0014.uasset" 4696
"/Engine/EngineMaterials/Substrate/GLints/dict_16_192_64_0p5_0p02_0003_0013" 4697
"/Engine/EngineMaterials/Substrate/GLints/dict_16_192_64_0p5_0p02_0003_0012" 4698
"/Engine/EngineMaterials/Substrate/GLints/dict_16_192_64_0p5_0p02_0003_0011" 4699
"/Engine/EngineMaterials/Substrate/GLints/dict_16_192_64_0p5_0p02_0003_0010" 4700
"/Engine/EngineMaterials/Substrate/GLints/dict_16_192_64_0p5_0p02_0003_0009" 4701
"/Engine/EngineMaterials/Substrate/GLints/dict_16_192_64_0p5_0p02_0003_0008" 4702
"/Engine/EngineMaterials/Substrate/GLints/dict_16_192_64_0p5_0p02_0003_0007" 4703
"/Engine/EngineMaterials/Substrate/GLints/dict_16_192_64_0p5_0p02_0003_0006" 4704
"/Engine/EngineMaterials/Substrate/GLints/dict_16_192_64_0p5_0p02_0003_0005" 4705
"/Engine/EngineMaterials/Substrate/GLints/dict_16_192_64_0p5_0p02_0003_0004" 4706
"/Engine/EngineMaterials/Substrate/GLints/dict_16_192_64_0p5_0p02_0003_0003" 4707
"/Engine/EngineMaterials/Substrate/GLints/dict_16_192_64_0p5_0p02_0003_0002" 4708
"/Engine/EngineMaterials/Substrate/GLints/dict_16_192_64_0p5_0p02_0003_0001" 4709
"/Engine/EngineMaterials/Substrate/GLints/dict_16_192_64_0p5_0p02_0003_0000" 4710
"/Engine/EngineMaterials/Substrate/GLints/dict_16_192_64_0p5_0p02_0002_0015" 4711
"/Engine/EngineMaterials/Substrate/GLints/dict_16_192_64_0p5_0p02_0002_0014" 4712
"/Engine/EngineMaterials/Substrate/GLints/dict_16_192_64_0p5_0p02_0002_0013" 4713
"/Engine/EngineMaterials/Substrate/GLints/dict_16_192_64_0p5_0p02_0002_0012" 4714
"/Engine/EngineMaterials/Substrate/GLints/dict_16_192_64_0p5_0p02_0002_0011" 4715
"/Engine/EngineMaterials/Substrate/GLints/dict_16_192_64_0p5_0p02_0002_0010" 4716
"/Engine/EngineMaterials/Substrate/GLints/dict_16_192_64_0p5_0p02_0002_0009" 4717
"/Engine/EngineMaterials/Substrate/GLints/dict_16_192_64_0p5_0p02_0002_0008" 4718
"/Engine/EngineMaterials/Substrate/GLints/dict_16_192_64_0p5_0p02_0002_0007" 4719
"/Engine/EngineMaterials/Substrate/GLints/dict_16_192_64_0p5_0p02_0002_0006" 4720
"/Engine/EngineMaterials/Substrate/GLints/dict_16_192_64_0p5_0p02_0002_0005" 4721
"/Engine/EngineMaterials/Substrate/GLints/dict_16_192_64_0p5_0p02_0002_0003" 4722
"/Engine/EngineMaterials/Substrate/GLints/dict_16_192_64_0p5_0p02_0002_0001" 4723
"/Engine/EngineMaterials/Substrate/GLints/dict_16_192_64_0p5_0p02_0002_0000" 4724
"/Engine/EngineMaterials/Substrate/GLints/dict_16_192_64_0p5_0p02_0001_0015" 4725
"/Engine/EngineMaterials/Substrate/GLints/dict_16_192_64_0p5_0p02_0001_0014" 4726
"../../../Engine/Content/EngineMaterials/Substrate/GLints/dict_16_192_64_0p5_0p02_0004_0000.uasset" 4727
"../../../Engine/Content/EngineMaterials/Substrate/GLints/dict_16_192_64_0p5_0p02_0004_0001.uasset" 4728
"../../../Engine/Content/EngineMaterials/Substrate/GLints/dict_16_192_64_0p5_0p02_0004_0007.uasset" 4729
"../../../Engine/Content/EngineMaterials/Substrate/GLints/dict_16_192_64_0p5_0p02_0004_0005.uasset" 4730
"../../../Engine/Content/EngineMaterials/Substrate/GLints/dict_16_192_64_0p5_0p02_0004_0009.uasset" 4731
"../../../Engine/Content/EngineMaterials/Substrate/GLints/dict_16_192_64_0p5_0p02_0004_0006.uasset" 4732
"../../../Engine/Content/EngineMaterials/Substrate/GLints/dict_16_192_64_0p5_0p02_0004_0010.uasset" 4733
"../../../Engine/Content/EngineMaterials/Substrate/GLints/dict_16_192_64_0p5_0p02_0004_0004.uasset" 4734
"../../../Engine/Content/EngineMaterials/Substrate/GLints/dict_16_192_64_0p5_0p02_0004_0008.uasset" 4735
"/Engine/EngineMaterials/Substrate/GLints/dict_16_192_64_0p5_0p02_0003_0015" 4736
"../../../Engine/Content/EngineMaterials/Substrate/GLints/dict_16_192_64_0p5_0p02_0004_0015.uasset" 4737
"../../../Engine/Content/EngineMaterials/Substrate/GLints/dict_16_192_64_0p5_0p02_0004_0011.uasset" 4738
"../../../Engine/Content/EngineMaterials/Substrate/GLints/dict_16_192_64_0p5_0p02_0004_0013.uasset" 4739
"../../../Engine/Content/EngineMaterials/Substrate/GLints/dict_16_192_64_0p5_0p02_0005_0001.uasset" 4740
"../../../Engine/Content/EngineMaterials/Substrate/GLints/dict_16_192_64_0p5_0p02_0005_0003.uasset" 4741
"../../../Engine/Content/EngineMaterials/Substrate/GLints/dict_16_192_64_0p5_0p02_0004_0002.uasset" 4742
"../../../Engine/Content/EngineMaterials/Substrate/GLints/dict_16_192_64_0p5_0p02_0005_0004.uasset" 4743
"../../../Engine/Content/EngineMaterials/Substrate/GLints/dict_16_192_64_0p5_0p02_0004_0003.uasset" 4744
"../../../Engine/Content/EngineMaterials/Substrate/GLints/dict_16_192_64_0p5_0p02_0005_0007.uasset" 4745
"../../../Engine/Content/EngineMaterials/Substrate/GLints/dict_16_192_64_0p5_0p02_0005_0006.uasset" 4746
"../../../Engine/Content/EngineMaterials/Substrate/GLints/dict_16_192_64_0p5_0p02_0004_0012.uasset" 4747
"../../../Engine/Content/EngineMaterials/Substrate/GLints/dict_16_192_64_0p5_0p02_0005_0008.uasset" 4748
"../../../Engine/Content/EngineMaterials/Substrate/GLints/dict_16_192_64_0p5_0p02_0005_0010.uasset" 4749
"../../../Engine/Content/EngineMaterials/Substrate/GLints/dict_16_192_64_0p5_0p02_0005_0009.uasset" 4750
"../../../Engine/Content/EngineMaterials/Substrate/GLints/dict_16_192_64_0p5_0p02_0005_0011.uasset" 4751
"../../../Engine/Content/EngineMaterials/Substrate/GLints/dict_16_192_64_0p5_0p02_0004_0014.uasset" 4752
"../../../Engine/Content/EngineMaterials/Substrate/GLints/dict_16_192_64_0p5_0p02_0005_0013.uasset" 4753
"../../../Engine/Content/EngineMaterials/Substrate/GLints/dict_16_192_64_0p5_0p02_0005_0000.uasset" 4754
"../../../Engine/Content/EngineMaterials/Substrate/GLints/dict_16_192_64_0p5_0p02_0005_0005.uasset" 4755
"../../../Engine/Content/EngineMaterials/Substrate/GLints/dict_16_192_64_0p5_0p02_0005_0012.uasset" 4756
"../../../Engine/Content/EngineMaterials/Substrate/GLints/dict_16_192_64_0p5_0p02_0005_0002.uasset" 4757
"/Engine/EngineMaterials/Substrate/GLints/dict_16_192_64_0p5_0p02_0003_0014" 4758
"/Engine/EngineMaterials/Substrate/GLints/dict_16_192_64_0p5_0p02_0004_0001" 4759
"/Engine/EngineMaterials/Substrate/GLints/dict_16_192_64_0p5_0p02_0004_0000" 4760
"../../../Engine/Content/EngineMaterials/Substrate/GLints/dict_16_192_64_0p5_0p02_0006_0001.uasset" 4761
"../../../Engine/Content/EngineMaterials/Substrate/GLints/dict_16_192_64_0p5_0p02_0006_0000.uasset" 4762
"../../../Engine/Content/EngineMaterials/Substrate/GLints/dict_16_192_64_0p5_0p02_0005_0014.uasset" 4763
"../../../Engine/Content/EngineMaterials/Substrate/GLints/dict_16_192_64_0p5_0p02_0005_0015.uasset" 4764
"/Engine/EngineMaterials/Substrate/GLints/dict_16_192_64_0p5_0p02_0005_0013" 4765
"/Engine/EngineMaterials/Substrate/GLints/dict_16_192_64_0p5_0p02_0005_0012" 4766
"/Engine/EngineMaterials/Substrate/GLints/dict_16_192_64_0p5_0p02_0005_0011" 4767
"/Engine/EngineMaterials/Substrate/GLints/dict_16_192_64_0p5_0p02_0005_0010" 4768
"/Engine/EngineMaterials/Substrate/GLints/dict_16_192_64_0p5_0p02_0005_0009" 4769
"/Engine/EngineMaterials/Substrate/GLints/dict_16_192_64_0p5_0p02_0005_0008" 4770
"/Engine/EngineMaterials/Substrate/GLints/dict_16_192_64_0p5_0p02_0005_0007" 4771
"/Engine/EngineMaterials/Substrate/GLints/dict_16_192_64_0p5_0p02_0005_0006" 4772
"/Engine/EngineMaterials/Substrate/GLints/dict_16_192_64_0p5_0p02_0005_0005" 4773
"/Engine/EngineMaterials/Substrate/GLints/dict_16_192_64_0p5_0p02_0005_0004" 4774
"/Engine/EngineMaterials/Substrate/GLints/dict_16_192_64_0p5_0p02_0005_0003" 4775
"/Engine/EngineMaterials/Substrate/GLints/dict_16_192_64_0p5_0p02_0005_0002" 4776
"/Engine/EngineMaterials/Substrate/GLints/dict_16_192_64_0p5_0p02_0005_0001" 4777
"/Engine/EngineMaterials/Substrate/GLints/dict_16_192_64_0p5_0p02_0005_0000" 4778
"/Engine/EngineMaterials/Substrate/GLints/dict_16_192_64_0p5_0p02_0004_0015" 4779
"/Engine/EngineMaterials/Substrate/GLints/dict_16_192_64_0p5_0p02_0004_0014" 4780
"/Engine/EngineMaterials/Substrate/GLints/dict_16_192_64_0p5_0p02_0004_0013" 4781
"/Engine/EngineMaterials/Substrate/GLints/dict_16_192_64_0p5_0p02_0004_0012" 4782
"/Engine/EngineMaterials/Substrate/GLints/dict_16_192_64_0p5_0p02_0004_0011" 4783
"/Engine/EngineMaterials/Substrate/GLints/dict_16_192_64_0p5_0p02_0004_0010" 4784
"/Engine/EngineMaterials/Substrate/GLints/dict_16_192_64_0p5_0p02_0004_0009" 4785
"/Engine/EngineMaterials/Substrate/GLints/dict_16_192_64_0p5_0p02_0004_0008" 4786
"/Engine/EngineMaterials/Substrate/GLints/dict_16_192_64_0p5_0p02_0004_0007" 4787
"/Engine/EngineMaterials/Substrate/GLints/dict_16_192_64_0p5_0p02_0004_0006" 4788
"/Engine/EngineMaterials/Substrate/GLints/dict_16_192_64_0p5_0p02_0004_0005" 4789
"/Engine/EngineMaterials/Substrate/GLints/dict_16_192_64_0p5_0p02_0004_0004" 4790
"/Engine/EngineMaterials/Substrate/GLints/dict_16_192_64_0p5_0p02_0004_0003" 4791
"/Engine/EngineMaterials/Substrate/GLints/dict_16_192_64_0p5_0p02_0004_0002" 4792
"../../../Engine/Content/EngineMaterials/Substrate/GLints/dict_16_192_64_0p5_0p02_0006_0004.uasset" 4793
"../../../Engine/Content/EngineMaterials/Substrate/GLints/dict_16_192_64_0p5_0p02_0006_0006.uasset" 4794
"../../../Engine/Content/EngineMaterials/Substrate/GLints/dict_16_192_64_0p5_0p02_0006_0008.uasset" 4795
"../../../Engine/Content/EngineMaterials/Substrate/GLints/dict_16_192_64_0p5_0p02_0006_0010.uasset" 4796
"../../../Engine/Content/EngineMaterials/Substrate/GLints/dict_16_192_64_0p5_0p02_0006_0011.uasset" 4797
"/Engine/EngineMaterials/Substrate/GLints/dict_16_192_64_0p5_0p02_0006_0001" 4798
"../../../Engine/Content/EngineMaterials/Substrate/GLints/dict_16_192_64_0p5_0p02_0006_0005.uasset" 4799
"../../../Engine/Content/EngineMaterials/Substrate/GLints/dict_16_192_64_0p5_0p02_0006_0007.uasset" 4800
"../../../Engine/Content/EngineMaterials/Substrate/GLints/dict_16_192_64_0p5_0p02_0006_0013.uasset" 4801
"../../../Engine/Content/EngineMaterials/Substrate/GLints/dict_16_192_64_0p5_0p02_0006_0012.uasset" 4802
"../../../Engine/Content/EngineMaterials/Substrate/GLints/dict_16_192_64_0p5_0p02_0006_0014.uasset" 4803
"../../../Engine/Content/EngineMaterials/Substrate/GLints/dict_16_192_64_0p5_0p02_0006_0015.uasset" 4804
"../../../Engine/Content/EngineMaterials/Substrate/GLints/dict_16_192_64_0p5_0p02_0007_0001.uasset" 4805
"../../../Engine/Content/EngineMaterials/Substrate/GLints/dict_16_192_64_0p5_0p02_0007_0002.uasset" 4806
"../../../Engine/Content/EngineMaterials/Substrate/GLints/dict_16_192_64_0p5_0p02_0007_0004.uasset" 4807
"../../../Engine/Content/EngineMaterials/Substrate/GLints/dict_16_192_64_0p5_0p02_0007_0005.uasset" 4808
"../../../Engine/Content/EngineMaterials/Substrate/GLints/dict_16_192_64_0p5_0p02_0006_0009.uasset" 4809
"../../../Engine/Content/EngineMaterials/Substrate/GLints/dict_16_192_64_0p5_0p02_0006_0002.uasset" 4810
"../../../Engine/Content/EngineMaterials/Substrate/GLints/dict_16_192_64_0p5_0p02_0007_0008.uasset" 4811
"../../../Engine/Content/EngineMaterials/Substrate/GLints/dict_16_192_64_0p5_0p02_0007_0009.uasset" 4812
"../../../Engine/Content/EngineMaterials/Substrate/GLints/dict_16_192_64_0p5_0p02_0007_0012.uasset" 4813
"../../../Engine/Content/EngineMaterials/Substrate/GLints/dict_16_192_64_0p5_0p02_0007_0006.uasset" 4814
"../../../Engine/Content/EngineMaterials/Substrate/GLints/dict_16_192_64_0p5_0p02_0007_0007.uasset" 4815
"../../../Engine/Content/EngineMaterials/Substrate/GLints/dict_16_192_64_0p5_0p02_0007_0011.uasset" 4816
"../../../Engine/Content/EngineMaterials/Substrate/GLints/dict_16_192_64_0p5_0p02_0007_0013.uasset" 4817
"../../../Engine/Content/EngineMaterials/Substrate/GLints/dict_16_192_64_0p5_0p02_0007_0010.uasset" 4818
"/Engine/EngineMaterials/Substrate/GLints/dict_16_192_64_0p5_0p02_0006_0000" 4819
"../../../Engine/Content/EngineMaterials/Substrate/GLints/dict_16_192_64_0p5_0p02_0006_0003.uasset" 4820
"../../../Engine/Content/EngineMaterials/Substrate/GLints/dict_16_192_64_0p5_0p02_0007_0000.uasset" 4821
"../../../Engine/Content/EngineMaterials/Substrate/GLints/dict_16_192_64_0p5_0p02_0007_0003.uasset" 4822
"/Engine/EngineMaterials/Substrate/GLints/dict_16_192_64_0p5_0p02_0005_0015" 4823
"/Engine/EngineMaterials/Substrate/GLints/dict_16_192_64_0p5_0p02_0005_0014" 4824
"../../../Engine/Content/EngineMaterials/Substrate/GLints/dict_16_192_64_0p5_0p02_0008_0000.uasset" 4825
"../../../Engine/Content/EngineMaterials/Substrate/GLints/dict_16_192_64_0p5_0p02_0007_0015.uasset" 4826
"../../../Engine/Content/EngineMaterials/Substrate/GLints/dict_16_192_64_0p5_0p02_0007_0014.uasset" 4827
"/Engine/EngineMaterials/Substrate/GLints/dict_16_192_64_0p5_0p02_0007_0013" 4828
"../../../Engine/Content/EngineMaterials/Substrate/GLints/dict_16_192_64_0p5_0p02_0008_0001.uasset" 4829
"/Engine/EngineMaterials/Substrate/GLints/dict_16_192_64_0p5_0p02_0007_0012" 4830
"/Engine/EngineMaterials/Substrate/GLints/dict_16_192_64_0p5_0p02_0007_0011" 4831
"/Engine/EngineMaterials/Substrate/GLints/dict_16_192_64_0p5_0p02_0007_0010" 4832
"/Engine/EngineMaterials/Substrate/GLints/dict_16_192_64_0p5_0p02_0007_0009" 4833
"/Engine/EngineMaterials/Substrate/GLints/dict_16_192_64_0p5_0p02_0007_0008" 4834
"/Engine/EngineMaterials/Substrate/GLints/dict_16_192_64_0p5_0p02_0007_0007" 4835
"/Engine/EngineMaterials/Substrate/GLints/dict_16_192_64_0p5_0p02_0007_0006" 4836
"/Engine/EngineMaterials/Substrate/GLints/dict_16_192_64_0p5_0p02_0007_0005" 4837
"/Engine/EngineMaterials/Substrate/GLints/dict_16_192_64_0p5_0p02_0007_0004" 4838
"/Engine/EngineMaterials/Substrate/GLints/dict_16_192_64_0p5_0p02_0007_0003" 4839
"/Engine/EngineMaterials/Substrate/GLints/dict_16_192_64_0p5_0p02_0007_0002" 4840
"/Engine/EngineMaterials/Substrate/GLints/dict_16_192_64_0p5_0p02_0007_0001" 4841
"/Engine/EngineMaterials/Substrate/GLints/dict_16_192_64_0p5_0p02_0007_0000" 4842
"/Engine/EngineMaterials/Substrate/GLints/dict_16_192_64_0p5_0p02_0006_0015" 4843
"/Engine/EngineMaterials/Substrate/GLints/dict_16_192_64_0p5_0p02_0006_0014" 4844
"/Engine/EngineMaterials/Substrate/GLints/dict_16_192_64_0p5_0p02_0006_0013" 4845
"/Engine/EngineMaterials/Substrate/GLints/dict_16_192_64_0p5_0p02_0006_0012" 4846
"/Engine/EngineMaterials/Substrate/GLints/dict_16_192_64_0p5_0p02_0006_0011" 4847
"/Engine/EngineMaterials/Substrate/GLints/dict_16_192_64_0p5_0p02_0006_0010" 4848
"/Engine/EngineMaterials/Substrate/GLints/dict_16_192_64_0p5_0p02_0006_0009" 4849
"/Engine/EngineMaterials/Substrate/GLints/dict_16_192_64_0p5_0p02_0006_0008" 4850
"/Engine/EngineMaterials/Substrate/GLints/dict_16_192_64_0p5_0p02_0006_0007" 4851
"/Engine/EngineMaterials/Substrate/GLints/dict_16_192_64_0p5_0p02_0006_0006" 4852
"/Engine/EngineMaterials/Substrate/GLints/dict_16_192_64_0p5_0p02_0006_0005" 4853
"/Engine/EngineMaterials/Substrate/GLints/dict_16_192_64_0p5_0p02_0006_0004" 4854
"/Engine/EngineMaterials/Substrate/GLints/dict_16_192_64_0p5_0p02_0006_0003" 4855
"/Engine/EngineMaterials/Substrate/GLints/dict_16_192_64_0p5_0p02_0006_0002" 4856
"../../../Engine/Content/EngineMaterials/Substrate/GLints/dict_16_192_64_0p5_0p02_0008_0004.uasset" 4857
"../../../Engine/Content/EngineMaterials/Substrate/GLints/dict_16_192_64_0p5_0p02_0008_0005.uasset" 4858
"../../../Engine/Content/EngineMaterials/Substrate/GLints/dict_16_192_64_0p5_0p02_0008_0011.uasset" 4859
"../../../Engine/Content/EngineMaterials/Substrate/GLints/dict_16_192_64_0p5_0p02_0008_0007.uasset" 4860
"../../../Engine/Content/EngineMaterials/Substrate/GLints/dict_16_192_64_0p5_0p02_0008_0002.uasset" 4861
"/Engine/EngineMaterials/Substrate/GLints/dict_16_192_64_0p5_0p02_0008_0001" 4862
"../../../Engine/Content/EngineMaterials/Substrate/GLints/dict_16_192_64_0p5_0p02_0008_0009.uasset" 4863
"../../../Engine/Content/EngineMaterials/Substrate/GLints/dict_16_192_64_0p5_0p02_0008_0013.uasset" 4864
"../../../Engine/Content/EngineMaterials/Substrate/GLints/dict_16_192_64_0p5_0p02_0008_0012.uasset" 4865
"../../../Engine/Content/EngineMaterials/Substrate/GLints/dict_16_192_64_0p5_0p02_0008_0014.uasset" 4866
"../../../Engine/Content/EngineMaterials/Substrate/GLints/dict_16_192_64_0p5_0p02_0008_0015.uasset" 4867
"../../../Engine/Content/EngineMaterials/Substrate/GLints/dict_16_192_64_0p5_0p02_0009_0002.uasset" 4868
"../../../Engine/Content/EngineMaterials/Substrate/GLints/dict_16_192_64_0p5_0p02_0009_0003.uasset" 4869
"../../../Engine/Content/EngineMaterials/Substrate/GLints/dict_16_192_64_0p5_0p02_0009_0000.uasset" 4870
"../../../Engine/Content/EngineMaterials/Substrate/GLints/dict_16_192_64_0p5_0p02_0009_0001.uasset" 4871
"../../../Engine/Content/EngineMaterials/Substrate/GLints/dict_16_192_64_0p5_0p02_0008_0003.uasset" 4872
"../../../Engine/Content/EngineMaterials/Substrate/GLints/dict_16_192_64_0p5_0p02_0008_0006.uasset" 4873
"../../../Engine/Content/EngineMaterials/Substrate/GLints/dict_16_192_64_0p5_0p02_0009_0005.uasset" 4874
"../../../Engine/Content/EngineMaterials/Substrate/GLints/dict_16_192_64_0p5_0p02_0008_0008.uasset" 4875
"../../../Engine/Content/EngineMaterials/Substrate/GLints/dict_16_192_64_0p5_0p02_0009_0006.uasset" 4876
"../../../Engine/Content/EngineMaterials/Substrate/GLints/dict_16_192_64_0p5_0p02_0009_0008.uasset" 4877
"../../../Engine/Content/EngineMaterials/Substrate/GLints/dict_16_192_64_0p5_0p02_0009_0009.uasset" 4878
"../../../Engine/Content/EngineMaterials/Substrate/GLints/dict_16_192_64_0p5_0p02_0009_0004.uasset" 4879
"../../../Engine/Content/EngineMaterials/Substrate/GLints/dict_16_192_64_0p5_0p02_0008_0010.uasset" 4880
"../../../Engine/Content/EngineMaterials/Substrate/GLints/dict_16_192_64_0p5_0p02_0009_0013.uasset" 4881
"../../../Engine/Content/EngineMaterials/Substrate/GLints/dict_16_192_64_0p5_0p02_0009_0011.uasset" 4882
"../../../Engine/Content/EngineMaterials/Substrate/GLints/dict_16_192_64_0p5_0p02_0009_0007.uasset" 4883
"../../../Engine/Content/EngineMaterials/Substrate/GLints/dict_16_192_64_0p5_0p02_0009_0010.uasset" 4884
"../../../Engine/Content/EngineMaterials/Substrate/GLints/dict_16_192_64_0p5_0p02_0009_0012.uasset" 4885
"/Engine/EngineMaterials/Substrate/GLints/dict_16_192_64_0p5_0p02_0008_0000" 4886
"/Engine/EngineMaterials/Substrate/GLints/dict_16_192_64_0p5_0p02_0007_0015" 4887
"/Engine/EngineMaterials/Substrate/GLints/dict_16_192_64_0p5_0p02_0007_0014" 4888
"../../../Engine/Content/EngineMaterials/Substrate/GLints/dict_16_192_64_0p5_0p02_0009_0015.uasset" 4889
"../../../Engine/Content/EngineMaterials/Substrate/GLints/dict_16_192_64_0p5_0p02_0010_0001.uasset" 4890
"/Engine/EngineMaterials/Substrate/GLints/dict_16_192_64_0p5_0p02_0009_0013" 4891
"../../../Engine/Content/EngineMaterials/Substrate/GLints/dict_16_192_64_0p5_0p02_0010_0000.uasset" 4892
"../../../Engine/Content/EngineMaterials/Substrate/GLints/dict_16_192_64_0p5_0p02_0009_0014.uasset" 4893
"/Engine/EngineMaterials/Substrate/GLints/dict_16_192_64_0p5_0p02_0009_0012" 4894
"/Engine/EngineMaterials/Substrate/GLints/dict_16_192_64_0p5_0p02_0009_0011" 4895
"/Engine/EngineMaterials/Substrate/GLints/dict_16_192_64_0p5_0p02_0009_0010" 4896
"/Engine/EngineMaterials/Substrate/GLints/dict_16_192_64_0p5_0p02_0009_0009" 4897
"/Engine/EngineMaterials/Substrate/GLints/dict_16_192_64_0p5_0p02_0009_0008" 4898
"/Engine/EngineMaterials/Substrate/GLints/dict_16_192_64_0p5_0p02_0009_0007" 4899
"/Engine/EngineMaterials/Substrate/GLints/dict_16_192_64_0p5_0p02_0009_0006" 4900
"/Engine/EngineMaterials/Substrate/GLints/dict_16_192_64_0p5_0p02_0009_0005" 4901
"/Engine/EngineMaterials/Substrate/GLints/dict_16_192_64_0p5_0p02_0009_0004" 4902
"/Engine/EngineMaterials/Substrate/GLints/dict_16_192_64_0p5_0p02_0009_0003" 4903
"/Engine/EngineMaterials/Substrate/GLints/dict_16_192_64_0p5_0p02_0009_0002" 4904
"/Engine/EngineMaterials/Substrate/GLints/dict_16_192_64_0p5_0p02_0009_0001" 4905
"/Engine/EngineMaterials/Substrate/GLints/dict_16_192_64_0p5_0p02_0009_0000" 4906
"/Engine/EngineMaterials/Substrate/GLints/dict_16_192_64_0p5_0p02_0008_0015" 4907
"/Engine/EngineMaterials/Substrate/GLints/dict_16_192_64_0p5_0p02_0008_0014" 4908
"/Engine/EngineMaterials/Substrate/GLints/dict_16_192_64_0p5_0p02_0008_0013" 4909
"/Engine/EngineMaterials/Substrate/GLints/dict_16_192_64_0p5_0p02_0008_0012" 4910
"/Engine/EngineMaterials/Substrate/GLints/dict_16_192_64_0p5_0p02_0008_0011" 4911
"/Engine/EngineMaterials/Substrate/GLints/dict_16_192_64_0p5_0p02_0008_0010" 4912
"/Engine/EngineMaterials/Substrate/GLints/dict_16_192_64_0p5_0p02_0008_0009" 4913
"/Engine/EngineMaterials/Substrate/GLints/dict_16_192_64_0p5_0p02_0008_0008" 4914
"/Engine/EngineMaterials/Substrate/GLints/dict_16_192_64_0p5_0p02_0008_0007" 4915
"/Engine/EngineMaterials/Substrate/GLints/dict_16_192_64_0p5_0p02_0008_0006" 4916
"/Engine/EngineMaterials/Substrate/GLints/dict_16_192_64_0p5_0p02_0008_0005" 4917
"/Engine/EngineMaterials/Substrate/GLints/dict_16_192_64_0p5_0p02_0008_0004" 4918
"/Engine/EngineMaterials/Substrate/GLints/dict_16_192_64_0p5_0p02_0008_0003" 4919
"/Engine/EngineMaterials/Substrate/GLints/dict_16_192_64_0p5_0p02_0008_0002" 4920
"../../../Engine/Content/EngineMaterials/Substrate/GLints/dict_16_192_64_0p5_0p02_0010_0002.uasset" 4921
"../../../Engine/Content/EngineMaterials/Substrate/GLints/dict_16_192_64_0p5_0p02_0010_0007.uasset" 4922
"../../../Engine/Content/EngineMaterials/Substrate/GLints/dict_16_192_64_0p5_0p02_0010_0010.uasset" 4923
"../../../Engine/Content/EngineMaterials/Substrate/GLints/dict_16_192_64_0p5_0p02_0010_0005.uasset" 4924
"../../../Engine/Content/EngineMaterials/Substrate/GLints/dict_16_192_64_0p5_0p02_0010_0006.uasset" 4925
"../../../Engine/Content/EngineMaterials/Substrate/GLints/dict_16_192_64_0p5_0p02_0010_0011.uasset" 4926
"../../../Engine/Content/EngineMaterials/Substrate/GLints/dict_16_192_64_0p5_0p02_0010_0003.uasset" 4927
"/Engine/EngineMaterials/Substrate/GLints/dict_16_192_64_0p5_0p02_0010_0001" 4928
"../../../Engine/Content/EngineMaterials/Substrate/GLints/dict_16_192_64_0p5_0p02_0010_0013.uasset" 4929
"../../../Engine/Content/EngineMaterials/Substrate/GLints/dict_16_192_64_0p5_0p02_0010_0015.uasset" 4930
"../../../Engine/Content/EngineMaterials/Substrate/GLints/dict_16_192_64_0p5_0p02_0010_0012.uasset" 4931
"../../../Engine/Content/EngineMaterials/Substrate/GLints/dict_16_192_64_0p5_0p02_0011_0000.uasset" 4932
"../../../Engine/Content/EngineMaterials/Substrate/GLints/dict_16_192_64_0p5_0p02_0011_0001.uasset" 4933
"../../../Engine/Content/EngineMaterials/Substrate/GLints/dict_16_192_64_0p5_0p02_0011_0002.uasset" 4934
"../../../Engine/Content/EngineMaterials/Substrate/GLints/dict_16_192_64_0p5_0p02_0011_0003.uasset" 4935
"../../../Engine/Content/EngineMaterials/Substrate/GLints/dict_16_192_64_0p5_0p02_0011_0005.uasset" 4936
"../../../Engine/Content/EngineMaterials/Substrate/GLints/dict_16_192_64_0p5_0p02_0011_0006.uasset" 4937
"../../../Engine/Content/EngineMaterials/Substrate/GLints/dict_16_192_64_0p5_0p02_0011_0004.uasset" 4938
"../../../Engine/Content/EngineMaterials/Substrate/GLints/dict_16_192_64_0p5_0p02_0011_0008.uasset" 4939
"../../../Engine/Content/EngineMaterials/Substrate/GLints/dict_16_192_64_0p5_0p02_0011_0010.uasset" 4940
"../../../Engine/Content/EngineMaterials/Substrate/GLints/dict_16_192_64_0p5_0p02_0011_0009.uasset" 4941
"../../../Engine/Content/EngineMaterials/Substrate/GLints/dict_16_192_64_0p5_0p02_0010_0014.uasset" 4942
"../../../Engine/Content/EngineMaterials/Substrate/GLints/dict_16_192_64_0p5_0p02_0010_0009.uasset" 4943
"../../../Engine/Content/EngineMaterials/Substrate/GLints/dict_16_192_64_0p5_0p02_0011_0013.uasset" 4944
"../../../Engine/Content/EngineMaterials/Substrate/GLints/dict_16_192_64_0p5_0p02_0011_0012.uasset" 4945
"../../../Engine/Content/EngineMaterials/Substrate/GLints/dict_16_192_64_0p5_0p02_0011_0007.uasset" 4946
"../../../Engine/Content/EngineMaterials/Substrate/GLints/dict_16_192_64_0p5_0p02_0010_0008.uasset" 4947
"../../../Engine/Content/EngineMaterials/Substrate/GLints/dict_16_192_64_0p5_0p02_0010_0004.uasset" 4948
"../../../Engine/Content/EngineMaterials/Substrate/GLints/dict_16_192_64_0p5_0p02_0011_0011.uasset" 4949
"/Engine/EngineMaterials/Substrate/GLints/dict_16_192_64_0p5_0p02_0010_0000" 4950
"/Engine/EngineMaterials/Substrate/GLints/dict_16_192_64_0p5_0p02_0009_0015" 4951
"/Engine/EngineMaterials/Substrate/GLints/dict_16_192_64_0p5_0p02_0009_0014" 4952
"../../../Engine/Content/EngineMaterials/Substrate/GLints/dict_16_192_64_0p5_0p02_0012_0000.uasset" 4953
"../../../Engine/Content/EngineMaterials/Substrate/GLints/dict_16_192_64_0p5_0p02_0012_0001.uasset" 4954
"../../../Engine/Content/EngineMaterials/Substrate/GLints/dict_16_192_64_0p5_0p02_0011_0015.uasset" 4955
"/Engine/EngineMaterials/Substrate/GLints/dict_16_192_64_0p5_0p02_0011_0013" 4956
"../../../Engine/Content/EngineMaterials/Substrate/GLints/dict_16_192_64_0p5_0p02_0011_0014.uasset" 4957
"/Engine/EngineMaterials/Substrate/GLints/dict_16_192_64_0p5_0p02_0011_0012" 4958
"/Engine/EngineMaterials/Substrate/GLints/dict_16_192_64_0p5_0p02_0011_0011" 4959
"/Engine/EngineMaterials/Substrate/GLints/dict_16_192_64_0p5_0p02_0011_0010" 4960
"/Engine/EngineMaterials/Substrate/GLints/dict_16_192_64_0p5_0p02_0011_0009" 4961
"/Engine/EngineMaterials/Substrate/GLints/dict_16_192_64_0p5_0p02_0011_0008" 4962
"/Engine/EngineMaterials/Substrate/GLints/dict_16_192_64_0p5_0p02_0011_0007" 4963
"/Engine/EngineMaterials/Substrate/GLints/dict_16_192_64_0p5_0p02_0011_0006" 4964
"/Engine/EngineMaterials/Substrate/GLints/dict_16_192_64_0p5_0p02_0011_0005" 4965
"/Engine/EngineMaterials/Substrate/GLints/dict_16_192_64_0p5_0p02_0011_0004" 4966
"/Engine/EngineMaterials/Substrate/GLints/dict_16_192_64_0p5_0p02_0011_0003" 4967
"/Engine/EngineMaterials/Substrate/GLints/dict_16_192_64_0p5_0p02_0011_0002" 4968
"/Engine/EngineMaterials/Substrate/GLints/dict_16_192_64_0p5_0p02_0011_0001" 4969
"/Engine/EngineMaterials/Substrate/GLints/dict_16_192_64_0p5_0p02_0011_0000" 4970
"/Engine/EngineMaterials/Substrate/GLints/dict_16_192_64_0p5_0p02_0010_0015" 4971
"/Engine/EngineMaterials/Substrate/GLints/dict_16_192_64_0p5_0p02_0010_0014" 4972
"/Engine/EngineMaterials/Substrate/GLints/dict_16_192_64_0p5_0p02_0010_0013" 4973
"/Engine/EngineMaterials/Substrate/GLints/dict_16_192_64_0p5_0p02_0010_0012" 4974
"/Engine/EngineMaterials/Substrate/GLints/dict_16_192_64_0p5_0p02_0010_0011" 4975
"/Engine/EngineMaterials/Substrate/GLints/dict_16_192_64_0p5_0p02_0010_0010" 4976
"/Engine/EngineMaterials/Substrate/GLints/dict_16_192_64_0p5_0p02_0010_0009" 4977
"/Engine/EngineMaterials/Substrate/GLints/dict_16_192_64_0p5_0p02_0010_0008" 4978
"/Engine/EngineMaterials/Substrate/GLints/dict_16_192_64_0p5_0p02_0010_0007" 4979
"/Engine/EngineMaterials/Substrate/GLints/dict_16_192_64_0p5_0p02_0010_0006" 4980
"/Engine/EngineMaterials/Substrate/GLints/dict_16_192_64_0p5_0p02_0010_0005" 4981
"/Engine/EngineMaterials/Substrate/GLints/dict_16_192_64_0p5_0p02_0010_0004" 4982
"/Engine/EngineMaterials/Substrate/GLints/dict_16_192_64_0p5_0p02_0010_0003" 4983
"/Engine/EngineMaterials/Substrate/GLints/dict_16_192_64_0p5_0p02_0010_0002" 4984
"../../../Engine/Content/EngineMaterials/Substrate/GLints/dict_16_192_64_0p5_0p02_0012_0005.uasset" 4985
"../../../Engine/Content/EngineMaterials/Substrate/GLints/dict_16_192_64_0p5_0p02_0012_0011.uasset" 4986
"../../../Engine/Content/EngineMaterials/Substrate/GLints/dict_16_192_64_0p5_0p02_0012_0007.uasset" 4987
"../../../Engine/Content/EngineMaterials/Substrate/GLints/dict_16_192_64_0p5_0p02_0012_0009.uasset" 4988
"../../../Engine/Content/EngineMaterials/Substrate/GLints/dict_16_192_64_0p5_0p02_0012_0010.uasset" 4989
"/Engine/EngineMaterials/Substrate/GLints/dict_16_192_64_0p5_0p02_0012_0001" 4990
"../../../Engine/Content/EngineMaterials/Substrate/GLints/dict_16_192_64_0p5_0p02_0012_0002.uasset" 4991
"../../../Engine/Content/EngineMaterials/Substrate/GLints/dict_16_192_64_0p5_0p02_0012_0003.uasset" 4992
"../../../Engine/Content/EngineMaterials/Substrate/GLints/dict_16_192_64_0p5_0p02_0012_0013.uasset" 4993
"../../../Engine/Content/EngineMaterials/Substrate/GLints/dict_16_192_64_0p5_0p02_0012_0012.uasset" 4994
"../../../Engine/Content/EngineMaterials/Substrate/GLints/dict_16_192_64_0p5_0p02_0012_0006.uasset" 4995
"../../../Engine/Content/EngineMaterials/Substrate/GLints/dict_16_192_64_0p5_0p02_0013_0003.uasset" 4996
"../../../Engine/Content/EngineMaterials/Substrate/GLints/dict_16_192_64_0p5_0p02_0012_0008.uasset" 4997
"../../../Engine/Content/EngineMaterials/Substrate/GLints/dict_16_192_64_0p5_0p02_0013_0004.uasset" 4998
"../../../Engine/Content/EngineMaterials/Substrate/GLints/dict_16_192_64_0p5_0p02_0013_0005.uasset" 4999
"../../../Engine/Content/EngineMaterials/Substrate/GLints/dict_16_192_64_0p5_0p02_0013_0007.uasset" 5000
"../../../Engine/Content/EngineMaterials/Substrate/GLints/dict_16_192_64_0p5_0p02_0012_0004.uasset" 5001
"../../../Engine/Content/EngineMaterials/Substrate/GLints/dict_16_192_64_0p5_0p02_0012_0015.uasset" 5002
"../../../Engine/Content/EngineMaterials/Substrate/GLints/dict_16_192_64_0p5_0p02_0013_0010.uasset" 5003
"../../../Engine/Content/EngineMaterials/Substrate/GLints/dict_16_192_64_0p5_0p02_0013_0001.uasset" 5004
"../../../Engine/Content/EngineMaterials/Substrate/GLints/dict_16_192_64_0p5_0p02_0013_0011.uasset" 5005
"../../../Engine/Content/EngineMaterials/Substrate/GLints/dict_16_192_64_0p5_0p02_0013_0008.uasset" 5006
"../../../Engine/Content/EngineMaterials/Substrate/GLints/dict_16_192_64_0p5_0p02_0013_0012.uasset" 5007
"../../../Engine/Content/EngineMaterials/Substrate/GLints/dict_16_192_64_0p5_0p02_0013_0009.uasset" 5008
"../../../Engine/Content/EngineMaterials/Substrate/GLints/dict_16_192_64_0p5_0p02_0013_0013.uasset" 5009
"../../../Engine/Content/EngineMaterials/Substrate/GLints/dict_16_192_64_0p5_0p02_0013_0000.uasset" 5010
"../../../Engine/Content/EngineMaterials/Substrate/GLints/dict_16_192_64_0p5_0p02_0013_0006.uasset" 5011
"../../../Engine/Content/EngineMaterials/Substrate/GLints/dict_16_192_64_0p5_0p02_0012_0014.uasset" 5012
"../../../Engine/Content/EngineMaterials/Substrate/GLints/dict_16_192_64_0p5_0p02_0013_0002.uasset" 5013
"/Engine/EngineMaterials/Substrate/GLints/dict_16_192_64_0p5_0p02_0012_0000" 5014
"/Engine/EngineMaterials/Substrate/GLints/dict_16_192_64_0p5_0p02_0011_0015" 5015
"/Engine/EngineMaterials/Substrate/GLints/dict_16_192_64_0p5_0p02_0011_0014" 5016
"../../../Engine/Content/EngineMaterials/Substrate/GLints/dict_16_192_64_0p5_0p02_0014_0000.uasset" 5017
"../../../Engine/Content/EngineMaterials/Substrate/GLints/dict_16_192_64_0p5_0p02_0013_0015.uasset" 5018
"../../../Engine/Content/EngineMaterials/Substrate/GLints/dict_16_192_64_0p5_0p02_0013_0014.uasset" 5019
"../../../Engine/Content/EngineMaterials/Substrate/GLints/dict_16_192_64_0p5_0p02_0014_0001.uasset" 5020
"/Engine/EngineMaterials/Substrate/GLints/dict_16_192_64_0p5_0p02_0013_0013" 5021
"/Engine/EngineMaterials/Substrate/GLints/dict_16_192_64_0p5_0p02_0013_0012" 5022
"/Engine/EngineMaterials/Substrate/GLints/dict_16_192_64_0p5_0p02_0013_0011" 5023
"/Engine/EngineMaterials/Substrate/GLints/dict_16_192_64_0p5_0p02_0013_0010" 5024
"/Engine/EngineMaterials/Substrate/GLints/dict_16_192_64_0p5_0p02_0013_0009" 5025
"/Engine/EngineMaterials/Substrate/GLints/dict_16_192_64_0p5_0p02_0013_0008" 5026
"/Engine/EngineMaterials/Substrate/GLints/dict_16_192_64_0p5_0p02_0013_0007" 5027
"/Engine/EngineMaterials/Substrate/GLints/dict_16_192_64_0p5_0p02_0013_0006" 5028
"/Engine/EngineMaterials/Substrate/GLints/dict_16_192_64_0p5_0p02_0013_0005" 5029
"/Engine/EngineMaterials/Substrate/GLints/dict_16_192_64_0p5_0p02_0013_0004" 5030
"/Engine/EngineMaterials/Substrate/GLints/dict_16_192_64_0p5_0p02_0013_0003" 5031
"/Engine/EngineMaterials/Substrate/GLints/dict_16_192_64_0p5_0p02_0013_0002" 5032
"/Engine/EngineMaterials/Substrate/GLints/dict_16_192_64_0p5_0p02_0013_0001" 5033
"/Engine/EngineMaterials/Substrate/GLints/dict_16_192_64_0p5_0p02_0013_0000" 5034
"/Engine/EngineMaterials/Substrate/GLints/dict_16_192_64_0p5_0p02_0012_0015" 5035
"/Engine/EngineMaterials/Substrate/GLints/dict_16_192_64_0p5_0p02_0012_0014" 5036
"/Engine/EngineMaterials/Substrate/GLints/dict_16_192_64_0p5_0p02_0012_0013" 5037
"/Engine/EngineMaterials/Substrate/GLints/dict_16_192_64_0p5_0p02_0012_0012" 5038
"/Engine/EngineMaterials/Substrate/GLints/dict_16_192_64_0p5_0p02_0012_0011" 5039
"/Engine/EngineMaterials/Substrate/GLints/dict_16_192_64_0p5_0p02_0012_0010" 5040
"/Engine/EngineMaterials/Substrate/GLints/dict_16_192_64_0p5_0p02_0012_0009" 5041
"/Engine/EngineMaterials/Substrate/GLints/dict_16_192_64_0p5_0p02_0012_0008" 5042
"/Engine/EngineMaterials/Substrate/GLints/dict_16_192_64_0p5_0p02_0012_0007" 5043
"/Engine/EngineMaterials/Substrate/GLints/dict_16_192_64_0p5_0p02_0012_0006" 5044
"/Engine/EngineMaterials/Substrate/GLints/dict_16_192_64_0p5_0p02_0012_0005" 5045
"/Engine/EngineMaterials/Substrate/GLints/dict_16_192_64_0p5_0p02_0012_0004" 5046
"/Engine/EngineMaterials/Substrate/GLints/dict_16_192_64_0p5_0p02_0012_0003" 5047
"/Engine/EngineMaterials/Substrate/GLints/dict_16_192_64_0p5_0p02_0012_0002" 5048
"../../../Engine/Content/EngineMaterials/Substrate/GLints/dict_16_192_64_0p5_0p02_0014_0006.uasset" 5049
"../../../Engine/Content/EngineMaterials/Substrate/GLints/dict_16_192_64_0p5_0p02_0014_0008.uasset" 5050
"../../../Engine/Content/EngineMaterials/Substrate/GLints/dict_16_192_64_0p5_0p02_0014_0005.uasset" 5051
"../../../Engine/Content/EngineMaterials/Substrate/GLints/dict_16_192_64_0p5_0p02_0014_0009.uasset" 5052
"../../../Engine/Content/EngineMaterials/Substrate/GLints/dict_16_192_64_0p5_0p02_0014_0010.uasset" 5053
"../../../Engine/Content/EngineMaterials/Substrate/GLints/dict_16_192_64_0p5_0p02_0014_0003.uasset" 5054
"../../../Engine/Content/EngineMaterials/Substrate/GLints/dict_16_192_64_0p5_0p02_0014_0004.uasset" 5055
"../../../Engine/Content/EngineMaterials/Substrate/GLints/dict_16_192_64_0p5_0p02_0014_0012.uasset" 5056
"../../../Engine/Content/EngineMaterials/Substrate/GLints/dict_16_192_64_0p5_0p02_0014_0007.uasset" 5057
"../../../Engine/Content/EngineMaterials/Substrate/GLints/dict_16_192_64_0p5_0p02_0014_0013.uasset" 5058
"../../../Engine/Content/EngineMaterials/Substrate/GLints/dict_16_192_64_0p5_0p02_0014_0002.uasset" 5059
"../../../Engine/Content/EngineMaterials/Substrate/GLints/dict_16_192_64_0p5_0p02_0014_0015.uasset" 5060
"../../../Engine/Content/EngineMaterials/Substrate/GLints/dict_16_192_64_0p5_0p02_0015_0001.uasset" 5061
"../../../Engine/Content/EngineMaterials/Substrate/GLints/dict_16_192_64_0p5_0p02_0014_0014.uasset" 5062
"../../../Engine/Content/EngineMaterials/Substrate/GLints/dict_16_192_64_0p5_0p02_0015_0002.uasset" 5063
"../../../Engine/Content/EngineMaterials/Substrate/GLints/dict_16_192_64_0p5_0p02_0014_0011.uasset" 5064
"../../../Engine/Content/EngineMaterials/Substrate/GLints/dict_16_192_64_0p5_0p02_0015_0000.uasset" 5065
"../../../Engine/Content/EngineMaterials/Substrate/GLints/dict_16_192_64_0p5_0p02_0015_0006.uasset" 5066
"../../../Engine/Content/EngineMaterials/Substrate/GLints/dict_16_192_64_0p5_0p02_0015_0009.uasset" 5067
"../../../Engine/Content/EngineMaterials/Substrate/GLints/dict_16_192_64_0p5_0p02_0015_0003.uasset" 5068
"../../../Engine/Content/EngineMaterials/Substrate/GLints/dict_16_192_64_0p5_0p02_0015_0011.uasset" 5069
"../../../Engine/Content/EngineMaterials/Substrate/GLints/dict_16_192_64_0p5_0p02_0015_0004.uasset" 5070
"../../../Engine/Content/EngineMaterials/Substrate/GLints/dict_16_192_64_0p5_0p02_0015_0007.uasset" 5071
"../../../Engine/Content/EngineMaterials/Substrate/GLints/dict_16_192_64_0p5_0p02_0015_0012.uasset" 5072
"../../../Engine/Content/EngineMaterials/Substrate/GLints/dict_16_192_64_0p5_0p02_0015_0013.uasset" 5073
"../../../Engine/Content/EngineMaterials/Substrate/GLints/dict_16_192_64_0p5_0p02_0015_0008.uasset" 5074
"../../../Engine/Content/EngineMaterials/Substrate/GLints/dict_16_192_64_0p5_0p02_0015_0010.uasset" 5075
"../../../Engine/Content/EngineMaterials/Substrate/GLints/dict_16_192_64_0p5_0p02_0015_0005.uasset" 5076
"/Engine/EngineMaterials/Substrate/GLints/dict_16_192_64_0p5_0p02_0014_0001" 5077
"/Engine/EngineMaterials/Substrate/GLints/dict_16_192_64_0p5_0p02_0014_0000" 5078
"/Engine/EngineMaterials/Substrate/GLints/dict_16_192_64_0p5_0p02_0013_0015" 5079
"/Engine/EngineMaterials/Substrate/GLints/dict_16_192_64_0p5_0p02_0013_0014" 5080
"../../../Engine/Content/EngineMaterials/Substrate/GLints/dict_16_192_64_0p5_0p02_0015_0015.uasset" 5081
"../../../Engine/Content/EngineMaterials/Substrate/GLints/dict_16_192_64_0p5_0p02_0016_0000.uasset" 5082
"../../../Engine/Content/EngineMaterials/Substrate/GLints/dict_16_192_64_0p5_0p02_0016_0001.uasset" 5083
"../../../Engine/Content/EngineMaterials/Substrate/GLints/dict_16_192_64_0p5_0p02_0015_0014.uasset" 5084
"/Engine/EngineMaterials/Substrate/GLints/dict_16_192_64_0p5_0p02_0015_0013" 5085
"/Engine/EngineMaterials/Substrate/GLints/dict_16_192_64_0p5_0p02_0015_0012" 5086
"/Engine/EngineMaterials/Substrate/GLints/dict_16_192_64_0p5_0p02_0015_0011" 5087
"/Engine/EngineMaterials/Substrate/GLints/dict_16_192_64_0p5_0p02_0015_0010" 5088
"/Engine/EngineMaterials/Substrate/GLints/dict_16_192_64_0p5_0p02_0015_0009" 5089
"/Engine/EngineMaterials/Substrate/GLints/dict_16_192_64_0p5_0p02_0015_0008" 5090
"/Engine/EngineMaterials/Substrate/GLints/dict_16_192_64_0p5_0p02_0015_0007" 5091
"/Engine/EngineMaterials/Substrate/GLints/dict_16_192_64_0p5_0p02_0015_0006" 5092
"/Engine/EngineMaterials/Substrate/GLints/dict_16_192_64_0p5_0p02_0015_0005" 5093
"/Engine/EngineMaterials/Substrate/GLints/dict_16_192_64_0p5_0p02_0015_0004" 5094
"/Engine/EngineMaterials/Substrate/GLints/dict_16_192_64_0p5_0p02_0015_0003" 5095
"/Engine/EngineMaterials/Substrate/GLints/dict_16_192_64_0p5_0p02_0015_0002" 5096
"/Engine/EngineMaterials/Substrate/GLints/dict_16_192_64_0p5_0p02_0015_0001" 5097
"/Engine/EngineMaterials/Substrate/GLints/dict_16_192_64_0p5_0p02_0015_0000" 5098
"/Engine/EngineMaterials/Substrate/GLints/dict_16_192_64_0p5_0p02_0014_0015" 5099
"/Engine/EngineMaterials/Substrate/GLints/dict_16_192_64_0p5_0p02_0014_0014" 5100
"/Engine/EngineMaterials/Substrate/GLints/dict_16_192_64_0p5_0p02_0014_0013" 5101
"/Engine/EngineMaterials/Substrate/GLints/dict_16_192_64_0p5_0p02_0014_0012" 5102
"/Engine/EngineMaterials/Substrate/GLints/dict_16_192_64_0p5_0p02_0014_0011" 5103
"/Engine/EngineMaterials/Substrate/GLints/dict_16_192_64_0p5_0p02_0014_0010" 5104
"/Engine/EngineMaterials/Substrate/GLints/dict_16_192_64_0p5_0p02_0014_0009" 5105
"/Engine/EngineMaterials/Substrate/GLints/dict_16_192_64_0p5_0p02_0014_0008" 5106
"/Engine/EngineMaterials/Substrate/GLints/dict_16_192_64_0p5_0p02_0014_0007" 5107
"/Engine/EngineMaterials/Substrate/GLints/dict_16_192_64_0p5_0p02_0014_0006" 5108
"/Engine/EngineMaterials/Substrate/GLints/dict_16_192_64_0p5_0p02_0014_0005" 5109
"/Engine/EngineMaterials/Substrate/GLints/dict_16_192_64_0p5_0p02_0014_0004" 5110
"/Engine/EngineMaterials/Substrate/GLints/dict_16_192_64_0p5_0p02_0014_0003" 5111
"/Engine/EngineMaterials/Substrate/GLints/dict_16_192_64_0p5_0p02_0014_0002" 5112
"../../../Engine/Content/EngineMaterials/Substrate/GLints/dict_16_192_64_0p5_0p02_0016_0004.uasset" 5113
"/Engine/EngineMaterials/Substrate/GLints/dict_16_192_64_0p5_0p02_0016_0001" 5114
"../../../Engine/Content/EngineMaterials/Substrate/GLints/dict_16_192_64_0p5_0p02_0016_0009.uasset" 5115
"../../../Engine/Content/EngineMaterials/Substrate/GLints/dict_16_192_64_0p5_0p02_0016_0008.uasset" 5116
"../../../Engine/Content/EngineMaterials/Substrate/GLints/dict_16_192_64_0p5_0p02_0016_0007.uasset" 5117
"../../../Engine/Content/EngineMaterials/Substrate/GLints/dict_16_192_64_0p5_0p02_0016_0010.uasset" 5118
"../../../Engine/Content/EngineMaterials/Substrate/GLints/dict_16_192_64_0p5_0p02_0016_0012.uasset" 5119
"../../../Engine/Content/EngineMaterials/Substrate/GLints/dict_16_192_64_0p5_0p02_0016_0006.uasset" 5120
"../../../Engine/Content/EngineMaterials/Substrate/GLints/dict_16_192_64_0p5_0p02_0016_0003.uasset" 5121
"../../../Engine/Content/EngineMaterials/Substrate/GLints/dict_16_192_64_0p5_0p02_0016_0014.uasset" 5122
"../../../Engine/Content/EngineMaterials/Substrate/GLints/dict_16_192_64_0p5_0p02_0016_0005.uasset" 5123
"../../../Engine/Content/EngineMaterials/Substrate/GLints/dict_16_192_64_0p5_0p02_0016_0015.uasset" 5124
"../../../Engine/Content/EngineMaterials/Substrate/GLints/dict_16_192_64_0p5_0p02_0017_0002.uasset" 5125
"../../../Engine/Content/EngineMaterials/Substrate/GLints/dict_16_192_64_0p5_0p02_0016_0011.uasset" 5126
"../../../Engine/Content/EngineMaterials/Substrate/GLints/dict_16_192_64_0p5_0p02_0016_0002.uasset" 5127
"../../../Engine/Content/EngineMaterials/Substrate/GLints/dict_16_192_64_0p5_0p02_0017_0005.uasset" 5128
"../../../Engine/Content/EngineMaterials/Substrate/GLints/dict_16_192_64_0p5_0p02_0017_0006.uasset" 5129
"../../../Engine/Content/EngineMaterials/Substrate/GLints/dict_16_192_64_0p5_0p02_0017_0004.uasset" 5130
"../../../Engine/Content/EngineMaterials/Substrate/GLints/dict_16_192_64_0p5_0p02_0016_0013.uasset" 5131
"../../../Engine/Content/EngineMaterials/Substrate/GLints/dict_16_192_64_0p5_0p02_0017_0007.uasset" 5132
"../../../Engine/Content/EngineMaterials/Substrate/GLints/dict_16_192_64_0p5_0p02_0017_0008.uasset" 5133
"../../../Engine/Content/EngineMaterials/Substrate/GLints/dict_16_192_64_0p5_0p02_0017_0010.uasset" 5134
"../../../Engine/Content/EngineMaterials/Substrate/GLints/dict_16_192_64_0p5_0p02_0017_0003.uasset" 5135
"../../../Engine/Content/EngineMaterials/Substrate/GLints/dict_16_192_64_0p5_0p02_0017_0009.uasset" 5136
"../../../Engine/Content/EngineMaterials/Substrate/GLints/dict_16_192_64_0p5_0p02_0017_0012.uasset" 5137
"../../../Engine/Content/EngineMaterials/Substrate/GLints/dict_16_192_64_0p5_0p02_0017_0013.uasset" 5138
"../../../Engine/Content/EngineMaterials/Substrate/GLints/dict_16_192_64_0p5_0p02_0017_0000.uasset" 5139
"../../../Engine/Content/EngineMaterials/Substrate/GLints/dict_16_192_64_0p5_0p02_0017_0001.uasset" 5140
"../../../Engine/Content/EngineMaterials/Substrate/GLints/dict_16_192_64_0p5_0p02_0017_0011.uasset" 5141
"/Engine/EngineMaterials/Substrate/GLints/dict_16_192_64_0p5_0p02_0016_0000" 5142
"/Engine/EngineMaterials/Substrate/GLints/dict_16_192_64_0p5_0p02_0015_0015" 5143
"/Engine/EngineMaterials/Substrate/GLints/dict_16_192_64_0p5_0p02_0015_0014" 5144
"../../../Engine/Content/EngineMaterials/Substrate/GLints/dict_16_192_64_0p5_0p02_0018_0001.uasset" 5145
"../../../Engine/Content/EngineMaterials/Substrate/GLints/dict_16_192_64_0p5_0p02_0017_0015.uasset" 5146
"/Engine/EngineMaterials/Substrate/GLints/dict_16_192_64_0p5_0p02_0017_0013" 5147
"../../../Engine/Content/EngineMaterials/Substrate/GLints/dict_16_192_64_0p5_0p02_0017_0014.uasset" 5148
"../../../Engine/Content/EngineMaterials/Substrate/GLints/dict_16_192_64_0p5_0p02_0018_0000.uasset" 5149
"/Engine/EngineMaterials/Substrate/GLints/dict_16_192_64_0p5_0p02_0017_0012" 5150
"/Engine/EngineMaterials/Substrate/GLints/dict_16_192_64_0p5_0p02_0017_0011" 5151
"/Engine/EngineMaterials/Substrate/GLints/dict_16_192_64_0p5_0p02_0017_0010" 5152
"/Engine/EngineMaterials/Substrate/GLints/dict_16_192_64_0p5_0p02_0017_0009" 5153
"/Engine/EngineMaterials/Substrate/GLints/dict_16_192_64_0p5_0p02_0017_0008" 5154
"/Engine/EngineMaterials/Substrate/GLints/dict_16_192_64_0p5_0p02_0017_0007" 5155
"/Engine/EngineMaterials/Substrate/GLints/dict_16_192_64_0p5_0p02_0017_0006" 5156
"/Engine/EngineMaterials/Substrate/GLints/dict_16_192_64_0p5_0p02_0017_0005" 5157
"/Engine/EngineMaterials/Substrate/GLints/dict_16_192_64_0p5_0p02_0017_0004" 5158
"/Engine/EngineMaterials/Substrate/GLints/dict_16_192_64_0p5_0p02_0017_0003" 5159
"/Engine/EngineMaterials/Substrate/GLints/dict_16_192_64_0p5_0p02_0017_0002" 5160
"/Engine/EngineMaterials/Substrate/GLints/dict_16_192_64_0p5_0p02_0017_0001" 5161
"/Engine/EngineMaterials/Substrate/GLints/dict_16_192_64_0p5_0p02_0017_0000" 5162
"/Engine/EngineMaterials/Substrate/GLints/dict_16_192_64_0p5_0p02_0016_0015" 5163
"/Engine/EngineMaterials/Substrate/GLints/dict_16_192_64_0p5_0p02_0016_0014" 5164
"/Engine/EngineMaterials/Substrate/GLints/dict_16_192_64_0p5_0p02_0016_0013" 5165
"/Engine/EngineMaterials/Substrate/GLints/dict_16_192_64_0p5_0p02_0016_0012" 5166
"/Engine/EngineMaterials/Substrate/GLints/dict_16_192_64_0p5_0p02_0016_0011" 5167
"/Engine/EngineMaterials/Substrate/GLints/dict_16_192_64_0p5_0p02_0016_0010" 5168
"/Engine/EngineMaterials/Substrate/GLints/dict_16_192_64_0p5_0p02_0016_0009" 5169
"/Engine/EngineMaterials/Substrate/GLints/dict_16_192_64_0p5_0p02_0016_0008" 5170
"/Engine/EngineMaterials/Substrate/GLints/dict_16_192_64_0p5_0p02_0016_0007" 5171
"/Engine/EngineMaterials/Substrate/GLints/dict_16_192_64_0p5_0p02_0016_0006" 5172
"/Engine/EngineMaterials/Substrate/GLints/dict_16_192_64_0p5_0p02_0016_0005" 5173
"/Engine/EngineMaterials/Substrate/GLints/dict_16_192_64_0p5_0p02_0016_0004" 5174
"/Engine/EngineMaterials/Substrate/GLints/dict_16_192_64_0p5_0p02_0016_0003" 5175
"/Engine/EngineMaterials/Substrate/GLints/dict_16_192_64_0p5_0p02_0016_0002" 5176
"../../../Engine/Content/EngineMaterials/Substrate/GLints/dict_16_192_64_0p5_0p02_0018_0007.uasset" 5177
"../../../Engine/Content/EngineMaterials/Substrate/GLints/dict_16_192_64_0p5_0p02_0018_0002.uasset" 5178
"../../../Engine/Content/EngineMaterials/Substrate/GLints/dict_16_192_64_0p5_0p02_0018_0003.uasset" 5179
"../../../Engine/Content/EngineMaterials/Substrate/GLints/dict_16_192_64_0p5_0p02_0018_0004.uasset" 5180
"/Engine/EngineMaterials/Substrate/GLints/dict_16_192_64_0p5_0p02_0018_0001" 5181
"../../../Engine/Content/EngineMaterials/Substrate/GLints/dict_16_192_64_0p5_0p02_0018_0011.uasset" 5182
"../../../Engine/Content/EngineMaterials/Substrate/GLints/dict_16_192_64_0p5_0p02_0018_0008.uasset" 5183
"../../../Engine/Content/EngineMaterials/Substrate/GLints/dict_16_192_64_0p5_0p02_0018_0012.uasset" 5184
"../../../Engine/Content/EngineMaterials/Substrate/GLints/dict_16_192_64_0p5_0p02_0018_0013.uasset" 5185
"../../../Engine/Content/EngineMaterials/Substrate/GLints/dict_16_192_64_0p5_0p02_0018_0006.uasset" 5186
"../../../Engine/Content/EngineMaterials/Substrate/GLints/dict_16_192_64_0p5_0p02_0018_0005.uasset" 5187
"../../../Engine/Content/EngineMaterials/Substrate/GLints/dict_16_192_64_0p5_0p02_0018_0015.uasset" 5188
"../../../Engine/Content/EngineMaterials/Substrate/GLints/dict_16_192_64_0p5_0p02_0019_0000.uasset" 5189
"../../../Engine/Content/EngineMaterials/Substrate/GLints/dict_16_192_64_0p5_0p02_0019_0001.uasset" 5190
"../../../Engine/Content/EngineMaterials/Substrate/GLints/dict_16_192_64_0p5_0p02_0019_0002.uasset" 5191
"../../../Engine/Content/EngineMaterials/Substrate/GLints/dict_16_192_64_0p5_0p02_0018_0010.uasset" 5192
"../../../Engine/Content/EngineMaterials/Substrate/GLints/dict_16_192_64_0p5_0p02_0019_0006.uasset" 5193
"../../../Engine/Content/EngineMaterials/Substrate/GLints/dict_16_192_64_0p5_0p02_0019_0005.uasset" 5194
"../../../Engine/Content/EngineMaterials/Substrate/GLints/dict_16_192_64_0p5_0p02_0019_0009.uasset" 5195
"../../../Engine/Content/EngineMaterials/Substrate/GLints/dict_16_192_64_0p5_0p02_0018_0014.uasset" 5196
"../../../Engine/Content/EngineMaterials/Substrate/GLints/dict_16_192_64_0p5_0p02_0019_0007.uasset" 5197
"../../../Engine/Content/EngineMaterials/Substrate/GLints/dict_16_192_64_0p5_0p02_0019_0003.uasset" 5198
"../../../Engine/Content/EngineMaterials/Substrate/GLints/dict_16_192_64_0p5_0p02_0019_0010.uasset" 5199
"../../../Engine/Content/EngineMaterials/Substrate/GLints/dict_16_192_64_0p5_0p02_0019_0004.uasset" 5200
"../../../Engine/Content/EngineMaterials/Substrate/GLints/dict_16_192_64_0p5_0p02_0019_0011.uasset" 5201
"../../../Engine/Content/EngineMaterials/Substrate/GLints/dict_16_192_64_0p5_0p02_0018_0009.uasset" 5202
"../../../Engine/Content/EngineMaterials/Substrate/GLints/dict_16_192_64_0p5_0p02_0019_0012.uasset" 5203
"../../../Engine/Content/EngineMaterials/Substrate/GLints/dict_16_192_64_0p5_0p02_0019_0013.uasset" 5204
"../../../Engine/Content/EngineMaterials/Substrate/GLints/dict_16_192_64_0p5_0p02_0019_0008.uasset" 5205
"/Engine/EngineMaterials/Substrate/GLints/dict_16_192_64_0p5_0p02_0018_0000" 5206
"/Engine/EngineMaterials/Substrate/GLints/dict_16_192_64_0p5_0p02_0017_0015" 5207
"/Engine/EngineMaterials/Substrate/GLints/dict_16_192_64_0p5_0p02_0017_0014" 5208
"../../../Engine/Content/EngineMaterials/Substrate/GLints/dict_16_192_64_0p5_0p02_0019_0014.uasset" 5209
"../../../Engine/Content/EngineMaterials/Substrate/GLints/dict_16_192_64_0p5_0p02_0019_0015.uasset" 5210
"../../../Engine/Content/EngineMaterials/Substrate/GLints/dict_16_192_64_0p5_0p02_0020_0001.uasset" 5211
"../../../Engine/Content/EngineMaterials/Substrate/GLints/dict_16_192_64_0p5_0p02_0020_0000.uasset" 5212
"/Engine/EngineMaterials/Substrate/GLints/dict_16_192_64_0p5_0p02_0019_0013" 5213
"/Engine/EngineMaterials/Substrate/GLints/dict_16_192_64_0p5_0p02_0019_0012" 5214
"/Engine/EngineMaterials/Substrate/GLints/dict_16_192_64_0p5_0p02_0019_0011" 5215
"/Engine/EngineMaterials/Substrate/GLints/dict_16_192_64_0p5_0p02_0019_0010" 5216
"/Engine/EngineMaterials/Substrate/GLints/dict_16_192_64_0p5_0p02_0019_0009" 5217
"/Engine/EngineMaterials/Substrate/GLints/dict_16_192_64_0p5_0p02_0019_0008" 5218
"/Engine/EngineMaterials/Substrate/GLints/dict_16_192_64_0p5_0p02_0019_0007" 5219
"/Engine/EngineMaterials/Substrate/GLints/dict_16_192_64_0p5_0p02_0019_0006" 5220
"/Engine/EngineMaterials/Substrate/GLints/dict_16_192_64_0p5_0p02_0019_0005" 5221
"/Engine/EngineMaterials/Substrate/GLints/dict_16_192_64_0p5_0p02_0019_0004" 5222
"/Engine/EngineMaterials/Substrate/GLints/dict_16_192_64_0p5_0p02_0019_0003" 5223
"/Engine/EngineMaterials/Substrate/GLints/dict_16_192_64_0p5_0p02_0019_0002" 5224
"/Engine/EngineMaterials/Substrate/GLints/dict_16_192_64_0p5_0p02_0019_0001" 5225
"/Engine/EngineMaterials/Substrate/GLints/dict_16_192_64_0p5_0p02_0019_0000" 5226
"/Engine/EngineMaterials/Substrate/GLints/dict_16_192_64_0p5_0p02_0018_0015" 5227
"/Engine/EngineMaterials/Substrate/GLints/dict_16_192_64_0p5_0p02_0018_0014" 5228
"/Engine/EngineMaterials/Substrate/GLints/dict_16_192_64_0p5_0p02_0018_0013" 5229
"/Engine/EngineMaterials/Substrate/GLints/dict_16_192_64_0p5_0p02_0018_0012" 5230
"/Engine/EngineMaterials/Substrate/GLints/dict_16_192_64_0p5_0p02_0018_0011" 5231
"/Engine/EngineMaterials/Substrate/GLints/dict_16_192_64_0p5_0p02_0018_0010" 5232
"/Engine/EngineMaterials/Substrate/GLints/dict_16_192_64_0p5_0p02_0018_0009" 5233
"/Engine/EngineMaterials/Substrate/GLints/dict_16_192_64_0p5_0p02_0018_0008" 5234
"/Engine/EngineMaterials/Substrate/GLints/dict_16_192_64_0p5_0p02_0018_0007" 5235
"/Engine/EngineMaterials/Substrate/GLints/dict_16_192_64_0p5_0p02_0018_0006" 5236
"/Engine/EngineMaterials/Substrate/GLints/dict_16_192_64_0p5_0p02_0018_0005" 5237
"/Engine/EngineMaterials/Substrate/GLints/dict_16_192_64_0p5_0p02_0018_0004" 5238
"/Engine/EngineMaterials/Substrate/GLints/dict_16_192_64_0p5_0p02_0018_0003" 5239
"/Engine/EngineMaterials/Substrate/GLints/dict_16_192_64_0p5_0p02_0018_0002" 5240
"../../../Engine/Content/EngineMaterials/Substrate/GLints/dict_16_192_64_0p5_0p02_0020_0005.uasset" 5241
"../../../Engine/Content/EngineMaterials/Substrate/GLints/dict_16_192_64_0p5_0p02_0020_0006.uasset" 5242
"../../../Engine/Content/EngineMaterials/Substrate/GLints/dict_16_192_64_0p5_0p02_0020_0002.uasset" 5243
"../../../Engine/Content/EngineMaterials/Substrate/GLints/dict_16_192_64_0p5_0p02_0020_0009.uasset" 5244
"../../../Engine/Content/EngineMaterials/Substrate/GLints/dict_16_192_64_0p5_0p02_0020_0011.uasset" 5245
"../../../Engine/Content/EngineMaterials/Substrate/GLints/dict_16_192_64_0p5_0p02_0020_0003.uasset" 5246
"/Engine/EngineMaterials/Substrate/GLints/dict_16_192_64_0p5_0p02_0020_0001" 5247
"../../../Engine/Content/EngineMaterials/Substrate/GLints/dict_16_192_64_0p5_0p02_0020_0007.uasset" 5248
"../../../Engine/Content/EngineMaterials/Substrate/GLints/dict_16_192_64_0p5_0p02_0020_0010.uasset" 5249
"../../../Engine/Content/EngineMaterials/Substrate/GLints/dict_16_192_64_0p5_0p02_0020_0013.uasset" 5250
"../../../Engine/Content/EngineMaterials/Substrate/GLints/dict_16_192_64_0p5_0p02_0020_0015.uasset" 5251
"../../../Engine/Content/EngineMaterials/Substrate/GLints/dict_16_192_64_0p5_0p02_0020_0014.uasset" 5252
"../../../Engine/Content/EngineMaterials/Substrate/GLints/dict_16_192_64_0p5_0p02_0020_0004.uasset" 5253
"../../../Engine/Content/EngineMaterials/Substrate/GLints/dict_16_192_64_0p5_0p02_0021_0002.uasset" 5254
"../../../Engine/Content/EngineMaterials/Substrate/GLints/dict_16_192_64_0p5_0p02_0021_0003.uasset" 5255
"../../../Engine/Content/EngineMaterials/Substrate/GLints/dict_16_192_64_0p5_0p02_0020_0008.uasset" 5256
"../../../Engine/Content/EngineMaterials/Substrate/GLints/dict_16_192_64_0p5_0p02_0021_0004.uasset" 5257
"../../../Engine/Content/EngineMaterials/Substrate/GLints/dict_16_192_64_0p5_0p02_0021_0000.uasset" 5258
"../../../Engine/Content/EngineMaterials/Substrate/GLints/dict_16_192_64_0p5_0p02_0020_0012.uasset" 5259
"../../../Engine/Content/EngineMaterials/Substrate/GLints/dict_16_192_64_0p5_0p02_0021_0006.uasset" 5260
"../../../Engine/Content/EngineMaterials/Substrate/GLints/dict_16_192_64_0p5_0p02_0021_0008.uasset" 5261
"../../../Engine/Content/EngineMaterials/Substrate/GLints/dict_16_192_64_0p5_0p02_0021_0007.uasset" 5262
"../../../Engine/Content/EngineMaterials/Substrate/GLints/dict_16_192_64_0p5_0p02_0021_0001.uasset" 5263
"../../../Engine/Content/EngineMaterials/Substrate/GLints/dict_16_192_64_0p5_0p02_0021_0012.uasset" 5264
"../../../Engine/Content/EngineMaterials/Substrate/GLints/dict_16_192_64_0p5_0p02_0021_0010.uasset" 5265
"../../../Engine/Content/EngineMaterials/Substrate/GLints/dict_16_192_64_0p5_0p02_0021_0011.uasset" 5266
"../../../Engine/Content/EngineMaterials/Substrate/GLints/dict_16_192_64_0p5_0p02_0021_0005.uasset" 5267
"../../../Engine/Content/EngineMaterials/Substrate/GLints/dict_16_192_64_0p5_0p02_0021_0013.uasset" 5268
"../../../Engine/Content/EngineMaterials/Substrate/GLints/dict_16_192_64_0p5_0p02_0021_0009.uasset" 5269
"/Engine/EngineMaterials/Substrate/GLints/dict_16_192_64_0p5_0p02_0020_0000" 5270
"/Engine/EngineMaterials/Substrate/GLints/dict_16_192_64_0p5_0p02_0019_0015" 5271
"/Engine/EngineMaterials/Substrate/GLints/dict_16_192_64_0p5_0p02_0019_0014" 5272
"../../../Engine/Content/EngineMaterials/Substrate/GLints/dict_16_192_64_0p5_0p02_0021_0014.uasset" 5273
"../../../Engine/Content/EngineMaterials/Substrate/GLints/dict_16_192_64_0p5_0p02_0022_0001.uasset" 5274
"../../../Engine/Content/EngineMaterials/Substrate/GLints/dict_16_192_64_0p5_0p02_0021_0015.uasset" 5275
"/Engine/EngineMaterials/Substrate/GLints/dict_16_192_64_0p5_0p02_0021_0013" 5276
"../../../Engine/Content/EngineMaterials/Substrate/GLints/dict_16_192_64_0p5_0p02_0022_0000.uasset" 5277
"/Engine/EngineMaterials/Substrate/GLints/dict_16_192_64_0p5_0p02_0021_0012" 5278
"/Engine/EngineMaterials/Substrate/GLints/dict_16_192_64_0p5_0p02_0021_0011" 5279
"/Engine/EngineMaterials/Substrate/GLints/dict_16_192_64_0p5_0p02_0021_0010" 5280
"/Engine/EngineMaterials/Substrate/GLints/dict_16_192_64_0p5_0p02_0021_0009" 5281
"/Engine/EngineMaterials/Substrate/GLints/dict_16_192_64_0p5_0p02_0021_0008" 5282
"/Engine/EngineMaterials/Substrate/GLints/dict_16_192_64_0p5_0p02_0021_0007" 5283
"/Engine/EngineMaterials/Substrate/GLints/dict_16_192_64_0p5_0p02_0021_0006" 5284
"/Engine/EngineMaterials/Substrate/GLints/dict_16_192_64_0p5_0p02_0021_0005" 5285
"/Engine/EngineMaterials/Substrate/GLints/dict_16_192_64_0p5_0p02_0021_0004" 5286
"/Engine/EngineMaterials/Substrate/GLints/dict_16_192_64_0p5_0p02_0021_0003" 5287
"/Engine/EngineMaterials/Substrate/GLints/dict_16_192_64_0p5_0p02_0021_0002" 5288
"/Engine/EngineMaterials/Substrate/GLints/dict_16_192_64_0p5_0p02_0021_0001" 5289
"/Engine/EngineMaterials/Substrate/GLints/dict_16_192_64_0p5_0p02_0021_0000" 5290
"/Engine/EngineMaterials/Substrate/GLints/dict_16_192_64_0p5_0p02_0020_0015" 5291
"/Engine/EngineMaterials/Substrate/GLints/dict_16_192_64_0p5_0p02_0020_0014" 5292
"/Engine/EngineMaterials/Substrate/GLints/dict_16_192_64_0p5_0p02_0020_0013" 5293
"/Engine/EngineMaterials/Substrate/GLints/dict_16_192_64_0p5_0p02_0020_0012" 5294
"/Engine/EngineMaterials/Substrate/GLints/dict_16_192_64_0p5_0p02_0020_0011" 5295
"/Engine/EngineMaterials/Substrate/GLints/dict_16_192_64_0p5_0p02_0020_0010" 5296
"/Engine/EngineMaterials/Substrate/GLints/dict_16_192_64_0p5_0p02_0020_0009" 5297
"/Engine/EngineMaterials/Substrate/GLints/dict_16_192_64_0p5_0p02_0020_0008" 5298
"/Engine/EngineMaterials/Substrate/GLints/dict_16_192_64_0p5_0p02_0020_0007" 5299
"/Engine/EngineMaterials/Substrate/GLints/dict_16_192_64_0p5_0p02_0020_0006" 5300
"/Engine/EngineMaterials/Substrate/GLints/dict_16_192_64_0p5_0p02_0020_0005" 5301
"/Engine/EngineMaterials/Substrate/GLints/dict_16_192_64_0p5_0p02_0020_0004" 5302
"/Engine/EngineMaterials/Substrate/GLints/dict_16_192_64_0p5_0p02_0020_0003" 5303
"/Engine/EngineMaterials/Substrate/GLints/dict_16_192_64_0p5_0p02_0020_0002" 5304
"../../../Engine/Content/EngineMaterials/Substrate/GLints/dict_16_192_64_0p5_0p02_0022_0004.uasset" 5305
"../../../Engine/Content/EngineMaterials/Substrate/GLints/dict_16_192_64_0p5_0p02_0022_0006.uasset" 5306
"../../../Engine/Content/EngineMaterials/Substrate/GLints/dict_16_192_64_0p5_0p02_0022_0003.uasset" 5307
"../../../Engine/Content/EngineMaterials/Substrate/GLints/dict_16_192_64_0p5_0p02_0022_0005.uasset" 5308
"../../../Engine/Content/EngineMaterials/Substrate/GLints/dict_16_192_64_0p5_0p02_0022_0007.uasset" 5309
"/Engine/EngineMaterials/Substrate/GLints/dict_16_192_64_0p5_0p02_0022_0001" 5310
"../../../Engine/Content/EngineMaterials/Substrate/GLints/dict_16_192_64_0p5_0p02_0022_0009.uasset" 5311
"../../../Engine/Content/EngineMaterials/Substrate/GLints/dict_16_192_64_0p5_0p02_0022_0010.uasset" 5312
"../../../Engine/Content/EngineMaterials/Substrate/GLints/dict_16_192_64_0p5_0p02_0022_0013.uasset" 5313
"../../../Engine/Content/EngineMaterials/Substrate/GLints/dict_16_192_64_0p5_0p02_0022_0014.uasset" 5314
"../../../Engine/Content/EngineMaterials/Substrate/GLints/dict_16_192_64_0p5_0p02_0022_0015.uasset" 5315
"../../../Engine/Content/EngineMaterials/Substrate/GLints/dict_16_192_64_0p5_0p02_0022_0012.uasset" 5316
"../../../Engine/Content/EngineMaterials/Substrate/GLints/dict_16_192_64_0p5_0p02_0022_0008.uasset" 5317
"../../../Engine/Content/EngineMaterials/Substrate/GLints/dict_16_192_64_0p5_0p02_0023_0001.uasset" 5318
"../../../Engine/Content/EngineMaterials/Substrate/GLints/dict_16_192_64_0p5_0p02_0023_0002.uasset" 5319
"../../../Engine/Content/EngineMaterials/Substrate/GLints/dict_16_192_64_0p5_0p02_0022_0011.uasset" 5320
"../../../Engine/Content/EngineMaterials/Substrate/GLints/dict_16_192_64_0p5_0p02_0023_0005.uasset" 5321
"../../../Engine/Content/EngineMaterials/Substrate/GLints/dict_16_192_64_0p5_0p02_0023_0006.uasset" 5322
"../../../Engine/Content/EngineMaterials/Substrate/GLints/dict_16_192_64_0p5_0p02_0023_0003.uasset" 5323
"../../../Engine/Content/EngineMaterials/Substrate/GLints/dict_16_192_64_0p5_0p02_0023_0007.uasset" 5324
"../../../Engine/Content/EngineMaterials/Substrate/GLints/dict_16_192_64_0p5_0p02_0023_0004.uasset" 5325
"../../../Engine/Content/EngineMaterials/Substrate/GLints/dict_16_192_64_0p5_0p02_0023_0009.uasset" 5326
"../../../Engine/Content/EngineMaterials/Substrate/GLints/dict_16_192_64_0p5_0p02_0023_0012.uasset" 5327
"../../../Engine/Content/EngineMaterials/Substrate/GLints/dict_16_192_64_0p5_0p02_0023_0011.uasset" 5328
"../../../Engine/Content/EngineMaterials/Substrate/GLints/dict_16_192_64_0p5_0p02_0022_0002.uasset" 5329
"../../../Engine/Content/EngineMaterials/Substrate/GLints/dict_16_192_64_0p5_0p02_0023_0013.uasset" 5330
"../../../Engine/Content/EngineMaterials/Substrate/GLints/dict_16_192_64_0p5_0p02_0023_0008.uasset" 5331
"../../../Engine/Content/EngineMaterials/Substrate/GLints/dict_16_192_64_0p5_0p02_0023_0010.uasset" 5332
"../../../Engine/Content/EngineMaterials/Substrate/GLints/dict_16_192_64_0p5_0p02_0023_0000.uasset" 5333
"/Engine/EngineMaterials/Substrate/GLints/dict_16_192_64_0p5_0p02_0022_0004" 5334
"/Engine/EngineMaterials/Substrate/GLints/dict_16_192_64_0p5_0p02_0022_0000" 5335
"/Engine/EngineMaterials/Substrate/GLints/dict_16_192_64_0p5_0p02_0021_0015" 5336
"/Engine/EngineMaterials/Substrate/GLints/dict_16_192_64_0p5_0p02_0021_0014" 5337
"../../../Engine/Content/EngineMaterials/Substrate/GLints/dict_16_192_64_0p5_0p02_0023_0014.uasset" 5338
"/Engine/EngineMaterials/Substrate/GLints/dict_16_192_64_0p5_0p02_0023_0013" 5339
"../../../Engine/Content/EngineMaterials/Substrate/GLints/dict_16_192_64_0p5_0p02_0024_0001.uasset" 5340
"../../../Engine/Content/EngineMaterials/Substrate/GLints/dict_16_192_64_0p5_0p02_0023_0015.uasset" 5341
"../../../Engine/Content/EngineMaterials/Substrate/GLints/dict_16_192_64_0p5_0p02_0024_0002.uasset" 5342
"../../../Engine/Content/EngineMaterials/Substrate/GLints/dict_16_192_64_0p5_0p02_0024_0000.uasset" 5343
"/Engine/EngineMaterials/Substrate/GLints/dict_16_192_64_0p5_0p02_0023_0012" 5344
"/Engine/EngineMaterials/Substrate/GLints/dict_16_192_64_0p5_0p02_0023_0011" 5345
"/Engine/EngineMaterials/Substrate/GLints/dict_16_192_64_0p5_0p02_0023_0010" 5346
"/Engine/EngineMaterials/Substrate/GLints/dict_16_192_64_0p5_0p02_0023_0009" 5347
"/Engine/EngineMaterials/Substrate/GLints/dict_16_192_64_0p5_0p02_0023_0008" 5348
"/Engine/EngineMaterials/Substrate/GLints/dict_16_192_64_0p5_0p02_0023_0007" 5349
"/Engine/EngineMaterials/Substrate/GLints/dict_16_192_64_0p5_0p02_0023_0006" 5350
"/Engine/EngineMaterials/Substrate/GLints/dict_16_192_64_0p5_0p02_0023_0005" 5351
"/Engine/EngineMaterials/Substrate/GLints/dict_16_192_64_0p5_0p02_0023_0004" 5352
"/Engine/EngineMaterials/Substrate/GLints/dict_16_192_64_0p5_0p02_0023_0003" 5353
"/Engine/EngineMaterials/Substrate/GLints/dict_16_192_64_0p5_0p02_0023_0002" 5354
"/Engine/EngineMaterials/Substrate/GLints/dict_16_192_64_0p5_0p02_0023_0001" 5355
"/Engine/EngineMaterials/Substrate/GLints/dict_16_192_64_0p5_0p02_0023_0000" 5356
"/Engine/EngineMaterials/Substrate/GLints/dict_16_192_64_0p5_0p02_0022_0015" 5357
"/Engine/EngineMaterials/Substrate/GLints/dict_16_192_64_0p5_0p02_0022_0014" 5358
"/Engine/EngineMaterials/Substrate/GLints/dict_16_192_64_0p5_0p02_0022_0013" 5359
"/Engine/EngineMaterials/Substrate/GLints/dict_16_192_64_0p5_0p02_0022_0012" 5360
"/Engine/EngineMaterials/Substrate/GLints/dict_16_192_64_0p5_0p02_0022_0011" 5361
"/Engine/EngineMaterials/Substrate/GLints/dict_16_192_64_0p5_0p02_0022_0010" 5362
"/Engine/EngineMaterials/Substrate/GLints/dict_16_192_64_0p5_0p02_0022_0009" 5363
"/Engine/EngineMaterials/Substrate/GLints/dict_16_192_64_0p5_0p02_0022_0008" 5364
"/Engine/EngineMaterials/Substrate/GLints/dict_16_192_64_0p5_0p02_0022_0007" 5365
"/Engine/EngineMaterials/Substrate/GLints/dict_16_192_64_0p5_0p02_0022_0006" 5366
"/Engine/EngineMaterials/Substrate/GLints/dict_16_192_64_0p5_0p02_0022_0005" 5367
"/Engine/EngineMaterials/Substrate/GLints/dict_16_192_64_0p5_0p02_0022_0003" 5368
"/Engine/EngineMaterials/Substrate/GLints/dict_16_192_64_0p5_0p02_0022_0002" 5369
"../../../Engine/Content/EngineMaterials/Substrate/GLints/dict_16_192_64_0p5_0p02_0024_0003.uasset" 5370
"../../../Engine/Content/EngineMaterials/Substrate/GLints/dict_16_192_64_0p5_0p02_0024_0006.uasset" 5371
"../../../Engine/Content/EngineMaterials/Substrate/GLints/dict_16_192_64_0p5_0p02_0024_0011.uasset" 5372
"../../../Engine/Content/EngineMaterials/Substrate/GLints/dict_16_192_64_0p5_0p02_0024_0007.uasset" 5373
"../../../Engine/Content/EngineMaterials/Substrate/GLints/dict_16_192_64_0p5_0p02_0024_0010.uasset" 5374
"../../../Engine/Content/EngineMaterials/Substrate/GLints/dict_16_192_64_0p5_0p02_0024_0012.uasset" 5375
"../../../Engine/Content/EngineMaterials/Substrate/GLints/dict_16_192_64_0p5_0p02_0024_0008.uasset" 5376
"/Engine/EngineMaterials/Substrate/GLints/dict_16_192_64_0p5_0p02_0024_0002" 5377
"../../../Engine/Content/EngineMaterials/Substrate/GLints/dict_16_192_64_0p5_0p02_0024_0013.uasset" 5378
"../../../Engine/Content/EngineMaterials/Substrate/GLints/dict_16_192_64_0p5_0p02_0024_0014.uasset" 5379
"../../../Engine/Content/EngineMaterials/Substrate/GLints/dict_16_192_64_0p5_0p02_0024_0004.uasset" 5380
"../../../Engine/Content/EngineMaterials/Substrate/GLints/dict_16_192_64_0p5_0p02_0025_0000.uasset" 5381
"../../../Engine/Content/EngineMaterials/Substrate/GLints/dict_16_192_64_0p5_0p02_0024_0015.uasset" 5382
"../../../Engine/Content/EngineMaterials/Substrate/GLints/dict_16_192_64_0p5_0p02_0025_0002.uasset" 5383
"../../../Engine/Content/EngineMaterials/Substrate/GLints/dict_16_192_64_0p5_0p02_0025_0001.uasset" 5384
"../../../Engine/Content/EngineMaterials/Substrate/GLints/dict_16_192_64_0p5_0p02_0025_0004.uasset" 5385
"../../../Engine/Content/EngineMaterials/Substrate/GLints/dict_16_192_64_0p5_0p02_0024_0009.uasset" 5386
"../../../Engine/Content/EngineMaterials/Substrate/GLints/dict_16_192_64_0p5_0p02_0025_0007.uasset" 5387
"../../../Engine/Content/EngineMaterials/Substrate/GLints/dict_16_192_64_0p5_0p02_0025_0006.uasset" 5388
"../../../Engine/Content/EngineMaterials/Substrate/GLints/dict_16_192_64_0p5_0p02_0025_0009.uasset" 5389
"../../../Engine/Content/EngineMaterials/Substrate/GLints/dict_16_192_64_0p5_0p02_0025_0008.uasset" 5390
"../../../Engine/Content/EngineMaterials/Substrate/GLints/dict_16_192_64_0p5_0p02_0025_0010.uasset" 5391
"../../../Engine/Content/EngineMaterials/Substrate/GLints/dict_16_192_64_0p5_0p02_0025_0011.uasset" 5392
"../../../Engine/Content/EngineMaterials/Substrate/GLints/dict_16_192_64_0p5_0p02_0025_0013.uasset" 5393
"../../../Engine/Content/EngineMaterials/Substrate/GLints/dict_16_192_64_0p5_0p02_0025_0012.uasset" 5394
"../../../Engine/Content/EngineMaterials/Substrate/GLints/dict_16_192_64_0p5_0p02_0025_0003.uasset" 5395
"../../../Engine/Content/EngineMaterials/Substrate/GLints/dict_16_192_64_0p5_0p02_0024_0005.uasset" 5396
"../../../Engine/Content/EngineMaterials/Substrate/GLints/dict_16_192_64_0p5_0p02_0025_0005.uasset" 5397
"/Engine/EngineMaterials/Substrate/GLints/dict_16_192_64_0p5_0p02_0024_0001" 5398
"/Engine/EngineMaterials/Substrate/GLints/dict_16_192_64_0p5_0p02_0024_0000" 5399
"/Engine/EngineMaterials/Substrate/GLints/dict_16_192_64_0p5_0p02_0023_0015" 5400
"/Engine/EngineMaterials/Substrate/GLints/dict_16_192_64_0p5_0p02_0023_0014" 5401
"../../../Engine/Content/EngineMaterials/Substrate/GLints/dict_16_192_64_0p5_0p02_0025_0014.uasset" 5402
"../../../Engine/Content/EngineMaterials/Substrate/GLints/dict_16_192_64_0p5_0p02_0026_0000.uasset" 5403
"../../../Engine/Content/EngineMaterials/Substrate/GLints/dict_16_192_64_0p5_0p02_0026_0001.uasset" 5404
"../../../Engine/Content/EngineMaterials/Substrate/GLints/dict_16_192_64_0p5_0p02_0026_0002.uasset" 5405
"/Engine/EngineMaterials/Substrate/GLints/dict_16_192_64_0p5_0p02_0025_0013" 5406
"../../../Engine/Content/EngineMaterials/Substrate/GLints/dict_16_192_64_0p5_0p02_0025_0015.uasset" 5407
"/Engine/EngineMaterials/Substrate/GLints/dict_16_192_64_0p5_0p02_0025_0012" 5408
"/Engine/EngineMaterials/Substrate/GLints/dict_16_192_64_0p5_0p02_0025_0011" 5409
"/Engine/EngineMaterials/Substrate/GLints/dict_16_192_64_0p5_0p02_0025_0010" 5410
"/Engine/EngineMaterials/Substrate/GLints/dict_16_192_64_0p5_0p02_0025_0009" 5411
"/Engine/EngineMaterials/Substrate/GLints/dict_16_192_64_0p5_0p02_0025_0008" 5412
"/Engine/EngineMaterials/Substrate/GLints/dict_16_192_64_0p5_0p02_0025_0007" 5413
"/Engine/EngineMaterials/Substrate/GLints/dict_16_192_64_0p5_0p02_0025_0006" 5414
"/Engine/EngineMaterials/Substrate/GLints/dict_16_192_64_0p5_0p02_0025_0005" 5415
"/Engine/EngineMaterials/Substrate/GLints/dict_16_192_64_0p5_0p02_0025_0004" 5416
"/Engine/EngineMaterials/Substrate/GLints/dict_16_192_64_0p5_0p02_0025_0003" 5417
"/Engine/EngineMaterials/Substrate/GLints/dict_16_192_64_0p5_0p02_0025_0002" 5418
"/Engine/EngineMaterials/Substrate/GLints/dict_16_192_64_0p5_0p02_0025_0001" 5419
"/Engine/EngineMaterials/Substrate/GLints/dict_16_192_64_0p5_0p02_0025_0000" 5420
"/Engine/EngineMaterials/Substrate/GLints/dict_16_192_64_0p5_0p02_0024_0015" 5421
"/Engine/EngineMaterials/Substrate/GLints/dict_16_192_64_0p5_0p02_0024_0014" 5422
"/Engine/EngineMaterials/Substrate/GLints/dict_16_192_64_0p5_0p02_0024_0013" 5423
"/Engine/EngineMaterials/Substrate/GLints/dict_16_192_64_0p5_0p02_0024_0012" 5424
"/Engine/EngineMaterials/Substrate/GLints/dict_16_192_64_0p5_0p02_0024_0011" 5425
"/Engine/EngineMaterials/Substrate/GLints/dict_16_192_64_0p5_0p02_0024_0010" 5426
"/Engine/EngineMaterials/Substrate/GLints/dict_16_192_64_0p5_0p02_0024_0009" 5427
"/Engine/EngineMaterials/Substrate/GLints/dict_16_192_64_0p5_0p02_0024_0008" 5428
"/Engine/EngineMaterials/Substrate/GLints/dict_16_192_64_0p5_0p02_0024_0007" 5429
"/Engine/EngineMaterials/Substrate/GLints/dict_16_192_64_0p5_0p02_0024_0006" 5430
"/Engine/EngineMaterials/Substrate/GLints/dict_16_192_64_0p5_0p02_0024_0005" 5431
"/Engine/EngineMaterials/Substrate/GLints/dict_16_192_64_0p5_0p02_0024_0004" 5432
"/Engine/EngineMaterials/Substrate/GLints/dict_16_192_64_0p5_0p02_0024_0003" 5433
"../../../Engine/Content/EngineMaterials/Substrate/GLints/dict_16_192_64_0p5_0p02_0026_0010.uasset" 5434
"../../../Engine/Content/EngineMaterials/Substrate/GLints/dict_16_192_64_0p5_0p02_0026_0009.uasset" 5435
"../../../Engine/Content/EngineMaterials/Substrate/GLints/dict_16_192_64_0p5_0p02_0026_0006.uasset" 5436
"/Engine/EngineMaterials/Substrate/GLints/dict_16_192_64_0p5_0p02_0026_0002" 5437
"../../../Engine/Content/EngineMaterials/Substrate/GLints/dict_16_192_64_0p5_0p02_0026_0005.uasset" 5438
"../../../Engine/Content/EngineMaterials/Substrate/GLints/dict_16_192_64_0p5_0p02_0026_0011.uasset" 5439
"../../../Engine/Content/EngineMaterials/Substrate/GLints/dict_16_192_64_0p5_0p02_0026_0012.uasset" 5440
"../../../Engine/Content/EngineMaterials/Substrate/GLints/dict_16_192_64_0p5_0p02_0026_0014.uasset" 5441
"../../../Engine/Content/EngineMaterials/Substrate/GLints/dict_16_192_64_0p5_0p02_0026_0015.uasset" 5442
"../../../Engine/Content/EngineMaterials/Substrate/GLints/dict_16_192_64_0p5_0p02_0026_0007.uasset" 5443
"../../../Engine/Content/EngineMaterials/Substrate/GLints/dict_16_192_64_0p5_0p02_0026_0008.uasset" 5444
"../../../Engine/Content/EngineMaterials/Substrate/GLints/dict_16_192_64_0p5_0p02_0027_0002.uasset" 5445
"../../../Engine/Content/EngineMaterials/Substrate/GLints/dict_16_192_64_0p5_0p02_0026_0004.uasset" 5446
"../../../Engine/Content/EngineMaterials/Substrate/GLints/dict_16_192_64_0p5_0p02_0027_0003.uasset" 5447
"../../../Engine/Content/EngineMaterials/Substrate/GLints/dict_16_192_64_0p5_0p02_0027_0004.uasset" 5448
"../../../Engine/Content/EngineMaterials/Substrate/GLints/dict_16_192_64_0p5_0p02_0027_0005.uasset" 5449
"../../../Engine/Content/EngineMaterials/Substrate/GLints/dict_16_192_64_0p5_0p02_0027_0006.uasset" 5450
"../../../Engine/Content/EngineMaterials/Substrate/GLints/dict_16_192_64_0p5_0p02_0027_0008.uasset" 5451
"../../../Engine/Content/EngineMaterials/Substrate/GLints/dict_16_192_64_0p5_0p02_0027_0007.uasset" 5452
"../../../Engine/Content/EngineMaterials/Substrate/GLints/dict_16_192_64_0p5_0p02_0027_0009.uasset" 5453
"../../../Engine/Content/EngineMaterials/Substrate/GLints/dict_16_192_64_0p5_0p02_0027_0011.uasset" 5454
"../../../Engine/Content/EngineMaterials/Substrate/GLints/dict_16_192_64_0p5_0p02_0027_0010.uasset" 5455
"../../../Engine/Content/EngineMaterials/Substrate/GLints/dict_16_192_64_0p5_0p02_0027_0012.uasset" 5456
"../../../Engine/Content/EngineMaterials/Substrate/GLints/dict_16_192_64_0p5_0p02_0026_0013.uasset" 5457
"../../../Engine/Content/EngineMaterials/Substrate/GLints/dict_16_192_64_0p5_0p02_0026_0003.uasset" 5458
"../../../Engine/Content/EngineMaterials/Substrate/GLints/dict_16_192_64_0p5_0p02_0027_0000.uasset" 5459
"../../../Engine/Content/EngineMaterials/Substrate/GLints/dict_16_192_64_0p5_0p02_0027_0001.uasset" 5460
"../../../Engine/Content/EngineMaterials/Substrate/GLints/dict_16_192_64_0p5_0p02_0027_0013.uasset" 5461
"/Engine/EngineMaterials/Substrate/GLints/dict_16_192_64_0p5_0p02_0026_0001" 5462
"/Engine/EngineMaterials/Substrate/GLints/dict_16_192_64_0p5_0p02_0026_0000" 5463
"/Engine/EngineMaterials/Substrate/GLints/dict_16_192_64_0p5_0p02_0025_0015" 5464
"/Engine/EngineMaterials/Substrate/GLints/dict_16_192_64_0p5_0p02_0025_0014" 5465
"../../../Engine/Content/EngineMaterials/Substrate/GLints/dict_16_192_64_0p5_0p02_0028_0002.uasset" 5466
"../../../Engine/Content/EngineMaterials/Substrate/GLints/dict_16_192_64_0p5_0p02_0028_0000.uasset" 5467
"../../../Engine/Content/EngineMaterials/Substrate/GLints/dict_16_192_64_0p5_0p02_0027_0014.uasset" 5468
"../../../Engine/Content/EngineMaterials/Substrate/GLints/dict_16_192_64_0p5_0p02_0028_0001.uasset" 5469
"../../../Engine/Content/EngineMaterials/Substrate/GLints/dict_16_192_64_0p5_0p02_0027_0015.uasset" 5470
"/Engine/EngineMaterials/Substrate/GLints/dict_16_192_64_0p5_0p02_0027_0013" 5471
"/Engine/EngineMaterials/Substrate/GLints/dict_16_192_64_0p5_0p02_0027_0012" 5472
"/Engine/EngineMaterials/Substrate/GLints/dict_16_192_64_0p5_0p02_0027_0011" 5473
"/Engine/EngineMaterials/Substrate/GLints/dict_16_192_64_0p5_0p02_0027_0010" 5474
"/Engine/EngineMaterials/Substrate/GLints/dict_16_192_64_0p5_0p02_0027_0009" 5475
"/Engine/EngineMaterials/Substrate/GLints/dict_16_192_64_0p5_0p02_0027_0008" 5476
"/Engine/EngineMaterials/Substrate/GLints/dict_16_192_64_0p5_0p02_0027_0007" 5477
"/Engine/EngineMaterials/Substrate/GLints/dict_16_192_64_0p5_0p02_0027_0006" 5478
"/Engine/EngineMaterials/Substrate/GLints/dict_16_192_64_0p5_0p02_0027_0005" 5479
"/Engine/EngineMaterials/Substrate/GLints/dict_16_192_64_0p5_0p02_0027_0004" 5480
"/Engine/EngineMaterials/Substrate/GLints/dict_16_192_64_0p5_0p02_0027_0003" 5481
"/Engine/EngineMaterials/Substrate/GLints/dict_16_192_64_0p5_0p02_0027_0002" 5482
"/Engine/EngineMaterials/Substrate/GLints/dict_16_192_64_0p5_0p02_0027_0001" 5483
"/Engine/EngineMaterials/Substrate/GLints/dict_16_192_64_0p5_0p02_0027_0000" 5484
"/Engine/EngineMaterials/Substrate/GLints/dict_16_192_64_0p5_0p02_0026_0015" 5485
"/Engine/EngineMaterials/Substrate/GLints/dict_16_192_64_0p5_0p02_0026_0014" 5486
"/Engine/EngineMaterials/Substrate/GLints/dict_16_192_64_0p5_0p02_0026_0013" 5487
"/Engine/EngineMaterials/Substrate/GLints/dict_16_192_64_0p5_0p02_0026_0012" 5488
"/Engine/EngineMaterials/Substrate/GLints/dict_16_192_64_0p5_0p02_0026_0011" 5489
"/Engine/EngineMaterials/Substrate/GLints/dict_16_192_64_0p5_0p02_0026_0010" 5490
"/Engine/EngineMaterials/Substrate/GLints/dict_16_192_64_0p5_0p02_0026_0009" 5491
"/Engine/EngineMaterials/Substrate/GLints/dict_16_192_64_0p5_0p02_0026_0008" 5492
"/Engine/EngineMaterials/Substrate/GLints/dict_16_192_64_0p5_0p02_0026_0007" 5493
"/Engine/EngineMaterials/Substrate/GLints/dict_16_192_64_0p5_0p02_0026_0006" 5494
"/Engine/EngineMaterials/Substrate/GLints/dict_16_192_64_0p5_0p02_0026_0005" 5495
"/Engine/EngineMaterials/Substrate/GLints/dict_16_192_64_0p5_0p02_0026_0004" 5496
"/Engine/EngineMaterials/Substrate/GLints/dict_16_192_64_0p5_0p02_0026_0003" 5497
"../../../Engine/Content/EngineMaterials/Substrate/GLints/dict_16_192_64_0p5_0p02_0028_0004.uasset" 5498
"../../../Engine/Content/EngineMaterials/Substrate/GLints/dict_16_192_64_0p5_0p02_0028_0010.uasset" 5499
"../../../Engine/Content/EngineMaterials/Substrate/GLints/dict_16_192_64_0p5_0p02_0028_0008.uasset" 5500
"../../../Engine/Content/EngineMaterials/Substrate/GLints/dict_16_192_64_0p5_0p02_0028_0005.uasset" 5501
"/Engine/EngineMaterials/Substrate/GLints/dict_16_192_64_0p5_0p02_0028_0002" 5502
"../../../Engine/Content/EngineMaterials/Substrate/GLints/dict_16_192_64_0p5_0p02_0028_0009.uasset" 5503
"../../../Engine/Content/EngineMaterials/Substrate/GLints/dict_16_192_64_0p5_0p02_0028_0003.uasset" 5504
"../../../Engine/Content/EngineMaterials/Substrate/GLints/dict_16_192_64_0p5_0p02_0028_0013.uasset" 5505
"../../../Engine/Content/EngineMaterials/Substrate/GLints/dict_16_192_64_0p5_0p02_0029_0000.uasset" 5506
"../../../Engine/Content/EngineMaterials/Substrate/GLints/dict_16_192_64_0p5_0p02_0028_0015.uasset" 5507
"../../../Engine/Content/EngineMaterials/Substrate/GLints/dict_16_192_64_0p5_0p02_0028_0012.uasset" 5508
"../../../Engine/Content/EngineMaterials/Substrate/GLints/dict_16_192_64_0p5_0p02_0029_0001.uasset" 5509
"../../../Engine/Content/EngineMaterials/Substrate/GLints/dict_16_192_64_0p5_0p02_0028_0011.uasset" 5510
"../../../Engine/Content/EngineMaterials/Substrate/GLints/dict_16_192_64_0p5_0p02_0029_0004.uasset" 5511
"../../../Engine/Content/EngineMaterials/Substrate/GLints/dict_16_192_64_0p5_0p02_0029_0002.uasset" 5512
"../../../Engine/Content/EngineMaterials/Substrate/GLints/dict_16_192_64_0p5_0p02_0028_0014.uasset" 5513
"../../../Engine/Content/EngineMaterials/Substrate/GLints/dict_16_192_64_0p5_0p02_0029_0006.uasset" 5514
"../../../Engine/Content/EngineMaterials/Substrate/GLints/dict_16_192_64_0p5_0p02_0028_0006.uasset" 5515
"../../../Engine/Content/EngineMaterials/Substrate/GLints/dict_16_192_64_0p5_0p02_0029_0008.uasset" 5516
"../../../Engine/Content/EngineMaterials/Substrate/GLints/dict_16_192_64_0p5_0p02_0029_0005.uasset" 5517
"../../../Engine/Content/EngineMaterials/Substrate/GLints/dict_16_192_64_0p5_0p02_0028_0007.uasset" 5518
"../../../Engine/Content/EngineMaterials/Substrate/GLints/dict_16_192_64_0p5_0p02_0029_0011.uasset" 5519
"../../../Engine/Content/EngineMaterials/Substrate/GLints/dict_16_192_64_0p5_0p02_0029_0010.uasset" 5520
"../../../Engine/Content/EngineMaterials/Substrate/GLints/dict_16_192_64_0p5_0p02_0029_0007.uasset" 5521
"../../../Engine/Content/EngineMaterials/Substrate/GLints/dict_16_192_64_0p5_0p02_0029_0003.uasset" 5522
"../../../Engine/Content/EngineMaterials/Substrate/GLints/dict_16_192_64_0p5_0p02_0029_0009.uasset" 5523
"../../../Engine/Content/EngineMaterials/Substrate/GLints/dict_16_192_64_0p5_0p02_0029_0012.uasset" 5524
"../../../Engine/Content/EngineMaterials/Substrate/GLints/dict_16_192_64_0p5_0p02_0029_0013.uasset" 5525
"/Engine/EngineMaterials/Substrate/GLints/dict_16_192_64_0p5_0p02_0028_0001" 5526
"/Engine/EngineMaterials/Substrate/GLints/dict_16_192_64_0p5_0p02_0028_0000" 5527
"/Engine/EngineMaterials/Substrate/GLints/dict_16_192_64_0p5_0p02_0027_0015" 5528
"/Engine/EngineMaterials/Substrate/GLints/dict_16_192_64_0p5_0p02_0027_0014" 5529
"../../../Engine/Content/EngineMaterials/Substrate/GLints/dict_16_192_64_0p5_0p02_0030_0000.uasset" 5530
"../../../Engine/Content/EngineMaterials/Substrate/GLints/dict_16_192_64_0p5_0p02_0029_0015.uasset" 5531
"../../../Engine/Content/EngineMaterials/Substrate/GLints/dict_16_192_64_0p5_0p02_0029_0014.uasset" 5532
"../../../Engine/Content/EngineMaterials/Substrate/GLints/dict_16_192_64_0p5_0p02_0030_0001.uasset" 5533
"/Engine/EngineMaterials/Substrate/GLints/dict_16_192_64_0p5_0p02_0029_0013" 5534
"../../../Engine/Content/EngineMaterials/Substrate/GLints/dict_16_192_64_0p5_0p02_0030_0002.uasset" 5535
"/Engine/EngineMaterials/Substrate/GLints/dict_16_192_64_0p5_0p02_0029_0012" 5536
"/Engine/EngineMaterials/Substrate/GLints/dict_16_192_64_0p5_0p02_0029_0011" 5537
"/Engine/EngineMaterials/Substrate/GLints/dict_16_192_64_0p5_0p02_0029_0010" 5538
"/Engine/EngineMaterials/Substrate/GLints/dict_16_192_64_0p5_0p02_0029_0009" 5539
"/Engine/EngineMaterials/Substrate/GLints/dict_16_192_64_0p5_0p02_0029_0008" 5540
"/Engine/EngineMaterials/Substrate/GLints/dict_16_192_64_0p5_0p02_0029_0007" 5541
"/Engine/EngineMaterials/Substrate/GLints/dict_16_192_64_0p5_0p02_0029_0006" 5542
"/Engine/EngineMaterials/Substrate/GLints/dict_16_192_64_0p5_0p02_0029_0005" 5543
"/Engine/EngineMaterials/Substrate/GLints/dict_16_192_64_0p5_0p02_0029_0004" 5544
"/Engine/EngineMaterials/Substrate/GLints/dict_16_192_64_0p5_0p02_0029_0003" 5545
"/Engine/EngineMaterials/Substrate/GLints/dict_16_192_64_0p5_0p02_0029_0002" 5546
"/Engine/EngineMaterials/Substrate/GLints/dict_16_192_64_0p5_0p02_0029_0001" 5547
"/Engine/EngineMaterials/Substrate/GLints/dict_16_192_64_0p5_0p02_0029_0000" 5548
"/Engine/EngineMaterials/Substrate/GLints/dict_16_192_64_0p5_0p02_0028_0015" 5549
"/Engine/EngineMaterials/Substrate/GLints/dict_16_192_64_0p5_0p02_0028_0014" 5550
"/Engine/EngineMaterials/Substrate/GLints/dict_16_192_64_0p5_0p02_0028_0013" 5551
"/Engine/EngineMaterials/Substrate/GLints/dict_16_192_64_0p5_0p02_0028_0012" 5552
"/Engine/EngineMaterials/Substrate/GLints/dict_16_192_64_0p5_0p02_0028_0011" 5553
"/Engine/EngineMaterials/Substrate/GLints/dict_16_192_64_0p5_0p02_0028_0010" 5554
"/Engine/EngineMaterials/Substrate/GLints/dict_16_192_64_0p5_0p02_0028_0009" 5555
"/Engine/EngineMaterials/Substrate/GLints/dict_16_192_64_0p5_0p02_0028_0008" 5556
"/Engine/EngineMaterials/Substrate/GLints/dict_16_192_64_0p5_0p02_0028_0007" 5557
"/Engine/EngineMaterials/Substrate/GLints/dict_16_192_64_0p5_0p02_0028_0006" 5558
"/Engine/EngineMaterials/Substrate/GLints/dict_16_192_64_0p5_0p02_0028_0005" 5559
"/Engine/EngineMaterials/Substrate/GLints/dict_16_192_64_0p5_0p02_0028_0004" 5560
"/Engine/EngineMaterials/Substrate/GLints/dict_16_192_64_0p5_0p02_0028_0003" 5561
"../../../Engine/Content/EngineMaterials/Substrate/GLints/dict_16_192_64_0p5_0p02_0030_0008.uasset" 5562
"../../../Engine/Content/EngineMaterials/Substrate/GLints/dict_16_192_64_0p5_0p02_0030_0011.uasset" 5563
"../../../Engine/Content/EngineMaterials/Substrate/GLints/dict_16_192_64_0p5_0p02_0030_0012.uasset" 5564
"../../../Engine/Content/EngineMaterials/Substrate/GLints/dict_16_192_64_0p5_0p02_0030_0007.uasset" 5565
"../../../Engine/Content/EngineMaterials/Substrate/GLints/dict_16_192_64_0p5_0p02_0030_0010.uasset" 5566
"../../../Engine/Content/EngineMaterials/Substrate/GLints/dict_16_192_64_0p5_0p02_0030_0005.uasset" 5567
"../../../Engine/Content/EngineMaterials/Substrate/GLints/dict_16_192_64_0p5_0p02_0030_0004.uasset" 5568
"../../../Engine/Content/EngineMaterials/Substrate/GLints/dict_16_192_64_0p5_0p02_0030_0006.uasset" 5569
"/Engine/EngineMaterials/Substrate/GLints/dict_16_192_64_0p5_0p02_0030_0002" 5570
"../../../Engine/Content/EngineMaterials/Substrate/GLints/dict_16_192_64_0p5_0p02_0030_0013.uasset" 5571
"../../../Engine/Content/EngineMaterials/Substrate/GLints/dict_16_192_64_0p5_0p02_0031_0000.uasset" 5572
"../../../Engine/Content/EngineMaterials/Substrate/GLints/dict_16_192_64_0p5_0p02_0030_0015.uasset" 5573
"../../../Engine/Content/EngineMaterials/Substrate/GLints/dict_16_192_64_0p5_0p02_0031_0003.uasset" 5574
"../../../Engine/Content/EngineMaterials/Substrate/GLints/dict_16_192_64_0p5_0p02_0030_0014.uasset" 5575
"../../../Engine/Content/EngineMaterials/Substrate/GLints/dict_16_192_64_0p5_0p02_0031_0002.uasset" 5576
"../../../Engine/Content/EngineMaterials/Substrate/GLints/dict_16_192_64_0p5_0p02_0031_0005.uasset" 5577
"../../../Engine/Content/EngineMaterials/Substrate/GLints/dict_16_192_64_0p5_0p02_0031_0004.uasset" 5578
"../../../Engine/Content/EngineMaterials/Substrate/GLints/dict_16_192_64_0p5_0p02_0031_0006.uasset" 5579
"../../../Engine/Content/EngineMaterials/Substrate/GLints/dict_16_192_64_0p5_0p02_0031_0007.uasset" 5580
"../../../Engine/Content/EngineMaterials/Substrate/GLints/dict_16_192_64_0p5_0p02_0031_0008.uasset" 5581
"../../../Engine/Content/EngineMaterials/Substrate/GLints/dict_16_192_64_0p5_0p02_0031_0009.uasset" 5582
"../../../Engine/Content/EngineMaterials/Substrate/GLints/dict_16_192_64_0p5_0p02_0031_0011.uasset" 5583
"../../../Engine/Content/EngineMaterials/Substrate/GLints/dict_16_192_64_0p5_0p02_0031_0012.uasset" 5584
"../../../Engine/Content/EngineMaterials/Substrate/GLints/dict_16_192_64_0p5_0p02_0031_0010.uasset" 5585
"../../../Engine/Content/EngineMaterials/Substrate/GLints/dict_16_192_64_0p5_0p02_0031_0001.uasset" 5586
"../../../Engine/Content/EngineMaterials/Substrate/GLints/dict_16_192_64_0p5_0p02_0031_0013.uasset" 5587
"../../../Engine/Content/EngineMaterials/Substrate/GLints/dict_16_192_64_0p5_0p02_0030_0003.uasset" 5588
"../../../Engine/Content/EngineMaterials/Substrate/GLints/dict_16_192_64_0p5_0p02_0030_0009.uasset" 5589
"/Engine/EngineMaterials/Substrate/GLints/dict_16_192_64_0p5_0p02_0030_0001" 5590
"/Engine/EngineMaterials/Substrate/GLints/dict_16_192_64_0p5_0p02_0030_0000" 5591
"/Engine/EngineMaterials/Substrate/GLints/dict_16_192_64_0p5_0p02_0029_0015" 5592
"/Engine/EngineMaterials/Substrate/GLints/dict_16_192_64_0p5_0p02_0029_0014" 5593
"../../../Engine/Content/EngineMaterials/Substrate/GLints/dict_16_192_64_0p5_0p02_0031_0014.uasset" 5594
"../../../Engine/Content/EngineMaterials/Substrate/GLints/dict_16_192_64_0p5_0p02_0032_0001.uasset" 5595
"../../../Engine/Content/EngineMaterials/Substrate/GLints/dict_16_192_64_0p5_0p02_0032_0000.uasset" 5596
"../../../Engine/Content/EngineMaterials/Substrate/GLints/dict_16_192_64_0p5_0p02_0032_0002.uasset" 5597
"/Engine/EngineMaterials/Substrate/GLints/dict_16_192_64_0p5_0p02_0031_0013" 5598
"../../../Engine/Content/EngineMaterials/Substrate/GLints/dict_16_192_64_0p5_0p02_0031_0015.uasset" 5599
"/Engine/EngineMaterials/Substrate/GLints/dict_16_192_64_0p5_0p02_0031_0012" 5600
"/Engine/EngineMaterials/Substrate/GLints/dict_16_192_64_0p5_0p02_0031_0011" 5601
"/Engine/EngineMaterials/Substrate/GLints/dict_16_192_64_0p5_0p02_0031_0010" 5602
"/Engine/EngineMaterials/Substrate/GLints/dict_16_192_64_0p5_0p02_0031_0009" 5603
"/Engine/EngineMaterials/Substrate/GLints/dict_16_192_64_0p5_0p02_0031_0008" 5604
"/Engine/EngineMaterials/Substrate/GLints/dict_16_192_64_0p5_0p02_0031_0007" 5605
"/Engine/EngineMaterials/Substrate/GLints/dict_16_192_64_0p5_0p02_0031_0006" 5606
"/Engine/EngineMaterials/Substrate/GLints/dict_16_192_64_0p5_0p02_0031_0005" 5607
"/Engine/EngineMaterials/Substrate/GLints/dict_16_192_64_0p5_0p02_0031_0004" 5608
"/Engine/EngineMaterials/Substrate/GLints/dict_16_192_64_0p5_0p02_0031_0003" 5609
"/Engine/EngineMaterials/Substrate/GLints/dict_16_192_64_0p5_0p02_0031_0002" 5610
"/Engine/EngineMaterials/Substrate/GLints/dict_16_192_64_0p5_0p02_0031_0001" 5611
"/Engine/EngineMaterials/Substrate/GLints/dict_16_192_64_0p5_0p02_0031_0000" 5612
"/Engine/EngineMaterials/Substrate/GLints/dict_16_192_64_0p5_0p02_0030_0015" 5613
"/Engine/EngineMaterials/Substrate/GLints/dict_16_192_64_0p5_0p02_0030_0014" 5614
"/Engine/EngineMaterials/Substrate/GLints/dict_16_192_64_0p5_0p02_0030_0013" 5615
"/Engine/EngineMaterials/Substrate/GLints/dict_16_192_64_0p5_0p02_0030_0012" 5616
"/Engine/EngineMaterials/Substrate/GLints/dict_16_192_64_0p5_0p02_0030_0011" 5617
"/Engine/EngineMaterials/Substrate/GLints/dict_16_192_64_0p5_0p02_0030_0010" 5618
"/Engine/EngineMaterials/Substrate/GLints/dict_16_192_64_0p5_0p02_0030_0009" 5619
"/Engine/EngineMaterials/Substrate/GLints/dict_16_192_64_0p5_0p02_0030_0008" 5620
"/Engine/EngineMaterials/Substrate/GLints/dict_16_192_64_0p5_0p02_0030_0007" 5621
"/Engine/EngineMaterials/Substrate/GLints/dict_16_192_64_0p5_0p02_0030_0006" 5622
"/Engine/EngineMaterials/Substrate/GLints/dict_16_192_64_0p5_0p02_0030_0005" 5623
"/Engine/EngineMaterials/Substrate/GLints/dict_16_192_64_0p5_0p02_0030_0004" 5624
"/Engine/EngineMaterials/Substrate/GLints/dict_16_192_64_0p5_0p02_0030_0003" 5625
"../../../Engine/Content/EngineMaterials/Substrate/GLints/dict_16_192_64_0p5_0p02_0032_0005.uasset" 5626
"../../../Engine/Content/EngineMaterials/Substrate/GLints/dict_16_192_64_0p5_0p02_0032_0011.uasset" 5627
"../../../Engine/Content/EngineMaterials/Substrate/GLints/dict_16_192_64_0p5_0p02_0032_0009.uasset" 5628
"../../../Engine/Content/EngineMaterials/Substrate/GLints/dict_16_192_64_0p5_0p02_0032_0010.uasset" 5629
"../../../Engine/Content/EngineMaterials/Substrate/GLints/dict_16_192_64_0p5_0p02_0032_0006.uasset" 5630
"../../../Engine/Content/EngineMaterials/Substrate/GLints/dict_16_192_64_0p5_0p02_0032_0008.uasset" 5631
"../../../Engine/Content/EngineMaterials/Substrate/GLints/dict_16_192_64_0p5_0p02_0032_0007.uasset" 5632
"../../../Engine/Content/EngineMaterials/Substrate/GLints/dict_16_192_64_0p5_0p02_0032_0013.uasset" 5633
"/Engine/EngineMaterials/Substrate/GLints/dict_16_192_64_0p5_0p02_0032_0002" 5634
"../../../Engine/Content/EngineMaterials/Substrate/GLints/dict_16_192_64_0p5_0p02_0033_0000.uasset" 5635
"../../../Engine/Content/EngineMaterials/Substrate/GLints/dict_16_192_64_0p5_0p02_0033_0001.uasset" 5636
"../../../Engine/Content/EngineMaterials/Substrate/GLints/dict_16_192_64_0p5_0p02_0032_0015.uasset" 5637
"../../../Engine/Content/EngineMaterials/Substrate/GLints/dict_16_192_64_0p5_0p02_0032_0014.uasset" 5638
"../../../Engine/Content/EngineMaterials/Substrate/GLints/dict_16_192_64_0p5_0p02_0033_0005.uasset" 5639
"../../../Engine/Content/EngineMaterials/Substrate/GLints/dict_16_192_64_0p5_0p02_0033_0004.uasset" 5640
"../../../Engine/Content/EngineMaterials/Substrate/GLints/dict_16_192_64_0p5_0p02_0032_0012.uasset" 5641
"../../../Engine/Content/EngineMaterials/Substrate/GLints/dict_16_192_64_0p5_0p02_0033_0003.uasset" 5642
"../../../Engine/Content/EngineMaterials/Substrate/GLints/dict_16_192_64_0p5_0p02_0033_0008.uasset" 5643
"../../../Engine/Content/EngineMaterials/Substrate/GLints/dict_16_192_64_0p5_0p02_0032_0004.uasset" 5644
"../../../Engine/Content/EngineMaterials/Substrate/GLints/dict_16_192_64_0p5_0p02_0033_0002.uasset" 5645
"../../../Engine/Content/EngineMaterials/Substrate/GLints/dict_16_192_64_0p5_0p02_0033_0007.uasset" 5646
"../../../Engine/Content/EngineMaterials/Substrate/GLints/dict_16_192_64_0p5_0p02_0033_0011.uasset" 5647
"../../../Engine/Content/EngineMaterials/Substrate/GLints/dict_16_192_64_0p5_0p02_0033_0006.uasset" 5648
"../../../Engine/Content/EngineMaterials/Substrate/GLints/dict_16_192_64_0p5_0p02_0032_0003.uasset" 5649
"../../../Engine/Content/EngineMaterials/Substrate/GLints/dict_16_192_64_0p5_0p02_0033_0010.uasset" 5650
"../../../Engine/Content/EngineMaterials/Substrate/GLints/dict_16_192_64_0p5_0p02_0033_0009.uasset" 5651
"../../../Engine/Content/EngineMaterials/Substrate/GLints/dict_16_192_64_0p5_0p02_0033_0013.uasset" 5652
"../../../Engine/Content/EngineMaterials/Substrate/GLints/dict_16_192_64_0p5_0p02_0033_0012.uasset" 5653
"/Engine/EngineMaterials/Substrate/GLints/dict_16_192_64_0p5_0p02_0032_0001" 5654
"/Engine/EngineMaterials/Substrate/GLints/dict_16_192_64_0p5_0p02_0032_0000" 5655
"/Engine/EngineMaterials/Substrate/GLints/dict_16_192_64_0p5_0p02_0031_0015" 5656
"/Engine/EngineMaterials/Substrate/GLints/dict_16_192_64_0p5_0p02_0031_0014" 5657
"../../../Engine/Content/EngineMaterials/Substrate/GLints/dict_16_192_64_0p5_0p02_0033_0015.uasset" 5658
"../../../Engine/Content/EngineMaterials/Substrate/GLints/dict_16_192_64_0p5_0p02_0034_0002.uasset" 5659
"../../../Engine/Content/EngineMaterials/Substrate/GLints/dict_16_192_64_0p5_0p02_0034_0000.uasset" 5660
"../../../Engine/Content/EngineMaterials/Substrate/GLints/dict_16_192_64_0p5_0p02_0033_0014.uasset" 5661
"/Engine/EngineMaterials/Substrate/GLints/dict_16_192_64_0p5_0p02_0033_0013" 5662
"../../../Engine/Content/EngineMaterials/Substrate/GLints/dict_16_192_64_0p5_0p02_0034_0001.uasset" 5663
"/Engine/EngineMaterials/Substrate/GLints/dict_16_192_64_0p5_0p02_0033_0012" 5664
"/Engine/EngineMaterials/Substrate/GLints/dict_16_192_64_0p5_0p02_0033_0011" 5665
"/Engine/EngineMaterials/Substrate/GLints/dict_16_192_64_0p5_0p02_0033_0010" 5666
"/Engine/EngineMaterials/Substrate/GLints/dict_16_192_64_0p5_0p02_0033_0009" 5667
"/Engine/EngineMaterials/Substrate/GLints/dict_16_192_64_0p5_0p02_0033_0008" 5668
"/Engine/EngineMaterials/Substrate/GLints/dict_16_192_64_0p5_0p02_0033_0007" 5669
"/Engine/EngineMaterials/Substrate/GLints/dict_16_192_64_0p5_0p02_0033_0006" 5670
"/Engine/EngineMaterials/Substrate/GLints/dict_16_192_64_0p5_0p02_0033_0005" 5671
"/Engine/EngineMaterials/Substrate/GLints/dict_16_192_64_0p5_0p02_0033_0004" 5672
"/Engine/EngineMaterials/Substrate/GLints/dict_16_192_64_0p5_0p02_0033_0003" 5673
"/Engine/EngineMaterials/Substrate/GLints/dict_16_192_64_0p5_0p02_0033_0002" 5674
"/Engine/EngineMaterials/Substrate/GLints/dict_16_192_64_0p5_0p02_0033_0001" 5675
"/Engine/EngineMaterials/Substrate/GLints/dict_16_192_64_0p5_0p02_0033_0000" 5676
"/Engine/EngineMaterials/Substrate/GLints/dict_16_192_64_0p5_0p02_0032_0015" 5677
"/Engine/EngineMaterials/Substrate/GLints/dict_16_192_64_0p5_0p02_0032_0014" 5678
"/Engine/EngineMaterials/Substrate/GLints/dict_16_192_64_0p5_0p02_0032_0013" 5679
"/Engine/EngineMaterials/Substrate/GLints/dict_16_192_64_0p5_0p02_0032_0012" 5680
"/Engine/EngineMaterials/Substrate/GLints/dict_16_192_64_0p5_0p02_0032_0011" 5681
"/Engine/EngineMaterials/Substrate/GLints/dict_16_192_64_0p5_0p02_0032_0010" 5682
"/Engine/EngineMaterials/Substrate/GLints/dict_16_192_64_0p5_0p02_0032_0009" 5683
"/Engine/EngineMaterials/Substrate/GLints/dict_16_192_64_0p5_0p02_0032_0008" 5684
"/Engine/EngineMaterials/Substrate/GLints/dict_16_192_64_0p5_0p02_0032_0007" 5685
"/Engine/EngineMaterials/Substrate/GLints/dict_16_192_64_0p5_0p02_0032_0006" 5686
"/Engine/EngineMaterials/Substrate/GLints/dict_16_192_64_0p5_0p02_0032_0005" 5687
"/Engine/EngineMaterials/Substrate/GLints/dict_16_192_64_0p5_0p02_0032_0004" 5688
"/Engine/EngineMaterials/Substrate/GLints/dict_16_192_64_0p5_0p02_0032_0003" 5689
"../../../Engine/Content/EngineMaterials/Substrate/GLints/dict_16_192_64_0p5_0p02_0034_0003.uasset" 5690
"../../../Engine/Content/EngineMaterials/Substrate/GLints/dict_16_192_64_0p5_0p02_0034_0009.uasset" 5691
"../../../Engine/Content/EngineMaterials/Substrate/GLints/dict_16_192_64_0p5_0p02_0034_0004.uasset" 5692
"../../../Engine/Content/EngineMaterials/Substrate/GLints/dict_16_192_64_0p5_0p02_0034_0011.uasset" 5693
"../../../Engine/Content/EngineMaterials/Substrate/GLints/dict_16_192_64_0p5_0p02_0034_0005.uasset" 5694
"/Engine/EngineMaterials/Substrate/GLints/dict_16_192_64_0p5_0p02_0034_0002" 5695
"../../../Engine/Content/EngineMaterials/Substrate/GLints/dict_16_192_64_0p5_0p02_0034_0013.uasset" 5696
"../../../Engine/Content/EngineMaterials/Substrate/GLints/dict_16_192_64_0p5_0p02_0034_0012.uasset" 5697
"../../../Engine/Content/EngineMaterials/Substrate/GLints/dict_16_192_64_0p5_0p02_0034_0015.uasset" 5698
"../../../Engine/Content/EngineMaterials/Substrate/GLints/dict_16_192_64_0p5_0p02_0034_0010.uasset" 5699
"../../../Engine/Content/EngineMaterials/Substrate/GLints/dict_16_192_64_0p5_0p02_0035_0000.uasset" 5700
"../../../Engine/Content/EngineMaterials/Substrate/GLints/dict_16_192_64_0p5_0p02_0034_0008.uasset" 5701
"../../../Engine/Content/EngineMaterials/Substrate/GLints/dict_16_192_64_0p5_0p02_0035_0001.uasset" 5702
"../../../Engine/Content/EngineMaterials/Substrate/GLints/dict_16_192_64_0p5_0p02_0034_0007.uasset" 5703
"../../../Engine/Content/EngineMaterials/Substrate/GLints/dict_16_192_64_0p5_0p02_0035_0003.uasset" 5704
"../../../Engine/Content/EngineMaterials/Substrate/GLints/dict_16_192_64_0p5_0p02_0035_0004.uasset" 5705
"../../../Engine/Content/EngineMaterials/Substrate/GLints/dict_16_192_64_0p5_0p02_0035_0005.uasset" 5706
"../../../Engine/Content/EngineMaterials/Substrate/GLints/dict_16_192_64_0p5_0p02_0034_0014.uasset" 5707
"../../../Engine/Content/EngineMaterials/Substrate/GLints/dict_16_192_64_0p5_0p02_0035_0002.uasset" 5708
"../../../Engine/Content/EngineMaterials/Substrate/GLints/dict_16_192_64_0p5_0p02_0035_0010.uasset" 5709
"../../../Engine/Content/EngineMaterials/Substrate/GLints/dict_16_192_64_0p5_0p02_0035_0007.uasset" 5710
"../../../Engine/Content/EngineMaterials/Substrate/GLints/dict_16_192_64_0p5_0p02_0034_0006.uasset" 5711
"../../../Engine/Content/EngineMaterials/Substrate/GLints/dict_16_192_64_0p5_0p02_0035_0013.uasset" 5712
"../../../Engine/Content/EngineMaterials/Substrate/GLints/dict_16_192_64_0p5_0p02_0035_0006.uasset" 5713
"../../../Engine/Content/EngineMaterials/Substrate/GLints/dict_16_192_64_0p5_0p02_0035_0009.uasset" 5714
"../../../Engine/Content/EngineMaterials/Substrate/GLints/dict_16_192_64_0p5_0p02_0035_0011.uasset" 5715
"../../../Engine/Content/EngineMaterials/Substrate/GLints/dict_16_192_64_0p5_0p02_0035_0012.uasset" 5716
"../../../Engine/Content/EngineMaterials/Substrate/GLints/dict_16_192_64_0p5_0p02_0035_0008.uasset" 5717
"/Engine/EngineMaterials/Substrate/GLints/dict_16_192_64_0p5_0p02_0034_0001" 5718
"/Engine/EngineMaterials/Substrate/GLints/dict_16_192_64_0p5_0p02_0034_0000" 5719
"/Engine/EngineMaterials/Substrate/GLints/dict_16_192_64_0p5_0p02_0033_0015" 5720
"/Engine/EngineMaterials/Substrate/GLints/dict_16_192_64_0p5_0p02_0033_0014" 5721
"../../../Engine/Content/EngineMaterials/Substrate/GLints/dict_16_192_64_0p5_0p02_0035_0014.uasset" 5722
"../../../Engine/Content/EngineMaterials/Substrate/GLints/dict_16_192_64_0p5_0p02_0036_0001.uasset" 5723
"../../../Engine/Content/EngineMaterials/Substrate/GLints/dict_16_192_64_0p5_0p02_0035_0015.uasset" 5724
"../../../Engine/Content/EngineMaterials/Substrate/GLints/dict_16_192_64_0p5_0p02_0036_0002.uasset" 5725
"/Engine/EngineMaterials/Substrate/GLints/dict_16_192_64_0p5_0p02_0035_0013" 5726
"../../../Engine/Content/EngineMaterials/Substrate/GLints/dict_16_192_64_0p5_0p02_0036_0000.uasset" 5727
"/Engine/EngineMaterials/Substrate/GLints/dict_16_192_64_0p5_0p02_0035_0012" 5728
"/Engine/EngineMaterials/Substrate/GLints/dict_16_192_64_0p5_0p02_0035_0011" 5729
"/Engine/EngineMaterials/Substrate/GLints/dict_16_192_64_0p5_0p02_0035_0010" 5730
"/Engine/EngineMaterials/Substrate/GLints/dict_16_192_64_0p5_0p02_0035_0009" 5731
"/Engine/EngineMaterials/Substrate/GLints/dict_16_192_64_0p5_0p02_0035_0008" 5732
"/Engine/EngineMaterials/Substrate/GLints/dict_16_192_64_0p5_0p02_0035_0007" 5733
"/Engine/EngineMaterials/Substrate/GLints/dict_16_192_64_0p5_0p02_0035_0006" 5734
"/Engine/EngineMaterials/Substrate/GLints/dict_16_192_64_0p5_0p02_0035_0005" 5735
"/Engine/EngineMaterials/Substrate/GLints/dict_16_192_64_0p5_0p02_0035_0004" 5736
"/Engine/EngineMaterials/Substrate/GLints/dict_16_192_64_0p5_0p02_0035_0003" 5737
"/Engine/EngineMaterials/Substrate/GLints/dict_16_192_64_0p5_0p02_0035_0002" 5738
"/Engine/EngineMaterials/Substrate/GLints/dict_16_192_64_0p5_0p02_0035_0001" 5739
"/Engine/EngineMaterials/Substrate/GLints/dict_16_192_64_0p5_0p02_0035_0000" 5740
"/Engine/EngineMaterials/Substrate/GLints/dict_16_192_64_0p5_0p02_0034_0015" 5741
"/Engine/EngineMaterials/Substrate/GLints/dict_16_192_64_0p5_0p02_0034_0014" 5742
"/Engine/EngineMaterials/Substrate/GLints/dict_16_192_64_0p5_0p02_0034_0013" 5743
"/Engine/EngineMaterials/Substrate/GLints/dict_16_192_64_0p5_0p02_0034_0012" 5744
"/Engine/EngineMaterials/Substrate/GLints/dict_16_192_64_0p5_0p02_0034_0011" 5745
"/Engine/EngineMaterials/Substrate/GLints/dict_16_192_64_0p5_0p02_0034_0010" 5746
"/Engine/EngineMaterials/Substrate/GLints/dict_16_192_64_0p5_0p02_0034_0009" 5747
"/Engine/EngineMaterials/Substrate/GLints/dict_16_192_64_0p5_0p02_0034_0008" 5748
"/Engine/EngineMaterials/Substrate/GLints/dict_16_192_64_0p5_0p02_0034_0007" 5749
"/Engine/EngineMaterials/Substrate/GLints/dict_16_192_64_0p5_0p02_0034_0006" 5750
"/Engine/EngineMaterials/Substrate/GLints/dict_16_192_64_0p5_0p02_0034_0005" 5751
"/Engine/EngineMaterials/Substrate/GLints/dict_16_192_64_0p5_0p02_0034_0004" 5752
"/Engine/EngineMaterials/Substrate/GLints/dict_16_192_64_0p5_0p02_0034_0003" 5753
"../../../Engine/Content/EngineMaterials/Substrate/GLints/dict_16_192_64_0p5_0p02_0036_0006.uasset" 5754
"../../../Engine/Content/EngineMaterials/Substrate/GLints/dict_16_192_64_0p5_0p02_0036_0010.uasset" 5755
"../../../Engine/Content/EngineMaterials/Substrate/GLints/dict_16_192_64_0p5_0p02_0036_0004.uasset" 5756
"../../../Engine/Content/EngineMaterials/Substrate/GLints/dict_16_192_64_0p5_0p02_0036_0003.uasset" 5757
"../../../Engine/Content/EngineMaterials/Substrate/GLints/dict_16_192_64_0p5_0p02_0036_0011.uasset" 5758
"/Engine/EngineMaterials/Substrate/GLints/dict_16_192_64_0p5_0p02_0036_0002" 5759
"../../../Engine/Content/EngineMaterials/Substrate/GLints/dict_16_192_64_0p5_0p02_0036_0008.uasset" 5760
"../../../Engine/Content/EngineMaterials/Substrate/GLints/dict_16_192_64_0p5_0p02_0036_0014.uasset" 5761
"../../../Engine/Content/EngineMaterials/Substrate/GLints/dict_16_192_64_0p5_0p02_0036_0013.uasset" 5762
"../../../Engine/Content/EngineMaterials/Substrate/GLints/dict_16_192_64_0p5_0p02_0036_0007.uasset" 5763
"../../../Engine/Content/EngineMaterials/Substrate/GLints/dict_16_192_64_0p5_0p02_0037_0000.uasset" 5764
"../../../Engine/Content/EngineMaterials/Substrate/GLints/dict_16_192_64_0p5_0p02_0036_0015.uasset" 5765
"../../../Engine/Content/EngineMaterials/Substrate/GLints/dict_16_192_64_0p5_0p02_0037_0002.uasset" 5766
"../../../Engine/Content/EngineMaterials/Substrate/GLints/dict_16_192_64_0p5_0p02_0037_0003.uasset" 5767
"../../../Engine/Content/EngineMaterials/Substrate/GLints/dict_16_192_64_0p5_0p02_0037_0001.uasset" 5768
"../../../Engine/Content/EngineMaterials/Substrate/GLints/dict_16_192_64_0p5_0p02_0037_0004.uasset" 5769
"../../../Engine/Content/EngineMaterials/Substrate/GLints/dict_16_192_64_0p5_0p02_0037_0008.uasset" 5770
"../../../Engine/Content/EngineMaterials/Substrate/GLints/dict_16_192_64_0p5_0p02_0037_0007.uasset" 5771
"../../../Engine/Content/EngineMaterials/Substrate/GLints/dict_16_192_64_0p5_0p02_0036_0005.uasset" 5772
"../../../Engine/Content/EngineMaterials/Substrate/GLints/dict_16_192_64_0p5_0p02_0036_0012.uasset" 5773
"../../../Engine/Content/EngineMaterials/Substrate/GLints/dict_16_192_64_0p5_0p02_0037_0009.uasset" 5774
"../../../Engine/Content/EngineMaterials/Substrate/GLints/dict_16_192_64_0p5_0p02_0037_0010.uasset" 5775
"../../../Engine/Content/EngineMaterials/Substrate/GLints/dict_16_192_64_0p5_0p02_0037_0011.uasset" 5776
"../../../Engine/Content/EngineMaterials/Substrate/GLints/dict_16_192_64_0p5_0p02_0037_0005.uasset" 5777
"../../../Engine/Content/EngineMaterials/Substrate/GLints/dict_16_192_64_0p5_0p02_0037_0012.uasset" 5778
"../../../Engine/Content/EngineMaterials/Substrate/GLints/dict_16_192_64_0p5_0p02_0037_0013.uasset" 5779
"../../../Engine/Content/EngineMaterials/Substrate/GLints/dict_16_192_64_0p5_0p02_0036_0009.uasset" 5780
"../../../Engine/Content/EngineMaterials/Substrate/GLints/dict_16_192_64_0p5_0p02_0037_0006.uasset" 5781
"/Engine/EngineMaterials/Substrate/GLints/dict_16_192_64_0p5_0p02_0036_0001" 5782
"/Engine/EngineMaterials/Substrate/GLints/dict_16_192_64_0p5_0p02_0036_0000" 5783
"/Engine/EngineMaterials/Substrate/GLints/dict_16_192_64_0p5_0p02_0035_0015" 5784
"/Engine/EngineMaterials/Substrate/GLints/dict_16_192_64_0p5_0p02_0035_0014" 5785
"../../../Engine/Content/EngineMaterials/Substrate/GLints/dict_16_192_64_0p5_0p02_0038_0001.uasset" 5786
"../../../Engine/Content/EngineMaterials/Substrate/GLints/dict_16_192_64_0p5_0p02_0038_0002.uasset" 5787
"/Engine/EngineMaterials/Substrate/GLints/dict_16_192_64_0p5_0p02_0037_0013" 5788
"../../../Engine/Content/EngineMaterials/Substrate/GLints/dict_16_192_64_0p5_0p02_0038_0000.uasset" 5789
"../../../Engine/Content/EngineMaterials/Substrate/GLints/dict_16_192_64_0p5_0p02_0037_0015.uasset" 5790
"../../../Engine/Content/EngineMaterials/Substrate/GLints/dict_16_192_64_0p5_0p02_0037_0014.uasset" 5791
"/Engine/EngineMaterials/Substrate/GLints/dict_16_192_64_0p5_0p02_0037_0012" 5792
"/Engine/EngineMaterials/Substrate/GLints/dict_16_192_64_0p5_0p02_0037_0011" 5793
"/Engine/EngineMaterials/Substrate/GLints/dict_16_192_64_0p5_0p02_0037_0010" 5794
"/Engine/EngineMaterials/Substrate/GLints/dict_16_192_64_0p5_0p02_0037_0009" 5795
"/Engine/EngineMaterials/Substrate/GLints/dict_16_192_64_0p5_0p02_0037_0008" 5796
"/Engine/EngineMaterials/Substrate/GLints/dict_16_192_64_0p5_0p02_0037_0007" 5797
"/Engine/EngineMaterials/Substrate/GLints/dict_16_192_64_0p5_0p02_0037_0006" 5798
"/Engine/EngineMaterials/Substrate/GLints/dict_16_192_64_0p5_0p02_0037_0005" 5799
"/Engine/EngineMaterials/Substrate/GLints/dict_16_192_64_0p5_0p02_0037_0004" 5800
"/Engine/EngineMaterials/Substrate/GLints/dict_16_192_64_0p5_0p02_0037_0003" 5801
"/Engine/EngineMaterials/Substrate/GLints/dict_16_192_64_0p5_0p02_0037_0002" 5802
"/Engine/EngineMaterials/Substrate/GLints/dict_16_192_64_0p5_0p02_0037_0001" 5803
"/Engine/EngineMaterials/Substrate/GLints/dict_16_192_64_0p5_0p02_0037_0000" 5804
"/Engine/EngineMaterials/Substrate/GLints/dict_16_192_64_0p5_0p02_0036_0015" 5805
"/Engine/EngineMaterials/Substrate/GLints/dict_16_192_64_0p5_0p02_0036_0014" 5806
"/Engine/EngineMaterials/Substrate/GLints/dict_16_192_64_0p5_0p02_0036_0013" 5807
"/Engine/EngineMaterials/Substrate/GLints/dict_16_192_64_0p5_0p02_0036_0012" 5808
"/Engine/EngineMaterials/Substrate/GLints/dict_16_192_64_0p5_0p02_0036_0011" 5809
"/Engine/EngineMaterials/Substrate/GLints/dict_16_192_64_0p5_0p02_0036_0010" 5810
"/Engine/EngineMaterials/Substrate/GLints/dict_16_192_64_0p5_0p02_0036_0009" 5811
"/Engine/EngineMaterials/Substrate/GLints/dict_16_192_64_0p5_0p02_0036_0008" 5812
"/Engine/EngineMaterials/Substrate/GLints/dict_16_192_64_0p5_0p02_0036_0007" 5813
"/Engine/EngineMaterials/Substrate/GLints/dict_16_192_64_0p5_0p02_0036_0006" 5814
"/Engine/EngineMaterials/Substrate/GLints/dict_16_192_64_0p5_0p02_0036_0005" 5815
"/Engine/EngineMaterials/Substrate/GLints/dict_16_192_64_0p5_0p02_0036_0004" 5816
"/Engine/EngineMaterials/Substrate/GLints/dict_16_192_64_0p5_0p02_0036_0003" 5817
"../../../Engine/Content/EngineMaterials/Substrate/GLints/dict_16_192_64_0p5_0p02_0038_0004.uasset" 5818
"../../../Engine/Content/EngineMaterials/Substrate/GLints/dict_16_192_64_0p5_0p02_0038_0005.uasset" 5819
"../../../Engine/Content/EngineMaterials/Substrate/GLints/dict_16_192_64_0p5_0p02_0038_0011.uasset" 5820
"../../../Engine/Content/EngineMaterials/Substrate/GLints/dict_16_192_64_0p5_0p02_0038_0003.uasset" 5821
"../../../Engine/Content/EngineMaterials/Substrate/GLints/dict_16_192_64_0p5_0p02_0038_0008.uasset" 5822
"../../../Engine/Content/EngineMaterials/Substrate/GLints/dict_16_192_64_0p5_0p02_0038_0006.uasset" 5823
"/Engine/EngineMaterials/Substrate/GLints/dict_16_192_64_0p5_0p02_0038_0002" 5824
"../../../Engine/Content/EngineMaterials/Substrate/GLints/dict_16_192_64_0p5_0p02_0038_0012.uasset" 5825
"../../../Engine/Content/EngineMaterials/Substrate/GLints/dict_16_192_64_0p5_0p02_0038_0010.uasset" 5826
"../../../Engine/Content/EngineMaterials/Substrate/GLints/dict_16_192_64_0p5_0p02_0038_0015.uasset" 5827
"../../../Engine/Content/EngineMaterials/Substrate/GLints/dict_16_192_64_0p5_0p02_0039_0001.uasset" 5828
"../../../Engine/Content/EngineMaterials/Substrate/GLints/dict_16_192_64_0p5_0p02_0038_0013.uasset" 5829
"../../../Engine/Content/EngineMaterials/Substrate/GLints/dict_16_192_64_0p5_0p02_0039_0002.uasset" 5830
"../../../Engine/Content/EngineMaterials/Substrate/GLints/dict_16_192_64_0p5_0p02_0039_0003.uasset" 5831
"../../../Engine/Content/EngineMaterials/Substrate/GLints/dict_16_192_64_0p5_0p02_0039_0000.uasset" 5832
"../../../Engine/Content/EngineMaterials/Substrate/GLints/dict_16_192_64_0p5_0p02_0038_0014.uasset" 5833
"../../../Engine/Content/EngineMaterials/Substrate/GLints/dict_16_192_64_0p5_0p02_0039_0005.uasset" 5834
"../../../Engine/Content/EngineMaterials/Substrate/GLints/dict_16_192_64_0p5_0p02_0039_0004.uasset" 5835
"../../../Engine/Content/EngineMaterials/Substrate/GLints/dict_16_192_64_0p5_0p02_0038_0009.uasset" 5836
"../../../Engine/Content/EngineMaterials/Substrate/GLints/dict_16_192_64_0p5_0p02_0039_0007.uasset" 5837
"../../../Engine/Content/EngineMaterials/Substrate/GLints/dict_16_192_64_0p5_0p02_0039_0011.uasset" 5838
"../../../Engine/Content/EngineMaterials/Substrate/GLints/dict_16_192_64_0p5_0p02_0039_0006.uasset" 5839
"../../../Engine/Content/EngineMaterials/Substrate/GLints/dict_16_192_64_0p5_0p02_0039_0013.uasset" 5840
"../../../Engine/Content/EngineMaterials/Substrate/GLints/dict_16_192_64_0p5_0p02_0039_0008.uasset" 5841
"../../../Engine/Content/EngineMaterials/Substrate/GLints/dict_16_192_64_0p5_0p02_0039_0010.uasset" 5842
"../../../Engine/Content/EngineMaterials/Substrate/GLints/dict_16_192_64_0p5_0p02_0038_0007.uasset" 5843
"../../../Engine/Content/EngineMaterials/Substrate/GLints/dict_16_192_64_0p5_0p02_0039_0009.uasset" 5844
"../../../Engine/Content/EngineMaterials/Substrate/GLints/dict_16_192_64_0p5_0p02_0039_0012.uasset" 5845
"/Engine/EngineMaterials/Substrate/GLints/dict_16_192_64_0p5_0p02_0038_0001" 5846
"/Engine/EngineMaterials/Substrate/GLints/dict_16_192_64_0p5_0p02_0038_0000" 5847
"/Engine/EngineMaterials/Substrate/GLints/dict_16_192_64_0p5_0p02_0037_0015" 5848
"/Engine/EngineMaterials/Substrate/GLints/dict_16_192_64_0p5_0p02_0037_0014" 5849
"../../../Engine/Content/EngineMaterials/Substrate/GLints/dict_16_192_64_0p5_0p02_0040_0000.uasset" 5850
"../../../Engine/Content/EngineMaterials/Substrate/GLints/dict_16_192_64_0p5_0p02_0040_0001.uasset" 5851
"../../../Engine/Content/EngineMaterials/Substrate/GLints/dict_16_192_64_0p5_0p02_0039_0015.uasset" 5852
"../../../Engine/Content/EngineMaterials/Substrate/GLints/dict_16_192_64_0p5_0p02_0040_0002.uasset" 5853
"/Engine/EngineMaterials/Substrate/GLints/dict_16_192_64_0p5_0p02_0039_0013" 5854
"../../../Engine/Content/EngineMaterials/Substrate/GLints/dict_16_192_64_0p5_0p02_0039_0014.uasset" 5855
"/Engine/EngineMaterials/Substrate/GLints/dict_16_192_64_0p5_0p02_0039_0012" 5856
"/Engine/EngineMaterials/Substrate/GLints/dict_16_192_64_0p5_0p02_0039_0011" 5857
"/Engine/EngineMaterials/Substrate/GLints/dict_16_192_64_0p5_0p02_0039_0010" 5858
"/Engine/EngineMaterials/Substrate/GLints/dict_16_192_64_0p5_0p02_0039_0009" 5859
"/Engine/EngineMaterials/Substrate/GLints/dict_16_192_64_0p5_0p02_0039_0008" 5860
"/Engine/EngineMaterials/Substrate/GLints/dict_16_192_64_0p5_0p02_0039_0007" 5861
"/Engine/EngineMaterials/Substrate/GLints/dict_16_192_64_0p5_0p02_0039_0006" 5862
"/Engine/EngineMaterials/Substrate/GLints/dict_16_192_64_0p5_0p02_0039_0005" 5863
"/Engine/EngineMaterials/Substrate/GLints/dict_16_192_64_0p5_0p02_0039_0004" 5864
"/Engine/EngineMaterials/Substrate/GLints/dict_16_192_64_0p5_0p02_0039_0003" 5865
"/Engine/EngineMaterials/Substrate/GLints/dict_16_192_64_0p5_0p02_0039_0002" 5866
"/Engine/EngineMaterials/Substrate/GLints/dict_16_192_64_0p5_0p02_0039_0001" 5867
"/Engine/EngineMaterials/Substrate/GLints/dict_16_192_64_0p5_0p02_0039_0000" 5868
"/Engine/EngineMaterials/Substrate/GLints/dict_16_192_64_0p5_0p02_0038_0015" 5869
"/Engine/EngineMaterials/Substrate/GLints/dict_16_192_64_0p5_0p02_0038_0014" 5870
"/Engine/EngineMaterials/Substrate/GLints/dict_16_192_64_0p5_0p02_0038_0013" 5871
"/Engine/EngineMaterials/Substrate/GLints/dict_16_192_64_0p5_0p02_0038_0012" 5872
"/Engine/EngineMaterials/Substrate/GLints/dict_16_192_64_0p5_0p02_0038_0011" 5873
"/Engine/EngineMaterials/Substrate/GLints/dict_16_192_64_0p5_0p02_0038_0010" 5874
"/Engine/EngineMaterials/Substrate/GLints/dict_16_192_64_0p5_0p02_0038_0009" 5875
"/Engine/EngineMaterials/Substrate/GLints/dict_16_192_64_0p5_0p02_0038_0008" 5876
"/Engine/EngineMaterials/Substrate/GLints/dict_16_192_64_0p5_0p02_0038_0007" 5877
"/Engine/EngineMaterials/Substrate/GLints/dict_16_192_64_0p5_0p02_0038_0006" 5878
"/Engine/EngineMaterials/Substrate/GLints/dict_16_192_64_0p5_0p02_0038_0005" 5879
"/Engine/EngineMaterials/Substrate/GLints/dict_16_192_64_0p5_0p02_0038_0004" 5880
"/Engine/EngineMaterials/Substrate/GLints/dict_16_192_64_0p5_0p02_0038_0003" 5881
"../../../Engine/Content/EngineMaterials/Substrate/GLints/dict_16_192_64_0p5_0p02_0040_0009.uasset" 5882
"../../../Engine/Content/EngineMaterials/Substrate/GLints/dict_16_192_64_0p5_0p02_0040_0003.uasset" 5883
"../../../Engine/Content/EngineMaterials/Substrate/GLints/dict_16_192_64_0p5_0p02_0040_0004.uasset" 5884
"../../../Engine/Content/EngineMaterials/Substrate/GLints/dict_16_192_64_0p5_0p02_0040_0008.uasset" 5885
"../../../Engine/Content/EngineMaterials/Substrate/GLints/dict_16_192_64_0p5_0p02_0040_0006.uasset" 5886
"/Engine/EngineMaterials/Substrate/GLints/dict_16_192_64_0p5_0p02_0040_0002" 5887
"../../../Engine/Content/EngineMaterials/Substrate/GLints/dict_16_192_64_0p5_0p02_0040_0007.uasset" 5888
"../../../Engine/Content/EngineMaterials/Substrate/GLints/dict_16_192_64_0p5_0p02_0040_0012.uasset" 5889
"../../../Engine/Content/EngineMaterials/Substrate/GLints/dict_16_192_64_0p5_0p02_0040_0005.uasset" 5890
"../../../Engine/Content/EngineMaterials/Substrate/GLints/dict_16_192_64_0p5_0p02_0041_0001.uasset" 5891
"../../../Engine/Content/EngineMaterials/Substrate/GLints/dict_16_192_64_0p5_0p02_0041_0002.uasset" 5892
"../../../Engine/Content/EngineMaterials/Substrate/GLints/dict_16_192_64_0p5_0p02_0040_0010.uasset" 5893
"../../../Engine/Content/EngineMaterials/Substrate/GLints/dict_16_192_64_0p5_0p02_0040_0013.uasset" 5894
"../../../Engine/Content/EngineMaterials/Substrate/GLints/dict_16_192_64_0p5_0p02_0040_0014.uasset" 5895
"../../../Engine/Content/EngineMaterials/Substrate/GLints/dict_16_192_64_0p5_0p02_0040_0015.uasset" 5896
"../../../Engine/Content/EngineMaterials/Substrate/GLints/dict_16_192_64_0p5_0p02_0041_0004.uasset" 5897
"../../../Engine/Content/EngineMaterials/Substrate/GLints/dict_16_192_64_0p5_0p02_0041_0003.uasset" 5898
"../../../Engine/Content/EngineMaterials/Substrate/GLints/dict_16_192_64_0p5_0p02_0041_0006.uasset" 5899
"../../../Engine/Content/EngineMaterials/Substrate/GLints/dict_16_192_64_0p5_0p02_0041_0007.uasset" 5900
"../../../Engine/Content/EngineMaterials/Substrate/GLints/dict_16_192_64_0p5_0p02_0041_0009.uasset" 5901
"../../../Engine/Content/EngineMaterials/Substrate/GLints/dict_16_192_64_0p5_0p02_0041_0010.uasset" 5902
"../../../Engine/Content/EngineMaterials/Substrate/GLints/dict_16_192_64_0p5_0p02_0041_0011.uasset" 5903
"../../../Engine/Content/EngineMaterials/Substrate/GLints/dict_16_192_64_0p5_0p02_0041_0013.uasset" 5904
"../../../Engine/Content/EngineMaterials/Substrate/GLints/dict_16_192_64_0p5_0p02_0041_0000.uasset" 5905
"../../../Engine/Content/EngineMaterials/Substrate/GLints/dict_16_192_64_0p5_0p02_0041_0005.uasset" 5906
"../../../Engine/Content/EngineMaterials/Substrate/GLints/dict_16_192_64_0p5_0p02_0041_0012.uasset" 5907
"../../../Engine/Content/EngineMaterials/Substrate/GLints/dict_16_192_64_0p5_0p02_0040_0011.uasset" 5908
"../../../Engine/Content/EngineMaterials/Substrate/GLints/dict_16_192_64_0p5_0p02_0041_0008.uasset" 5909
"/Engine/EngineMaterials/Substrate/GLints/dict_16_192_64_0p5_0p02_0040_0001" 5910
"/Engine/EngineMaterials/Substrate/GLints/dict_16_192_64_0p5_0p02_0040_0000" 5911
"/Engine/EngineMaterials/Substrate/GLints/dict_16_192_64_0p5_0p02_0039_0015" 5912
"/Engine/EngineMaterials/Substrate/GLints/dict_16_192_64_0p5_0p02_0039_0014" 5913
"../../../Engine/Content/EngineMaterials/Substrate/GLints/dict_16_192_64_0p5_0p02_0042_0002.uasset" 5914
"../../../Engine/Content/EngineMaterials/Substrate/GLints/dict_16_192_64_0p5_0p02_0042_0001.uasset" 5915
"../../../Engine/Content/EngineMaterials/Substrate/GLints/dict_16_192_64_0p5_0p02_0042_0000.uasset" 5916
"/Engine/EngineMaterials/Substrate/GLints/dict_16_192_64_0p5_0p02_0041_0013" 5917
"../../../Engine/Content/EngineMaterials/Substrate/GLints/dict_16_192_64_0p5_0p02_0041_0015.uasset" 5918
"../../../Engine/Content/EngineMaterials/Substrate/GLints/dict_16_192_64_0p5_0p02_0041_0014.uasset" 5919
"/Engine/EngineMaterials/Substrate/GLints/dict_16_192_64_0p5_0p02_0041_0012" 5920
"/Engine/EngineMaterials/Substrate/GLints/dict_16_192_64_0p5_0p02_0041_0011" 5921
"/Engine/EngineMaterials/Substrate/GLints/dict_16_192_64_0p5_0p02_0041_0010" 5922
"/Engine/EngineMaterials/Substrate/GLints/dict_16_192_64_0p5_0p02_0041_0009" 5923
"/Engine/EngineMaterials/Substrate/GLints/dict_16_192_64_0p5_0p02_0041_0008" 5924
"/Engine/EngineMaterials/Substrate/GLints/dict_16_192_64_0p5_0p02_0041_0007" 5925
"/Engine/EngineMaterials/Substrate/GLints/dict_16_192_64_0p5_0p02_0041_0006" 5926
"/Engine/EngineMaterials/Substrate/GLints/dict_16_192_64_0p5_0p02_0041_0005" 5927
"/Engine/EngineMaterials/Substrate/GLints/dict_16_192_64_0p5_0p02_0041_0004" 5928
"/Engine/EngineMaterials/Substrate/GLints/dict_16_192_64_0p5_0p02_0041_0003" 5929
"/Engine/EngineMaterials/Substrate/GLints/dict_16_192_64_0p5_0p02_0041_0002" 5930
"/Engine/EngineMaterials/Substrate/GLints/dict_16_192_64_0p5_0p02_0041_0001" 5931
"/Engine/EngineMaterials/Substrate/GLints/dict_16_192_64_0p5_0p02_0041_0000" 5932
"/Engine/EngineMaterials/Substrate/GLints/dict_16_192_64_0p5_0p02_0040_0015" 5933
"/Engine/EngineMaterials/Substrate/GLints/dict_16_192_64_0p5_0p02_0040_0014" 5934
"/Engine/EngineMaterials/Substrate/GLints/dict_16_192_64_0p5_0p02_0040_0013" 5935
"/Engine/EngineMaterials/Substrate/GLints/dict_16_192_64_0p5_0p02_0040_0012" 5936
"/Engine/EngineMaterials/Substrate/GLints/dict_16_192_64_0p5_0p02_0040_0011" 5937
"/Engine/EngineMaterials/Substrate/GLints/dict_16_192_64_0p5_0p02_0040_0010" 5938
"/Engine/EngineMaterials/Substrate/GLints/dict_16_192_64_0p5_0p02_0040_0009" 5939
"/Engine/EngineMaterials/Substrate/GLints/dict_16_192_64_0p5_0p02_0040_0008" 5940
"/Engine/EngineMaterials/Substrate/GLints/dict_16_192_64_0p5_0p02_0040_0007" 5941
"/Engine/EngineMaterials/Substrate/GLints/dict_16_192_64_0p5_0p02_0040_0006" 5942
"/Engine/EngineMaterials/Substrate/GLints/dict_16_192_64_0p5_0p02_0040_0005" 5943
"/Engine/EngineMaterials/Substrate/GLints/dict_16_192_64_0p5_0p02_0040_0004" 5944
"/Engine/EngineMaterials/Substrate/GLints/dict_16_192_64_0p5_0p02_0040_0003" 5945
"../../../Engine/Content/EngineMaterials/Substrate/GLints/dict_16_192_64_0p5_0p02_0042_0006.uasset" 5946
"../../../Engine/Content/EngineMaterials/Substrate/GLints/dict_16_192_64_0p5_0p02_0042_0012.uasset" 5947
"../../../Engine/Content/EngineMaterials/Substrate/GLints/dict_16_192_64_0p5_0p02_0042_0007.uasset" 5948
"../../../Engine/Content/EngineMaterials/Substrate/GLints/dict_16_192_64_0p5_0p02_0042_0011.uasset" 5949
"../../../Engine/Content/EngineMaterials/Substrate/GLints/dict_16_192_64_0p5_0p02_0042_0010.uasset" 5950
"/Engine/EngineMaterials/Substrate/GLints/dict_16_192_64_0p5_0p02_0042_0002" 5951
"../../../Engine/Content/EngineMaterials/Substrate/GLints/dict_16_192_64_0p5_0p02_0042_0005.uasset" 5952
"../../../Engine/Content/EngineMaterials/Substrate/GLints/dict_16_192_64_0p5_0p02_0042_0003.uasset" 5953
"../../../Engine/Content/EngineMaterials/Substrate/GLints/dict_16_192_64_0p5_0p02_0043_0001.uasset" 5954
"../../../Engine/Content/EngineMaterials/Substrate/GLints/dict_16_192_64_0p5_0p02_0042_0009.uasset" 5955
"../../../Engine/Content/EngineMaterials/Substrate/GLints/dict_16_192_64_0p5_0p02_0042_0013.uasset" 5956
"../../../Engine/Content/EngineMaterials/Substrate/GLints/dict_16_192_64_0p5_0p02_0042_0014.uasset" 5957
"../../../Engine/Content/EngineMaterials/Substrate/GLints/dict_16_192_64_0p5_0p02_0043_0002.uasset" 5958
"../../../Engine/Content/EngineMaterials/Substrate/GLints/dict_16_192_64_0p5_0p02_0043_0005.uasset" 5959
"../../../Engine/Content/EngineMaterials/Substrate/GLints/dict_16_192_64_0p5_0p02_0043_0004.uasset" 5960
"../../../Engine/Content/EngineMaterials/Substrate/GLints/dict_16_192_64_0p5_0p02_0043_0000.uasset" 5961
"../../../Engine/Content/EngineMaterials/Substrate/GLints/dict_16_192_64_0p5_0p02_0043_0008.uasset" 5962
"../../../Engine/Content/EngineMaterials/Substrate/GLints/dict_16_192_64_0p5_0p02_0042_0015.uasset" 5963
"../../../Engine/Content/EngineMaterials/Substrate/GLints/dict_16_192_64_0p5_0p02_0043_0010.uasset" 5964
"../../../Engine/Content/EngineMaterials/Substrate/GLints/dict_16_192_64_0p5_0p02_0042_0008.uasset" 5965
"../../../Engine/Content/EngineMaterials/Substrate/GLints/dict_16_192_64_0p5_0p02_0043_0009.uasset" 5966
"../../../Engine/Content/EngineMaterials/Substrate/GLints/dict_16_192_64_0p5_0p02_0043_0011.uasset" 5967
"../../../Engine/Content/EngineMaterials/Substrate/GLints/dict_16_192_64_0p5_0p02_0042_0004.uasset" 5968
"../../../Engine/Content/EngineMaterials/Substrate/GLints/dict_16_192_64_0p5_0p02_0043_0013.uasset" 5969
"../../../Engine/Content/EngineMaterials/Substrate/GLints/dict_16_192_64_0p5_0p02_0043_0003.uasset" 5970
"../../../Engine/Content/EngineMaterials/Substrate/GLints/dict_16_192_64_0p5_0p02_0043_0012.uasset" 5971
"../../../Engine/Content/EngineMaterials/Substrate/GLints/dict_16_192_64_0p5_0p02_0043_0007.uasset" 5972
"../../../Engine/Content/EngineMaterials/Substrate/GLints/dict_16_192_64_0p5_0p02_0043_0006.uasset" 5973
"/Engine/EngineMaterials/Substrate/GLints/dict_16_192_64_0p5_0p02_0042_0001" 5974
"/Engine/EngineMaterials/Substrate/GLints/dict_16_192_64_0p5_0p02_0042_0000" 5975
"/Engine/EngineMaterials/Substrate/GLints/dict_16_192_64_0p5_0p02_0041_0015" 5976
"/Engine/EngineMaterials/Substrate/GLints/dict_16_192_64_0p5_0p02_0041_0014" 5977
"../../../Engine/Content/EngineMaterials/Substrate/GLints/dict_16_192_64_0p5_0p02_0043_0015.uasset" 5978
"../../../Engine/Content/EngineMaterials/Substrate/GLints/dict_16_192_64_0p5_0p02_0044_0000.uasset" 5979
"/Engine/EngineMaterials/Substrate/GLints/dict_16_192_64_0p5_0p02_0043_0013" 5980
"../../../Engine/Content/EngineMaterials/Substrate/GLints/dict_16_192_64_0p5_0p02_0044_0002.uasset" 5981
"../../../Engine/Content/EngineMaterials/Substrate/GLints/dict_16_192_64_0p5_0p02_0043_0014.uasset" 5982
"../../../Engine/Content/EngineMaterials/Substrate/GLints/dict_16_192_64_0p5_0p02_0044_0001.uasset" 5983
"/Engine/EngineMaterials/Substrate/GLints/dict_16_192_64_0p5_0p02_0043_0012" 5984
"/Engine/EngineMaterials/Substrate/GLints/dict_16_192_64_0p5_0p02_0043_0011" 5985
"/Engine/EngineMaterials/Substrate/GLints/dict_16_192_64_0p5_0p02_0043_0010" 5986
"/Engine/EngineMaterials/Substrate/GLints/dict_16_192_64_0p5_0p02_0043_0009" 5987
"/Engine/EngineMaterials/Substrate/GLints/dict_16_192_64_0p5_0p02_0043_0008" 5988
"/Engine/EngineMaterials/Substrate/GLints/dict_16_192_64_0p5_0p02_0043_0007" 5989
"/Engine/EngineMaterials/Substrate/GLints/dict_16_192_64_0p5_0p02_0043_0006" 5990
"/Engine/EngineMaterials/Substrate/GLints/dict_16_192_64_0p5_0p02_0043_0005" 5991
"/Engine/EngineMaterials/Substrate/GLints/dict_16_192_64_0p5_0p02_0043_0004" 5992
"/Engine/EngineMaterials/Substrate/GLints/dict_16_192_64_0p5_0p02_0043_0003" 5993
"/Engine/EngineMaterials/Substrate/GLints/dict_16_192_64_0p5_0p02_0043_0002" 5994
"/Engine/EngineMaterials/Substrate/GLints/dict_16_192_64_0p5_0p02_0043_0001" 5995
"/Engine/EngineMaterials/Substrate/GLints/dict_16_192_64_0p5_0p02_0043_0000" 5996
"/Engine/EngineMaterials/Substrate/GLints/dict_16_192_64_0p5_0p02_0042_0015" 5997
"/Engine/EngineMaterials/Substrate/GLints/dict_16_192_64_0p5_0p02_0042_0014" 5998
"/Engine/EngineMaterials/Substrate/GLints/dict_16_192_64_0p5_0p02_0042_0013" 5999
"/Engine/EngineMaterials/Substrate/GLints/dict_16_192_64_0p5_0p02_0042_0012" 6000
"/Engine/EngineMaterials/Substrate/GLints/dict_16_192_64_0p5_0p02_0042_0011" 6001
"/Engine/EngineMaterials/Substrate/GLints/dict_16_192_64_0p5_0p02_0042_0010" 6002
"/Engine/EngineMaterials/Substrate/GLints/dict_16_192_64_0p5_0p02_0042_0009" 6003
"/Engine/EngineMaterials/Substrate/GLints/dict_16_192_64_0p5_0p02_0042_0008" 6004
"/Engine/EngineMaterials/Substrate/GLints/dict_16_192_64_0p5_0p02_0042_0007" 6005
"/Engine/EngineMaterials/Substrate/GLints/dict_16_192_64_0p5_0p02_0042_0006" 6006
"/Engine/EngineMaterials/Substrate/GLints/dict_16_192_64_0p5_0p02_0042_0005" 6007
"/Engine/EngineMaterials/Substrate/GLints/dict_16_192_64_0p5_0p02_0042_0004" 6008
"/Engine/EngineMaterials/Substrate/GLints/dict_16_192_64_0p5_0p02_0042_0003" 6009
"../../../Engine/Content/EngineMaterials/Substrate/GLints/dict_16_192_64_0p5_0p02_0044_0003.uasset" 6010
"../../../Engine/Content/EngineMaterials/Substrate/GLints/dict_16_192_64_0p5_0p02_0044_0009.uasset" 6011
"../../../Engine/Content/EngineMaterials/Substrate/GLints/dict_16_192_64_0p5_0p02_0044_0010.uasset" 6012
"../../../Engine/Content/EngineMaterials/Substrate/GLints/dict_16_192_64_0p5_0p02_0044_0011.uasset" 6013
"/Engine/EngineMaterials/Substrate/GLints/dict_16_192_64_0p5_0p02_0044_0002" 6014
"../../../Engine/Content/EngineMaterials/Substrate/GLints/dict_16_192_64_0p5_0p02_0044_0004.uasset" 6015
"../../../Engine/Content/EngineMaterials/Substrate/GLints/dict_16_192_64_0p5_0p02_0044_0014.uasset" 6016
"../../../Engine/Content/EngineMaterials/Substrate/GLints/dict_16_192_64_0p5_0p02_0044_0005.uasset" 6017
"../../../Engine/Content/EngineMaterials/Substrate/GLints/dict_16_192_64_0p5_0p02_0044_0007.uasset" 6018
"../../../Engine/Content/EngineMaterials/Substrate/GLints/dict_16_192_64_0p5_0p02_0044_0006.uasset" 6019
"../../../Engine/Content/EngineMaterials/Substrate/GLints/dict_16_192_64_0p5_0p02_0045_0001.uasset" 6020
"../../../Engine/Content/EngineMaterials/Substrate/GLints/dict_16_192_64_0p5_0p02_0044_0013.uasset" 6021
"../../../Engine/Content/EngineMaterials/Substrate/GLints/dict_16_192_64_0p5_0p02_0044_0015.uasset" 6022
"../../../Engine/Content/EngineMaterials/Substrate/GLints/dict_16_192_64_0p5_0p02_0045_0002.uasset" 6023
"../../../Engine/Content/EngineMaterials/Substrate/GLints/dict_16_192_64_0p5_0p02_0044_0012.uasset" 6024
"../../../Engine/Content/EngineMaterials/Substrate/GLints/dict_16_192_64_0p5_0p02_0045_0005.uasset" 6025
"../../../Engine/Content/EngineMaterials/Substrate/GLints/dict_16_192_64_0p5_0p02_0045_0000.uasset" 6026
"../../../Engine/Content/EngineMaterials/Substrate/GLints/dict_16_192_64_0p5_0p02_0045_0003.uasset" 6027
"../../../Engine/Content/EngineMaterials/Substrate/GLints/dict_16_192_64_0p5_0p02_0045_0008.uasset" 6028
"../../../Engine/Content/EngineMaterials/Substrate/GLints/dict_16_192_64_0p5_0p02_0045_0006.uasset" 6029
"../../../Engine/Content/EngineMaterials/Substrate/GLints/dict_16_192_64_0p5_0p02_0045_0009.uasset" 6030
"../../../Engine/Content/EngineMaterials/Substrate/GLints/dict_16_192_64_0p5_0p02_0045_0010.uasset" 6031
"../../../Engine/Content/EngineMaterials/Substrate/GLints/dict_16_192_64_0p5_0p02_0045_0011.uasset" 6032
"../../../Engine/Content/EngineMaterials/Substrate/GLints/dict_16_192_64_0p5_0p02_0045_0013.uasset" 6033
"../../../Engine/Content/EngineMaterials/Substrate/GLints/dict_16_192_64_0p5_0p02_0045_0007.uasset" 6034
"../../../Engine/Content/EngineMaterials/Substrate/GLints/dict_16_192_64_0p5_0p02_0045_0004.uasset" 6035
"../../../Engine/Content/EngineMaterials/Substrate/GLints/dict_16_192_64_0p5_0p02_0045_0012.uasset" 6036
"../../../Engine/Content/EngineMaterials/Substrate/GLints/dict_16_192_64_0p5_0p02_0044_0008.uasset" 6037
"/Engine/EngineMaterials/Substrate/GLints/dict_16_192_64_0p5_0p02_0044_0001" 6038
"/Engine/EngineMaterials/Substrate/GLints/dict_16_192_64_0p5_0p02_0044_0000" 6039
"/Engine/EngineMaterials/Substrate/GLints/dict_16_192_64_0p5_0p02_0043_0015" 6040
"/Engine/EngineMaterials/Substrate/GLints/dict_16_192_64_0p5_0p02_0043_0014" 6041
"../../../Engine/Content/EngineMaterials/Substrate/GLints/dict_16_192_64_0p5_0p02_0046_0000.uasset" 6042
"../../../Engine/Content/EngineMaterials/Substrate/GLints/dict_16_192_64_0p5_0p02_0046_0001.uasset" 6043
"../../../Engine/Content/EngineMaterials/Substrate/GLints/dict_16_192_64_0p5_0p02_0046_0002.uasset" 6044
"../../../Engine/Content/EngineMaterials/Substrate/GLints/dict_16_192_64_0p5_0p02_0045_0015.uasset" 6045
"../../../Engine/Content/EngineMaterials/Substrate/GLints/dict_16_192_64_0p5_0p02_0045_0014.uasset" 6046
"/Engine/EngineMaterials/Substrate/GLints/dict_16_192_64_0p5_0p02_0045_0013" 6047
"/Engine/EngineMaterials/Substrate/GLints/dict_16_192_64_0p5_0p02_0045_0012" 6048
"/Engine/EngineMaterials/Substrate/GLints/dict_16_192_64_0p5_0p02_0045_0011" 6049
"/Engine/EngineMaterials/Substrate/GLints/dict_16_192_64_0p5_0p02_0045_0010" 6050
"/Engine/EngineMaterials/Substrate/GLints/dict_16_192_64_0p5_0p02_0045_0009" 6051
"/Engine/EngineMaterials/Substrate/GLints/dict_16_192_64_0p5_0p02_0045_0008" 6052
"/Engine/EngineMaterials/Substrate/GLints/dict_16_192_64_0p5_0p02_0045_0007" 6053
"/Engine/EngineMaterials/Substrate/GLints/dict_16_192_64_0p5_0p02_0045_0006" 6054
"/Engine/EngineMaterials/Substrate/GLints/dict_16_192_64_0p5_0p02_0045_0005" 6055
"/Engine/EngineMaterials/Substrate/GLints/dict_16_192_64_0p5_0p02_0045_0004" 6056
"/Engine/EngineMaterials/Substrate/GLints/dict_16_192_64_0p5_0p02_0045_0003" 6057
"/Engine/EngineMaterials/Substrate/GLints/dict_16_192_64_0p5_0p02_0045_0002" 6058
"/Engine/EngineMaterials/Substrate/GLints/dict_16_192_64_0p5_0p02_0045_0001" 6059
"/Engine/EngineMaterials/Substrate/GLints/dict_16_192_64_0p5_0p02_0045_0000" 6060
"/Engine/EngineMaterials/Substrate/GLints/dict_16_192_64_0p5_0p02_0044_0015" 6061
"/Engine/EngineMaterials/Substrate/GLints/dict_16_192_64_0p5_0p02_0044_0014" 6062
"/Engine/EngineMaterials/Substrate/GLints/dict_16_192_64_0p5_0p02_0044_0013" 6063
"/Engine/EngineMaterials/Substrate/GLints/dict_16_192_64_0p5_0p02_0044_0012" 6064
"/Engine/EngineMaterials/Substrate/GLints/dict_16_192_64_0p5_0p02_0044_0011" 6065
"/Engine/EngineMaterials/Substrate/GLints/dict_16_192_64_0p5_0p02_0044_0010" 6066
"/Engine/EngineMaterials/Substrate/GLints/dict_16_192_64_0p5_0p02_0044_0009" 6067
"/Engine/EngineMaterials/Substrate/GLints/dict_16_192_64_0p5_0p02_0044_0008" 6068
"/Engine/EngineMaterials/Substrate/GLints/dict_16_192_64_0p5_0p02_0044_0007" 6069
"/Engine/EngineMaterials/Substrate/GLints/dict_16_192_64_0p5_0p02_0044_0006" 6070
"/Engine/EngineMaterials/Substrate/GLints/dict_16_192_64_0p5_0p02_0044_0005" 6071
"/Engine/EngineMaterials/Substrate/GLints/dict_16_192_64_0p5_0p02_0044_0004" 6072
"/Engine/EngineMaterials/Substrate/GLints/dict_16_192_64_0p5_0p02_0044_0003" 6073
"../../../Engine/Content/EngineMaterials/Substrate/GLints/dict_16_192_64_0p5_0p02_0046_0004.uasset" 6074
"../../../Engine/Content/EngineMaterials/Substrate/GLints/dict_16_192_64_0p5_0p02_0046_0006.uasset" 6075
"../../../Engine/Content/EngineMaterials/Substrate/GLints/dict_16_192_64_0p5_0p02_0046_0003.uasset" 6076
"../../../Engine/Content/EngineMaterials/Substrate/GLints/dict_16_192_64_0p5_0p02_0046_0005.uasset" 6077
"../../../Engine/Content/EngineMaterials/Substrate/GLints/dict_16_192_64_0p5_0p02_0046_0011.uasset" 6078
"../../../Engine/Content/EngineMaterials/Substrate/GLints/dict_16_192_64_0p5_0p02_0046_0009.uasset" 6079
"../../../Engine/Content/EngineMaterials/Substrate/GLints/dict_16_192_64_0p5_0p02_0046_0007.uasset" 6080
"../../../Engine/Content/EngineMaterials/Substrate/GLints/dict_16_192_64_0p5_0p02_0046_0012.uasset" 6081
"../../../Engine/Content/EngineMaterials/Substrate/GLints/dict_16_192_64_0p5_0p02_0046_0013.uasset" 6082
"../../../Engine/Content/EngineMaterials/Substrate/GLints/dict_16_192_64_0p5_0p02_0046_0014.uasset" 6083
"../../../Engine/Content/EngineMaterials/Substrate/GLints/dict_16_192_64_0p5_0p02_0046_0015.uasset" 6084
"../../../Engine/Content/EngineMaterials/Substrate/GLints/dict_16_192_64_0p5_0p02_0046_0010.uasset" 6085
"../../../Engine/Content/EngineMaterials/Substrate/GLints/dict_16_192_64_0p5_0p02_0047_0001.uasset" 6086
"../../../Engine/Content/EngineMaterials/Substrate/GLints/dict_16_192_64_0p5_0p02_0047_0000.uasset" 6087
"../../../Engine/Content/EngineMaterials/Substrate/GLints/dict_16_192_64_0p5_0p02_0047_0002.uasset" 6088
"../../../Engine/Content/EngineMaterials/Substrate/GLints/dict_16_192_64_0p5_0p02_0047_0005.uasset" 6089
"../../../Engine/Content/EngineMaterials/Substrate/GLints/dict_16_192_64_0p5_0p02_0047_0003.uasset" 6090
"../../../Engine/Content/EngineMaterials/Substrate/GLints/dict_16_192_64_0p5_0p02_0047_0007.uasset" 6091
"../../../Engine/Content/EngineMaterials/Substrate/GLints/dict_16_192_64_0p5_0p02_0047_0004.uasset" 6092
"../../../Engine/Content/EngineMaterials/Substrate/GLints/dict_16_192_64_0p5_0p02_0047_0008.uasset" 6093
"../../../Engine/Content/EngineMaterials/Substrate/GLints/dict_16_192_64_0p5_0p02_0046_0008.uasset" 6094
"../../../Engine/Content/EngineMaterials/Substrate/GLints/dict_16_192_64_0p5_0p02_0047_0009.uasset" 6095
"../../../Engine/Content/EngineMaterials/Substrate/GLints/dict_16_192_64_0p5_0p02_0047_0011.uasset" 6096
"../../../Engine/Content/EngineMaterials/Substrate/GLints/dict_16_192_64_0p5_0p02_0047_0010.uasset" 6097
"../../../Engine/Content/EngineMaterials/Substrate/GLints/dict_16_192_64_0p5_0p02_0047_0006.uasset" 6098
"../../../Engine/Content/EngineMaterials/Substrate/GLints/dict_16_192_64_0p5_0p02_0047_0012.uasset" 6099
"../../../Engine/Content/EngineMaterials/Substrate/GLints/dict_16_192_64_0p5_0p02_0047_0013.uasset" 6100
"/Engine/EngineMaterials/Substrate/GLints/dict_16_192_64_0p5_0p02_0047_0001" 6101
"/Engine/EngineMaterials/Substrate/GLints/dict_16_192_64_0p5_0p02_0047_0000" 6102
"/Engine/EngineMaterials/Substrate/GLints/dict_16_192_64_0p5_0p02_0046_0015" 6103
"/Engine/EngineMaterials/Substrate/GLints/dict_16_192_64_0p5_0p02_0046_0014" 6104
"/Engine/EngineMaterials/Substrate/GLints/dict_16_192_64_0p5_0p02_0046_0013" 6105
"/Engine/EngineMaterials/Substrate/GLints/dict_16_192_64_0p5_0p02_0046_0012" 6106
"/Engine/EngineMaterials/Substrate/GLints/dict_16_192_64_0p5_0p02_0046_0011" 6107
"/Engine/EngineMaterials/Substrate/GLints/dict_16_192_64_0p5_0p02_0046_0010" 6108
"/Engine/EngineMaterials/Substrate/GLints/dict_16_192_64_0p5_0p02_0046_0009" 6109
"/Engine/EngineMaterials/Substrate/GLints/dict_16_192_64_0p5_0p02_0046_0007" 6110
"/Engine/EngineMaterials/Substrate/GLints/dict_16_192_64_0p5_0p02_0046_0006" 6111
"/Engine/EngineMaterials/Substrate/GLints/dict_16_192_64_0p5_0p02_0046_0005" 6112
"/Engine/EngineMaterials/Substrate/GLints/dict_16_192_64_0p5_0p02_0046_0002" 6113
"/Engine/EngineMaterials/Substrate/GLints/dict_16_192_64_0p5_0p02_0046_0001" 6114
"/Engine/EngineMaterials/Substrate/GLints/dict_16_192_64_0p5_0p02_0046_0000" 6115
"/Engine/EngineMaterials/Substrate/GLints/dict_16_192_64_0p5_0p02_0046_0004" 6116
"/Engine/EngineMaterials/Substrate/GLints/dict_16_192_64_0p5_0p02_0046_0003" 6117
"/Engine/EngineMaterials/Substrate/GLints/dict_16_192_64_0p5_0p02_0045_0015" 6118
"/Engine/EngineMaterials/Substrate/GLints/dict_16_192_64_0p5_0p02_0045_0014" 6119
"../../../Engine/Content/EngineMaterials/Substrate/GLints/dict_16_192_64_0p5_0p02_0048_0002.uasset" 6120
"../../../Engine/Content/EngineMaterials/Substrate/GLints/dict_16_192_64_0p5_0p02_0047_0015.uasset" 6121
"../../../Engine/Content/EngineMaterials/Substrate/GLints/dict_16_192_64_0p5_0p02_0048_0003.uasset" 6122
"../../../Engine/Content/EngineMaterials/Substrate/GLints/dict_16_192_64_0p5_0p02_0047_0014.uasset" 6123
"../../../Engine/Content/EngineMaterials/Substrate/GLints/dict_16_192_64_0p5_0p02_0048_0007.uasset" 6124
"/Engine/EngineMaterials/Substrate/GLints/dict_16_192_64_0p5_0p02_0047_0013" 6125
"../../../Engine/Content/EngineMaterials/Substrate/GLints/dict_16_192_64_0p5_0p02_0048_0000.uasset" 6126
"../../../Engine/Content/EngineMaterials/Substrate/GLints/dict_16_192_64_0p5_0p02_0048_0008.uasset" 6127
"../../../Engine/Content/EngineMaterials/Substrate/GLints/dict_16_192_64_0p5_0p02_0048_0004.uasset" 6128
"../../../Engine/Content/EngineMaterials/Substrate/GLints/dict_16_192_64_0p5_0p02_0048_0012.uasset" 6129
"../../../Engine/Content/EngineMaterials/Substrate/GLints/dict_16_192_64_0p5_0p02_0048_0013.uasset" 6130
"../../../Engine/Content/EngineMaterials/Substrate/GLints/dict_16_192_64_0p5_0p02_0048_0005.uasset" 6131
"../../../Engine/Content/EngineMaterials/Substrate/GLints/dict_16_192_64_0p5_0p02_0048_0014.uasset" 6132
"../../../Engine/Content/EngineMaterials/Substrate/GLints/dict_16_192_64_0p5_0p02_0048_0006.uasset" 6133
"../../../Engine/Content/EngineMaterials/Substrate/GLints/dict_16_192_64_0p5_0p02_0049_0000.uasset" 6134
"../../../Engine/Content/EngineMaterials/Substrate/GLints/dict_16_192_64_0p5_0p02_0048_0011.uasset" 6135
"../../../Engine/Content/EngineMaterials/Substrate/GLints/dict_16_192_64_0p5_0p02_0048_0015.uasset" 6136
"../../../Engine/Content/EngineMaterials/Substrate/GLints/dict_16_192_64_0p5_0p02_0048_0009.uasset" 6137
"../../../Engine/Content/EngineMaterials/Substrate/GLints/dict_16_192_64_0p5_0p02_0048_0001.uasset" 6138
"../../../Engine/Content/EngineMaterials/Substrate/GLints/dict_16_192_64_0p5_0p02_0048_0010.uasset" 6139
"/Engine/EngineMaterials/Substrate/GLints/dict_16_192_64_0p5_0p02_0047_0012" 6140
"/Engine/EngineMaterials/Substrate/GLints/dict_16_192_64_0p5_0p02_0047_0011" 6141
"/Engine/EngineMaterials/Substrate/GLints/dict_16_192_64_0p5_0p02_0047_0010" 6142
"/Engine/EngineMaterials/Substrate/GLints/dict_16_192_64_0p5_0p02_0047_0009" 6143
"/Engine/EngineMaterials/Substrate/GLints/dict_16_192_64_0p5_0p02_0047_0008" 6144
"/Engine/EngineMaterials/Substrate/GLints/dict_16_192_64_0p5_0p02_0047_0007" 6145
"/Engine/EngineMaterials/Substrate/GLints/dict_16_192_64_0p5_0p02_0047_0006" 6146
"/Engine/EngineMaterials/Substrate/GLints/dict_16_192_64_0p5_0p02_0047_0005" 6147
"/Engine/EngineMaterials/Substrate/GLints/dict_16_192_64_0p5_0p02_0047_0004" 6148
"/Engine/EngineMaterials/Substrate/GLints/dict_16_192_64_0p5_0p02_0047_0003" 6149
"/Engine/EngineMaterials/Substrate/GLints/dict_16_192_64_0p5_0p02_0047_0002" 6150
"/Engine/EngineMaterials/Substrate/GLints/dict_16_192_64_0p5_0p02_0046_0008" 6151
"../../../Engine/Content/EngineMaterials/Substrate/GLints/dict_16_192_64_0p5_0p02_0049_0006.uasset" 6152
"../../../Engine/Content/EngineMaterials/Substrate/GLints/dict_16_192_64_0p5_0p02_0049_0007.uasset" 6153
"../../../Engine/Content/EngineMaterials/Substrate/GLints/dict_16_192_64_0p5_0p02_0049_0004.uasset" 6154
"../../../Engine/Content/EngineMaterials/Substrate/GLints/dict_16_192_64_0p5_0p02_0049_0010.uasset" 6155
"../../../Engine/Content/EngineMaterials/Substrate/GLints/dict_16_192_64_0p5_0p02_0049_0003.uasset" 6156
"../../../Engine/Content/EngineMaterials/Substrate/GLints/dict_16_192_64_0p5_0p02_0049_0002.uasset" 6157
"../../../Engine/Content/EngineMaterials/Substrate/GLints/dict_16_192_64_0p5_0p02_0049_0011.uasset" 6158
"../../../Engine/Content/EngineMaterials/Substrate/GLints/dict_16_192_64_0p5_0p02_0049_0012.uasset" 6159
"../../../Engine/Content/EngineMaterials/Substrate/GLints/dict_16_192_64_0p5_0p02_0049_0005.uasset" 6160
"../../../Engine/Content/EngineMaterials/Substrate/GLints/dict_16_192_64_0p5_0p02_0049_0013.uasset" 6161
"../../../Engine/Content/EngineMaterials/Substrate/GLints/dict_16_192_64_0p5_0p02_0049_0008.uasset" 6162
"../../../Engine/Content/EngineMaterials/Substrate/GLints/dict_16_192_64_0p5_0p02_0049_0001.uasset" 6163
"/Engine/EngineMaterials/Substrate/GLints/dict_16_192_64_0p5_0p02_0049_0000" 6164
"../../../Engine/Content/EngineMaterials/Substrate/GLints/dict_16_192_64_0p5_0p02_0049_0009.uasset" 6165
"/Engine/EngineMaterials/Substrate/GLints/dict_16_192_64_0p5_0p02_0048_0015" 6166
"/Engine/EngineMaterials/Substrate/GLints/dict_16_192_64_0p5_0p02_0048_0014" 6167
"/Engine/EngineMaterials/Substrate/GLints/dict_16_192_64_0p5_0p02_0048_0013" 6168
"/Engine/EngineMaterials/Substrate/GLints/dict_16_192_64_0p5_0p02_0048_0012" 6169
"/Engine/EngineMaterials/Substrate/GLints/dict_16_192_64_0p5_0p02_0048_0011" 6170
"/Engine/EngineMaterials/Substrate/GLints/dict_16_192_64_0p5_0p02_0048_0010" 6171
"/Engine/EngineMaterials/Substrate/GLints/dict_16_192_64_0p5_0p02_0048_0009" 6172
"/Engine/EngineMaterials/Substrate/GLints/dict_16_192_64_0p5_0p02_0048_0008" 6173
"/Engine/EngineMaterials/Substrate/GLints/dict_16_192_64_0p5_0p02_0048_0007" 6174
"/Engine/EngineMaterials/Substrate/GLints/dict_16_192_64_0p5_0p02_0048_0006" 6175
"/Engine/EngineMaterials/Substrate/GLints/dict_16_192_64_0p5_0p02_0048_0005" 6176
"/Engine/EngineMaterials/Substrate/GLints/dict_16_192_64_0p5_0p02_0048_0004" 6177
"/Engine/EngineMaterials/Substrate/GLints/dict_16_192_64_0p5_0p02_0048_0003" 6178
"/Engine/EngineMaterials/Substrate/GLints/dict_16_192_64_0p5_0p02_0048_0002" 6179
"/Engine/EngineMaterials/Substrate/GLints/dict_16_192_64_0p5_0p02_0048_0001" 6180
"/Engine/EngineMaterials/Substrate/GLints/dict_16_192_64_0p5_0p02_0048_0000" 6181
"/Engine/EngineMaterials/Substrate/GLints/dict_16_192_64_0p5_0p02_0047_0015" 6182
"/Engine/EngineMaterials/Substrate/GLints/dict_16_192_64_0p5_0p02_0047_0014" 6183
"../../../Engine/Content/EngineMaterials/Substrate/GLints/dict_16_192_64_0p5_0p02_0050_0000.uasset" 6184
"../../../Engine/Content/EngineMaterials/Substrate/GLints/dict_16_192_64_0p5_0p02_0050_0007.uasset" 6185
"../../../Engine/Content/EngineMaterials/Substrate/GLints/dict_16_192_64_0p5_0p02_0050_0002.uasset" 6186
"/Engine/EngineMaterials/Substrate/GLints/dict_16_192_64_0p5_0p02_0049_0013" 6187
"../../../Engine/Content/EngineMaterials/Substrate/GLints/dict_16_192_64_0p5_0p02_0050_0005.uasset" 6188
"../../../Engine/Content/EngineMaterials/Substrate/GLints/dict_16_192_64_0p5_0p02_0049_0015.uasset" 6189
"../../../Engine/Content/EngineMaterials/Substrate/GLints/dict_16_192_64_0p5_0p02_0050_0009.uasset" 6190
"../../../Engine/Content/EngineMaterials/Substrate/GLints/dict_16_192_64_0p5_0p02_0050_0001.uasset" 6191
"../../../Engine/Content/EngineMaterials/Substrate/GLints/dict_16_192_64_0p5_0p02_0050_0010.uasset" 6192
"../../../Engine/Content/EngineMaterials/Substrate/GLints/dict_16_192_64_0p5_0p02_0050_0006.uasset" 6193
"../../../Engine/Content/EngineMaterials/Substrate/GLints/dict_16_192_64_0p5_0p02_0049_0014.uasset" 6194
"../../../Engine/Content/EngineMaterials/Substrate/GLints/dict_16_192_64_0p5_0p02_0050_0011.uasset" 6195
"../../../Engine/Content/EngineMaterials/Substrate/GLints/dict_16_192_64_0p5_0p02_0050_0012.uasset" 6196
"../../../Engine/Content/EngineMaterials/Substrate/GLints/dict_16_192_64_0p5_0p02_0050_0013.uasset" 6197
"../../../Engine/Content/EngineMaterials/Substrate/GLints/dict_16_192_64_0p5_0p02_0050_0003.uasset" 6198
"../../../Engine/Content/EngineMaterials/Substrate/GLints/dict_16_192_64_0p5_0p02_0050_0014.uasset" 6199
"../../../Engine/Content/EngineMaterials/Substrate/GLints/dict_16_192_64_0p5_0p02_0050_0015.uasset" 6200
"../../../Engine/Content/EngineMaterials/Substrate/GLints/dict_16_192_64_0p5_0p02_0051_0000.uasset" 6201
"../../../Engine/Content/EngineMaterials/Substrate/GLints/dict_16_192_64_0p5_0p02_0050_0008.uasset" 6202
"../../../Engine/Content/EngineMaterials/Substrate/GLints/dict_16_192_64_0p5_0p02_0050_0004.uasset" 6203
"/Engine/EngineMaterials/Substrate/GLints/dict_16_192_64_0p5_0p02_0049_0012" 6204
"/Engine/EngineMaterials/Substrate/GLints/dict_16_192_64_0p5_0p02_0049_0011" 6205
"/Engine/EngineMaterials/Substrate/GLints/dict_16_192_64_0p5_0p02_0049_0010" 6206
"/Engine/EngineMaterials/Substrate/GLints/dict_16_192_64_0p5_0p02_0049_0009" 6207
"/Engine/EngineMaterials/Substrate/GLints/dict_16_192_64_0p5_0p02_0049_0008" 6208
"/Engine/EngineMaterials/Substrate/GLints/dict_16_192_64_0p5_0p02_0049_0007" 6209
"/Engine/EngineMaterials/Substrate/GLints/dict_16_192_64_0p5_0p02_0049_0006" 6210
"/Engine/EngineMaterials/Substrate/GLints/dict_16_192_64_0p5_0p02_0049_0005" 6211
"/Engine/EngineMaterials/Substrate/GLints/dict_16_192_64_0p5_0p02_0049_0004" 6212
"/Engine/EngineMaterials/Substrate/GLints/dict_16_192_64_0p5_0p02_0049_0003" 6213
"/Engine/EngineMaterials/Substrate/GLints/dict_16_192_64_0p5_0p02_0049_0002" 6214
"/Engine/EngineMaterials/Substrate/GLints/dict_16_192_64_0p5_0p02_0049_0001" 6215
"../../../Engine/Content/EngineMaterials/Substrate/GLints/dict_16_192_64_0p5_0p02_0051_0004.uasset" 6216
"../../../Engine/Content/EngineMaterials/Substrate/GLints/dict_16_192_64_0p5_0p02_0051_0006.uasset" 6217
"../../../Engine/Content/EngineMaterials/Substrate/GLints/dict_16_192_64_0p5_0p02_0051_0010.uasset" 6218
"../../../Engine/Content/EngineMaterials/Substrate/GLints/dict_16_192_64_0p5_0p02_0051_0001.uasset" 6219
"../../../Engine/Content/EngineMaterials/Substrate/GLints/dict_16_192_64_0p5_0p02_0051_0002.uasset" 6220
"../../../Engine/Content/EngineMaterials/Substrate/GLints/dict_16_192_64_0p5_0p02_0051_0003.uasset" 6221
"../../../Engine/Content/EngineMaterials/Substrate/GLints/dict_16_192_64_0p5_0p02_0051_0011.uasset" 6222
"../../../Engine/Content/EngineMaterials/Substrate/GLints/dict_16_192_64_0p5_0p02_0051_0012.uasset" 6223
"../../../Engine/Content/EngineMaterials/Substrate/GLints/dict_16_192_64_0p5_0p02_0051_0008.uasset" 6224
"../../../Engine/Content/EngineMaterials/Substrate/GLints/dict_16_192_64_0p5_0p02_0051_0013.uasset" 6225
"/Engine/EngineMaterials/Substrate/GLints/dict_16_192_64_0p5_0p02_0051_0000" 6226
"../../../Engine/Content/EngineMaterials/Substrate/GLints/dict_16_192_64_0p5_0p02_0051_0007.uasset" 6227
"../../../Engine/Content/EngineMaterials/Substrate/GLints/dict_16_192_64_0p5_0p02_0051_0005.uasset" 6228
"../../../Engine/Content/EngineMaterials/Substrate/GLints/dict_16_192_64_0p5_0p02_0051_0009.uasset" 6229
"/Engine/EngineMaterials/Substrate/GLints/dict_16_192_64_0p5_0p02_0050_0015" 6230
"/Engine/EngineMaterials/Substrate/GLints/dict_16_192_64_0p5_0p02_0050_0014" 6231
"/Engine/EngineMaterials/Substrate/GLints/dict_16_192_64_0p5_0p02_0050_0013" 6232
"/Engine/EngineMaterials/Substrate/GLints/dict_16_192_64_0p5_0p02_0050_0012" 6233
"/Engine/EngineMaterials/Substrate/GLints/dict_16_192_64_0p5_0p02_0050_0011" 6234
"/Engine/EngineMaterials/Substrate/GLints/dict_16_192_64_0p5_0p02_0050_0010" 6235
"/Engine/EngineMaterials/Substrate/GLints/dict_16_192_64_0p5_0p02_0050_0009" 6236
"/Engine/EngineMaterials/Substrate/GLints/dict_16_192_64_0p5_0p02_0050_0008" 6237
"/Engine/EngineMaterials/Substrate/GLints/dict_16_192_64_0p5_0p02_0050_0007" 6238
"/Engine/EngineMaterials/Substrate/GLints/dict_16_192_64_0p5_0p02_0050_0006" 6239
"/Engine/EngineMaterials/Substrate/GLints/dict_16_192_64_0p5_0p02_0050_0005" 6240
"/Engine/EngineMaterials/Substrate/GLints/dict_16_192_64_0p5_0p02_0050_0004" 6241
"/Engine/EngineMaterials/Substrate/GLints/dict_16_192_64_0p5_0p02_0050_0003" 6242
"/Engine/EngineMaterials/Substrate/GLints/dict_16_192_64_0p5_0p02_0050_0002" 6243
"/Engine/EngineMaterials/Substrate/GLints/dict_16_192_64_0p5_0p02_0050_0001" 6244
"/Engine/EngineMaterials/Substrate/GLints/dict_16_192_64_0p5_0p02_0050_0000" 6245
"/Engine/EngineMaterials/Substrate/GLints/dict_16_192_64_0p5_0p02_0049_0015" 6246
"/Engine/EngineMaterials/Substrate/GLints/dict_16_192_64_0p5_0p02_0049_0014" 6247
"../../../Engine/Content/EngineMaterials/Substrate/GLints/dict_16_192_64_0p5_0p02_0052_0001.uasset" 6248
"../../../Engine/Content/EngineMaterials/Substrate/GLints/dict_16_192_64_0p5_0p02_0052_0005.uasset" 6249
"../../../Engine/Content/EngineMaterials/Substrate/GLints/dict_16_192_64_0p5_0p02_0051_0014.uasset" 6250
"/Engine/EngineMaterials/Substrate/GLints/dict_16_192_64_0p5_0p02_0051_0013" 6251
"../../../Engine/Content/EngineMaterials/Substrate/GLints/dict_16_192_64_0p5_0p02_0052_0004.uasset" 6252
"../../../Engine/Content/EngineMaterials/Substrate/GLints/dict_16_192_64_0p5_0p02_0052_0003.uasset" 6253
"../../../Engine/Content/EngineMaterials/Substrate/GLints/dict_16_192_64_0p5_0p02_0052_0000.uasset" 6254
"../../../Engine/Content/EngineMaterials/Substrate/GLints/dict_16_192_64_0p5_0p02_0052_0008.uasset" 6255
"../../../Engine/Content/EngineMaterials/Substrate/GLints/dict_16_192_64_0p5_0p02_0052_0007.uasset" 6256
"../../../Engine/Content/EngineMaterials/Substrate/GLints/dict_16_192_64_0p5_0p02_0051_0015.uasset" 6257
"../../../Engine/Content/EngineMaterials/Substrate/GLints/dict_16_192_64_0p5_0p02_0052_0009.uasset" 6258
"../../../Engine/Content/EngineMaterials/Substrate/GLints/dict_16_192_64_0p5_0p02_0052_0002.uasset" 6259
"../../../Engine/Content/EngineMaterials/Substrate/GLints/dict_16_192_64_0p5_0p02_0052_0013.uasset" 6260
"../../../Engine/Content/EngineMaterials/Substrate/GLints/dict_16_192_64_0p5_0p02_0052_0011.uasset" 6261
"../../../Engine/Content/EngineMaterials/Substrate/GLints/dict_16_192_64_0p5_0p02_0052_0014.uasset" 6262
"../../../Engine/Content/EngineMaterials/Substrate/GLints/dict_16_192_64_0p5_0p02_0052_0012.uasset" 6263
"../../../Engine/Content/EngineMaterials/Substrate/GLints/dict_16_192_64_0p5_0p02_0052_0015.uasset" 6264
"../../../Engine/Content/EngineMaterials/Substrate/GLints/dict_16_192_64_0p5_0p02_0053_0000.uasset" 6265
"../../../Engine/Content/EngineMaterials/Substrate/GLints/dict_16_192_64_0p5_0p02_0052_0006.uasset" 6266
"../../../Engine/Content/EngineMaterials/Substrate/GLints/dict_16_192_64_0p5_0p02_0052_0010.uasset" 6267
"/Engine/EngineMaterials/Substrate/GLints/dict_16_192_64_0p5_0p02_0051_0012" 6268
"/Engine/EngineMaterials/Substrate/GLints/dict_16_192_64_0p5_0p02_0051_0011" 6269
"/Engine/EngineMaterials/Substrate/GLints/dict_16_192_64_0p5_0p02_0051_0010" 6270
"/Engine/EngineMaterials/Substrate/GLints/dict_16_192_64_0p5_0p02_0051_0009" 6271
"/Engine/EngineMaterials/Substrate/GLints/dict_16_192_64_0p5_0p02_0051_0008" 6272
"/Engine/EngineMaterials/Substrate/GLints/dict_16_192_64_0p5_0p02_0051_0007" 6273
"/Engine/EngineMaterials/Substrate/GLints/dict_16_192_64_0p5_0p02_0051_0006" 6274
"/Engine/EngineMaterials/Substrate/GLints/dict_16_192_64_0p5_0p02_0051_0005" 6275
"/Engine/EngineMaterials/Substrate/GLints/dict_16_192_64_0p5_0p02_0051_0004" 6276
"/Engine/EngineMaterials/Substrate/GLints/dict_16_192_64_0p5_0p02_0051_0003" 6277
"/Engine/EngineMaterials/Substrate/GLints/dict_16_192_64_0p5_0p02_0051_0002" 6278
"/Engine/EngineMaterials/Substrate/GLints/dict_16_192_64_0p5_0p02_0051_0001" 6279
"../../../Engine/Content/EngineMaterials/Substrate/GLints/dict_16_192_64_0p5_0p02_0053_0003.uasset" 6280
"../../../Engine/Content/EngineMaterials/Substrate/GLints/dict_16_192_64_0p5_0p02_0053_0008.uasset" 6281
"../../../Engine/Content/EngineMaterials/Substrate/GLints/dict_16_192_64_0p5_0p02_0053_0001.uasset" 6282
"../../../Engine/Content/EngineMaterials/Substrate/GLints/dict_16_192_64_0p5_0p02_0053_0009.uasset" 6283
"../../../Engine/Content/EngineMaterials/Substrate/GLints/dict_16_192_64_0p5_0p02_0053_0010.uasset" 6284
"../../../Engine/Content/EngineMaterials/Substrate/GLints/dict_16_192_64_0p5_0p02_0053_0002.uasset" 6285
"../../../Engine/Content/EngineMaterials/Substrate/GLints/dict_16_192_64_0p5_0p02_0053_0004.uasset" 6286
"../../../Engine/Content/EngineMaterials/Substrate/GLints/dict_16_192_64_0p5_0p02_0053_0013.uasset" 6287
"../../../Engine/Content/EngineMaterials/Substrate/GLints/dict_16_192_64_0p5_0p02_0053_0005.uasset" 6288
"../../../Engine/Content/EngineMaterials/Substrate/GLints/dict_16_192_64_0p5_0p02_0053_0006.uasset" 6289
"../../../Engine/Content/EngineMaterials/Substrate/GLints/dict_16_192_64_0p5_0p02_0053_0007.uasset" 6290
"/Engine/EngineMaterials/Substrate/GLints/dict_16_192_64_0p5_0p02_0053_0000" 6291
"../../../Engine/Content/EngineMaterials/Substrate/GLints/dict_16_192_64_0p5_0p02_0053_0011.uasset" 6292
"../../../Engine/Content/EngineMaterials/Substrate/GLints/dict_16_192_64_0p5_0p02_0053_0012.uasset" 6293
"/Engine/EngineMaterials/Substrate/GLints/dict_16_192_64_0p5_0p02_0052_0015" 6294
"/Engine/EngineMaterials/Substrate/GLints/dict_16_192_64_0p5_0p02_0052_0014" 6295
"/Engine/EngineMaterials/Substrate/GLints/dict_16_192_64_0p5_0p02_0052_0013" 6296
"/Engine/EngineMaterials/Substrate/GLints/dict_16_192_64_0p5_0p02_0052_0012" 6297
"/Engine/EngineMaterials/Substrate/GLints/dict_16_192_64_0p5_0p02_0052_0011" 6298
"/Engine/EngineMaterials/Substrate/GLints/dict_16_192_64_0p5_0p02_0052_0010" 6299
"/Engine/EngineMaterials/Substrate/GLints/dict_16_192_64_0p5_0p02_0052_0009" 6300
"/Engine/EngineMaterials/Substrate/GLints/dict_16_192_64_0p5_0p02_0052_0008" 6301
"/Engine/EngineMaterials/Substrate/GLints/dict_16_192_64_0p5_0p02_0052_0007" 6302
"/Engine/EngineMaterials/Substrate/GLints/dict_16_192_64_0p5_0p02_0052_0006" 6303
"/Engine/EngineMaterials/Substrate/GLints/dict_16_192_64_0p5_0p02_0052_0005" 6304
"/Engine/EngineMaterials/Substrate/GLints/dict_16_192_64_0p5_0p02_0052_0004" 6305
"/Engine/EngineMaterials/Substrate/GLints/dict_16_192_64_0p5_0p02_0052_0003" 6306
"/Engine/EngineMaterials/Substrate/GLints/dict_16_192_64_0p5_0p02_0052_0002" 6307
"/Engine/EngineMaterials/Substrate/GLints/dict_16_192_64_0p5_0p02_0052_0001" 6308
"/Engine/EngineMaterials/Substrate/GLints/dict_16_192_64_0p5_0p02_0052_0000" 6309
"/Engine/EngineMaterials/Substrate/GLints/dict_16_192_64_0p5_0p02_0051_0015" 6310
"/Engine/EngineMaterials/Substrate/GLints/dict_16_192_64_0p5_0p02_0051_0014" 6311
"../../../Engine/Content/EngineMaterials/Substrate/GLints/dict_16_192_64_0p5_0p02_0054_0001.uasset" 6312
"../../../Engine/Content/EngineMaterials/Substrate/GLints/dict_16_192_64_0p5_0p02_0054_0005.uasset" 6313
"/Engine/EngineMaterials/Substrate/GLints/dict_16_192_64_0p5_0p02_0053_0013" 6314
"../../../Engine/Content/EngineMaterials/Substrate/GLints/dict_16_192_64_0p5_0p02_0054_0000.uasset" 6315
"../../../Engine/Content/EngineMaterials/Substrate/GLints/dict_16_192_64_0p5_0p02_0053_0014.uasset" 6316
"../../../Engine/Content/EngineMaterials/Substrate/GLints/dict_16_192_64_0p5_0p02_0054_0008.uasset" 6317
"../../../Engine/Content/EngineMaterials/Substrate/GLints/dict_16_192_64_0p5_0p02_0054_0009.uasset" 6318
"../../../Engine/Content/EngineMaterials/Substrate/GLints/dict_16_192_64_0p5_0p02_0054_0004.uasset" 6319
"../../../Engine/Content/EngineMaterials/Substrate/GLints/dict_16_192_64_0p5_0p02_0054_0006.uasset" 6320
"../../../Engine/Content/EngineMaterials/Substrate/GLints/dict_16_192_64_0p5_0p02_0054_0010.uasset" 6321
"../../../Engine/Content/EngineMaterials/Substrate/GLints/dict_16_192_64_0p5_0p02_0054_0012.uasset" 6322
"../../../Engine/Content/EngineMaterials/Substrate/GLints/dict_16_192_64_0p5_0p02_0053_0015.uasset" 6323
"../../../Engine/Content/EngineMaterials/Substrate/GLints/dict_16_192_64_0p5_0p02_0054_0013.uasset" 6324
"../../../Engine/Content/EngineMaterials/Substrate/GLints/dict_16_192_64_0p5_0p02_0054_0015.uasset" 6325
"../../../Engine/Content/EngineMaterials/Substrate/GLints/dict_16_192_64_0p5_0p02_0054_0007.uasset" 6326
"../../../Engine/Content/EngineMaterials/Substrate/GLints/dict_16_192_64_0p5_0p02_0055_0000.uasset" 6327
"../../../Engine/Content/EngineMaterials/Substrate/GLints/dict_16_192_64_0p5_0p02_0054_0014.uasset" 6328
"../../../Engine/Content/EngineMaterials/Substrate/GLints/dict_16_192_64_0p5_0p02_0054_0011.uasset" 6329
"../../../Engine/Content/EngineMaterials/Substrate/GLints/dict_16_192_64_0p5_0p02_0054_0003.uasset" 6330
"../../../Engine/Content/EngineMaterials/Substrate/GLints/dict_16_192_64_0p5_0p02_0054_0002.uasset" 6331
"/Engine/EngineMaterials/Substrate/GLints/dict_16_192_64_0p5_0p02_0053_0012" 6332
"/Engine/EngineMaterials/Substrate/GLints/dict_16_192_64_0p5_0p02_0053_0011" 6333
"/Engine/EngineMaterials/Substrate/GLints/dict_16_192_64_0p5_0p02_0053_0010" 6334
"/Engine/EngineMaterials/Substrate/GLints/dict_16_192_64_0p5_0p02_0053_0009" 6335
"/Engine/EngineMaterials/Substrate/GLints/dict_16_192_64_0p5_0p02_0053_0008" 6336
"/Engine/EngineMaterials/Substrate/GLints/dict_16_192_64_0p5_0p02_0053_0007" 6337
"/Engine/EngineMaterials/Substrate/GLints/dict_16_192_64_0p5_0p02_0053_0006" 6338
"/Engine/EngineMaterials/Substrate/GLints/dict_16_192_64_0p5_0p02_0053_0005" 6339
"/Engine/EngineMaterials/Substrate/GLints/dict_16_192_64_0p5_0p02_0053_0004" 6340
"/Engine/EngineMaterials/Substrate/GLints/dict_16_192_64_0p5_0p02_0053_0003" 6341
"/Engine/EngineMaterials/Substrate/GLints/dict_16_192_64_0p5_0p02_0053_0002" 6342
"/Engine/EngineMaterials/Substrate/GLints/dict_16_192_64_0p5_0p02_0053_0001" 6343
"../../../Engine/Content/EngineMaterials/Substrate/GLints/dict_16_192_64_0p5_0p02_0055_0005.uasset" 6344
"../../../Engine/Content/EngineMaterials/Substrate/GLints/dict_16_192_64_0p5_0p02_0055_0009.uasset" 6345
"../../../Engine/Content/EngineMaterials/Substrate/GLints/dict_16_192_64_0p5_0p02_0055_0002.uasset" 6346
"../../../Engine/Content/EngineMaterials/Substrate/GLints/dict_16_192_64_0p5_0p02_0055_0006.uasset" 6347
"/Engine/EngineMaterials/Substrate/GLints/dict_16_192_64_0p5_0p02_0055_0000" 6348
"../../../Engine/Content/EngineMaterials/Substrate/GLints/dict_16_192_64_0p5_0p02_0055_0008.uasset" 6349
"../../../Engine/Content/EngineMaterials/Substrate/GLints/dict_16_192_64_0p5_0p02_0055_0007.uasset" 6350
"../../../Engine/Content/EngineMaterials/Substrate/GLints/dict_16_192_64_0p5_0p02_0055_0010.uasset" 6351
"../../../Engine/Content/EngineMaterials/Substrate/GLints/dict_16_192_64_0p5_0p02_0055_0004.uasset" 6352
"../../../Engine/Content/EngineMaterials/Substrate/GLints/dict_16_192_64_0p5_0p02_0055_0003.uasset" 6353
"../../../Engine/Content/EngineMaterials/Substrate/GLints/dict_16_192_64_0p5_0p02_0055_0011.uasset" 6354
"../../../Engine/Content/EngineMaterials/Substrate/GLints/dict_16_192_64_0p5_0p02_0055_0001.uasset" 6355
"../../../Engine/Content/EngineMaterials/Substrate/GLints/dict_16_192_64_0p5_0p02_0055_0012.uasset" 6356
"../../../Engine/Content/EngineMaterials/Substrate/GLints/dict_16_192_64_0p5_0p02_0055_0013.uasset" 6357
"/Engine/EngineMaterials/Substrate/GLints/dict_16_192_64_0p5_0p02_0054_0015" 6358
"/Engine/EngineMaterials/Substrate/GLints/dict_16_192_64_0p5_0p02_0054_0014" 6359
"/Engine/EngineMaterials/Substrate/GLints/dict_16_192_64_0p5_0p02_0054_0013" 6360
"/Engine/EngineMaterials/Substrate/GLints/dict_16_192_64_0p5_0p02_0054_0012" 6361
"/Engine/EngineMaterials/Substrate/GLints/dict_16_192_64_0p5_0p02_0054_0011" 6362
"/Engine/EngineMaterials/Substrate/GLints/dict_16_192_64_0p5_0p02_0054_0010" 6363
"/Engine/EngineMaterials/Substrate/GLints/dict_16_192_64_0p5_0p02_0054_0009" 6364
"/Engine/EngineMaterials/Substrate/GLints/dict_16_192_64_0p5_0p02_0054_0008" 6365
"/Engine/EngineMaterials/Substrate/GLints/dict_16_192_64_0p5_0p02_0054_0007" 6366
"/Engine/EngineMaterials/Substrate/GLints/dict_16_192_64_0p5_0p02_0054_0006" 6367
"/Engine/EngineMaterials/Substrate/GLints/dict_16_192_64_0p5_0p02_0054_0005" 6368
"/Engine/EngineMaterials/Substrate/GLints/dict_16_192_64_0p5_0p02_0054_0004" 6369
"/Engine/EngineMaterials/Substrate/GLints/dict_16_192_64_0p5_0p02_0054_0003" 6370
"/Engine/EngineMaterials/Substrate/GLints/dict_16_192_64_0p5_0p02_0054_0002" 6371
"/Engine/EngineMaterials/Substrate/GLints/dict_16_192_64_0p5_0p02_0054_0001" 6372
"/Engine/EngineMaterials/Substrate/GLints/dict_16_192_64_0p5_0p02_0054_0000" 6373
"/Engine/EngineMaterials/Substrate/GLints/dict_16_192_64_0p5_0p02_0053_0015" 6374
"/Engine/EngineMaterials/Substrate/GLints/dict_16_192_64_0p5_0p02_0053_0014" 6375
"../../../Engine/Content/EngineMaterials/Substrate/GLints/dict_16_192_64_0p5_0p02_0056_0000.uasset" 6376
"../../../Engine/Content/EngineMaterials/Substrate/GLints/dict_16_192_64_0p5_0p02_0055_0015.uasset" 6377
"../../../Engine/Content/EngineMaterials/Substrate/GLints/dict_16_192_64_0p5_0p02_0056_0002.uasset" 6378
"../../../Engine/Content/EngineMaterials/Substrate/GLints/dict_16_192_64_0p5_0p02_0056_0005.uasset" 6379
"/Engine/EngineMaterials/Substrate/GLints/dict_16_192_64_0p5_0p02_0055_0013" 6380
"../../../Engine/Content/EngineMaterials/Substrate/GLints/dict_16_192_64_0p5_0p02_0056_0001.uasset" 6381
"../../../Engine/Content/EngineMaterials/Substrate/GLints/dict_16_192_64_0p5_0p02_0056_0007.uasset" 6382
"../../../Engine/Content/EngineMaterials/Substrate/GLints/dict_16_192_64_0p5_0p02_0056_0006.uasset" 6383
"../../../Engine/Content/EngineMaterials/Substrate/GLints/dict_16_192_64_0p5_0p02_0056_0009.uasset" 6384
"../../../Engine/Content/EngineMaterials/Substrate/GLints/dict_16_192_64_0p5_0p02_0056_0011.uasset" 6385
"../../../Engine/Content/EngineMaterials/Substrate/GLints/dict_16_192_64_0p5_0p02_0055_0014.uasset" 6386
"../../../Engine/Content/EngineMaterials/Substrate/GLints/dict_16_192_64_0p5_0p02_0056_0004.uasset" 6387
"../../../Engine/Content/EngineMaterials/Substrate/GLints/dict_16_192_64_0p5_0p02_0056_0013.uasset" 6388
"../../../Engine/Content/EngineMaterials/Substrate/GLints/dict_16_192_64_0p5_0p02_0056_0003.uasset" 6389
"../../../Engine/Content/EngineMaterials/Substrate/GLints/dict_16_192_64_0p5_0p02_0056_0015.uasset" 6390
"../../../Engine/Content/EngineMaterials/Substrate/GLints/dict_16_192_64_0p5_0p02_0056_0008.uasset" 6391
"../../../Engine/Content/EngineMaterials/Substrate/GLints/dict_16_192_64_0p5_0p02_0056_0012.uasset" 6392
"../../../Engine/Content/EngineMaterials/Substrate/GLints/dict_16_192_64_0p5_0p02_0056_0010.uasset" 6393
"../../../Engine/Content/EngineMaterials/Substrate/GLints/dict_16_192_64_0p5_0p02_0056_0014.uasset" 6394
"../../../Engine/Content/EngineMaterials/Substrate/GLints/dict_16_192_64_0p5_0p02_0057_0000.uasset" 6395
"/Engine/EngineMaterials/Substrate/GLints/dict_16_192_64_0p5_0p02_0055_0012" 6396
"/Engine/EngineMaterials/Substrate/GLints/dict_16_192_64_0p5_0p02_0055_0011" 6397
"/Engine/EngineMaterials/Substrate/GLints/dict_16_192_64_0p5_0p02_0055_0010" 6398
"/Engine/EngineMaterials/Substrate/GLints/dict_16_192_64_0p5_0p02_0055_0009" 6399
"/Engine/EngineMaterials/Substrate/GLints/dict_16_192_64_0p5_0p02_0055_0008" 6400
"/Engine/EngineMaterials/Substrate/GLints/dict_16_192_64_0p5_0p02_0055_0007" 6401
"/Engine/EngineMaterials/Substrate/GLints/dict_16_192_64_0p5_0p02_0055_0006" 6402
"/Engine/EngineMaterials/Substrate/GLints/dict_16_192_64_0p5_0p02_0055_0005" 6403
"/Engine/EngineMaterials/Substrate/GLints/dict_16_192_64_0p5_0p02_0055_0004" 6404
"/Engine/EngineMaterials/Substrate/GLints/dict_16_192_64_0p5_0p02_0055_0003" 6405
"/Engine/EngineMaterials/Substrate/GLints/dict_16_192_64_0p5_0p02_0055_0002" 6406
"/Engine/EngineMaterials/Substrate/GLints/dict_16_192_64_0p5_0p02_0055_0001" 6407
"../../../Engine/Content/EngineMaterials/Substrate/GLints/dict_16_192_64_0p5_0p02_0057_0002.uasset" 6408
"../../../Engine/Content/EngineMaterials/Substrate/GLints/dict_16_192_64_0p5_0p02_0057_0010.uasset" 6409
"../../../Engine/Content/EngineMaterials/Substrate/GLints/dict_16_192_64_0p5_0p02_0057_0005.uasset" 6410
"../../../Engine/Content/EngineMaterials/Substrate/GLints/dict_16_192_64_0p5_0p02_0057_0009.uasset" 6411
"../../../Engine/Content/EngineMaterials/Substrate/GLints/dict_16_192_64_0p5_0p02_0057_0006.uasset" 6412
"../../../Engine/Content/EngineMaterials/Substrate/GLints/dict_16_192_64_0p5_0p02_0057_0003.uasset" 6413
"../../../Engine/Content/EngineMaterials/Substrate/GLints/dict_16_192_64_0p5_0p02_0057_0001.uasset" 6414
"/Engine/EngineMaterials/Substrate/GLints/dict_16_192_64_0p5_0p02_0057_0000" 6415
"../../../Engine/Content/EngineMaterials/Substrate/GLints/dict_16_192_64_0p5_0p02_0057_0004.uasset" 6416
"../../../Engine/Content/EngineMaterials/Substrate/GLints/dict_16_192_64_0p5_0p02_0057_0013.uasset" 6417
"../../../Engine/Content/EngineMaterials/Substrate/GLints/dict_16_192_64_0p5_0p02_0057_0007.uasset" 6418
"../../../Engine/Content/EngineMaterials/Substrate/GLints/dict_16_192_64_0p5_0p02_0057_0008.uasset" 6419
"../../../Engine/Content/EngineMaterials/Substrate/GLints/dict_16_192_64_0p5_0p02_0057_0012.uasset" 6420
"../../../Engine/Content/EngineMaterials/Substrate/GLints/dict_16_192_64_0p5_0p02_0057_0011.uasset" 6421
"/Engine/EngineMaterials/Substrate/GLints/dict_16_192_64_0p5_0p02_0056_0015" 6422
"/Engine/EngineMaterials/Substrate/GLints/dict_16_192_64_0p5_0p02_0056_0014" 6423
"/Engine/EngineMaterials/Substrate/GLints/dict_16_192_64_0p5_0p02_0056_0013" 6424
"/Engine/EngineMaterials/Substrate/GLints/dict_16_192_64_0p5_0p02_0056_0012" 6425
"/Engine/EngineMaterials/Substrate/GLints/dict_16_192_64_0p5_0p02_0056_0011" 6426
"/Engine/EngineMaterials/Substrate/GLints/dict_16_192_64_0p5_0p02_0056_0010" 6427
"/Engine/EngineMaterials/Substrate/GLints/dict_16_192_64_0p5_0p02_0056_0009" 6428
"/Engine/EngineMaterials/Substrate/GLints/dict_16_192_64_0p5_0p02_0056_0008" 6429
"/Engine/EngineMaterials/Substrate/GLints/dict_16_192_64_0p5_0p02_0056_0007" 6430
"/Engine/EngineMaterials/Substrate/GLints/dict_16_192_64_0p5_0p02_0056_0006" 6431
"/Engine/EngineMaterials/Substrate/GLints/dict_16_192_64_0p5_0p02_0056_0005" 6432
"/Engine/EngineMaterials/Substrate/GLints/dict_16_192_64_0p5_0p02_0056_0004" 6433
"/Engine/EngineMaterials/Substrate/GLints/dict_16_192_64_0p5_0p02_0056_0003" 6434
"/Engine/EngineMaterials/Substrate/GLints/dict_16_192_64_0p5_0p02_0056_0002" 6435
"/Engine/EngineMaterials/Substrate/GLints/dict_16_192_64_0p5_0p02_0056_0001" 6436
"/Engine/EngineMaterials/Substrate/GLints/dict_16_192_64_0p5_0p02_0056_0000" 6437
"/Engine/EngineMaterials/Substrate/GLints/dict_16_192_64_0p5_0p02_0055_0015" 6438
"/Engine/EngineMaterials/Substrate/GLints/dict_16_192_64_0p5_0p02_0055_0014" 6439
"../../../Engine/Content/EngineMaterials/Substrate/GLints/dict_16_192_64_0p5_0p02_0057_0015.uasset" 6440
"../../../Engine/Content/EngineMaterials/Substrate/GLints/dict_16_192_64_0p5_0p02_0058_0006.uasset" 6441
"../../../Engine/Content/EngineMaterials/Substrate/GLints/dict_16_192_64_0p5_0p02_0058_0005.uasset" 6442
"/Engine/EngineMaterials/Substrate/GLints/dict_16_192_64_0p5_0p02_0057_0013" 6443
"../../../Engine/Content/EngineMaterials/Substrate/GLints/dict_16_192_64_0p5_0p02_0058_0002.uasset" 6444
"../../../Engine/Content/EngineMaterials/Substrate/GLints/dict_16_192_64_0p5_0p02_0058_0004.uasset" 6445
"../../../Engine/Content/EngineMaterials/Substrate/GLints/dict_16_192_64_0p5_0p02_0058_0001.uasset" 6446
"../../../Engine/Content/EngineMaterials/Substrate/GLints/dict_16_192_64_0p5_0p02_0058_0009.uasset" 6447
"../../../Engine/Content/EngineMaterials/Substrate/GLints/dict_16_192_64_0p5_0p02_0058_0010.uasset" 6448
"../../../Engine/Content/EngineMaterials/Substrate/GLints/dict_16_192_64_0p5_0p02_0058_0000.uasset" 6449
"../../../Engine/Content/EngineMaterials/Substrate/GLints/dict_16_192_64_0p5_0p02_0057_0014.uasset" 6450
"../../../Engine/Content/EngineMaterials/Substrate/GLints/dict_16_192_64_0p5_0p02_0058_0003.uasset" 6451
"../../../Engine/Content/EngineMaterials/Substrate/GLints/dict_16_192_64_0p5_0p02_0058_0012.uasset" 6452
"../../../Engine/Content/EngineMaterials/Substrate/GLints/dict_16_192_64_0p5_0p02_0058_0013.uasset" 6453
"../../../Engine/Content/EngineMaterials/Substrate/GLints/dict_16_192_64_0p5_0p02_0058_0014.uasset" 6454
"../../../Engine/Content/EngineMaterials/Substrate/GLints/dict_16_192_64_0p5_0p02_0058_0008.uasset" 6455
"../../../Engine/Content/EngineMaterials/Substrate/GLints/dict_16_192_64_0p5_0p02_0059_0000.uasset" 6456
"../../../Engine/Content/EngineMaterials/Substrate/GLints/dict_16_192_64_0p5_0p02_0058_0015.uasset" 6457
"../../../Engine/Content/EngineMaterials/Substrate/GLints/dict_16_192_64_0p5_0p02_0058_0007.uasset" 6458
"../../../Engine/Content/EngineMaterials/Substrate/GLints/dict_16_192_64_0p5_0p02_0058_0011.uasset" 6459
"/Engine/EngineMaterials/Substrate/GLints/dict_16_192_64_0p5_0p02_0057_0012" 6460
"/Engine/EngineMaterials/Substrate/GLints/dict_16_192_64_0p5_0p02_0057_0011" 6461
"/Engine/EngineMaterials/Substrate/GLints/dict_16_192_64_0p5_0p02_0057_0010" 6462
"/Engine/EngineMaterials/Substrate/GLints/dict_16_192_64_0p5_0p02_0057_0009" 6463
"/Engine/EngineMaterials/Substrate/GLints/dict_16_192_64_0p5_0p02_0057_0008" 6464
"/Engine/EngineMaterials/Substrate/GLints/dict_16_192_64_0p5_0p02_0057_0007" 6465
"/Engine/EngineMaterials/Substrate/GLints/dict_16_192_64_0p5_0p02_0057_0006" 6466
"/Engine/EngineMaterials/Substrate/GLints/dict_16_192_64_0p5_0p02_0057_0005" 6467
"/Engine/EngineMaterials/Substrate/GLints/dict_16_192_64_0p5_0p02_0057_0004" 6468
"/Engine/EngineMaterials/Substrate/GLints/dict_16_192_64_0p5_0p02_0057_0003" 6469
"/Engine/EngineMaterials/Substrate/GLints/dict_16_192_64_0p5_0p02_0057_0002" 6470
"/Engine/EngineMaterials/Substrate/GLints/dict_16_192_64_0p5_0p02_0057_0001" 6471
"../../../Engine/Content/EngineMaterials/Substrate/GLints/dict_16_192_64_0p5_0p02_0059_0002.uasset" 6472
"../../../Engine/Content/EngineMaterials/Substrate/GLints/dict_16_192_64_0p5_0p02_0059_0004.uasset" 6473
"../../../Engine/Content/EngineMaterials/Substrate/GLints/dict_16_192_64_0p5_0p02_0059_0009.uasset" 6474
"../../../Engine/Content/EngineMaterials/Substrate/GLints/dict_16_192_64_0p5_0p02_0059_0010.uasset" 6475
"../../../Engine/Content/EngineMaterials/Substrate/GLints/dict_16_192_64_0p5_0p02_0059_0007.uasset" 6476
"/Engine/EngineMaterials/Substrate/GLints/dict_16_192_64_0p5_0p02_0059_0000" 6477
"../../../Engine/Content/EngineMaterials/Substrate/GLints/dict_16_192_64_0p5_0p02_0059_0006.uasset" 6478
"../../../Engine/Content/EngineMaterials/Substrate/GLints/dict_16_192_64_0p5_0p02_0059_0003.uasset" 6479
"../../../Engine/Content/EngineMaterials/Substrate/GLints/dict_16_192_64_0p5_0p02_0059_0011.uasset" 6480
"../../../Engine/Content/EngineMaterials/Substrate/GLints/dict_16_192_64_0p5_0p02_0059_0012.uasset" 6481
"../../../Engine/Content/EngineMaterials/Substrate/GLints/dict_16_192_64_0p5_0p02_0059_0013.uasset" 6482
"../../../Engine/Content/EngineMaterials/Substrate/GLints/dict_16_192_64_0p5_0p02_0059_0001.uasset" 6483
"../../../Engine/Content/EngineMaterials/Substrate/GLints/dict_16_192_64_0p5_0p02_0059_0005.uasset" 6484
"../../../Engine/Content/EngineMaterials/Substrate/GLints/dict_16_192_64_0p5_0p02_0059_0008.uasset" 6485
"/Engine/EngineMaterials/Substrate/GLints/dict_16_192_64_0p5_0p02_0058_0015" 6486
"/Engine/EngineMaterials/Substrate/GLints/dict_16_192_64_0p5_0p02_0058_0014" 6487
"/Engine/EngineMaterials/Substrate/GLints/dict_16_192_64_0p5_0p02_0058_0013" 6488
"/Engine/EngineMaterials/Substrate/GLints/dict_16_192_64_0p5_0p02_0058_0012" 6489
"/Engine/EngineMaterials/Substrate/GLints/dict_16_192_64_0p5_0p02_0058_0011" 6490
"/Engine/EngineMaterials/Substrate/GLints/dict_16_192_64_0p5_0p02_0058_0010" 6491
"/Engine/EngineMaterials/Substrate/GLints/dict_16_192_64_0p5_0p02_0058_0009" 6492
"/Engine/EngineMaterials/Substrate/GLints/dict_16_192_64_0p5_0p02_0058_0008" 6493
"/Engine/EngineMaterials/Substrate/GLints/dict_16_192_64_0p5_0p02_0058_0007" 6494
"/Engine/EngineMaterials/Substrate/GLints/dict_16_192_64_0p5_0p02_0058_0006" 6495
"/Engine/EngineMaterials/Substrate/GLints/dict_16_192_64_0p5_0p02_0058_0005" 6496
"/Engine/EngineMaterials/Substrate/GLints/dict_16_192_64_0p5_0p02_0058_0004" 6497
"/Engine/EngineMaterials/Substrate/GLints/dict_16_192_64_0p5_0p02_0058_0003" 6498
"/Engine/EngineMaterials/Substrate/GLints/dict_16_192_64_0p5_0p02_0058_0002" 6499
"/Engine/EngineMaterials/Substrate/GLints/dict_16_192_64_0p5_0p02_0058_0001" 6500
"/Engine/EngineMaterials/Substrate/GLints/dict_16_192_64_0p5_0p02_0058_0000" 6501
"/Engine/EngineMaterials/Substrate/GLints/dict_16_192_64_0p5_0p02_0057_0015" 6502
"/Engine/EngineMaterials/Substrate/GLints/dict_16_192_64_0p5_0p02_0057_0014" 6503
"../../../Engine/Content/EngineMaterials/Substrate/GLints/dict_16_192_64_0p5_0p02_0059_0014.uasset" 6504
"../../../Engine/Content/EngineMaterials/Substrate/GLints/dict_16_192_64_0p5_0p02_0059_0015.uasset" 6505
"../../../Engine/Content/EngineMaterials/Substrate/GLints/dict_16_192_64_0p5_0p02_0060_0000.uasset" 6506
"../../../Engine/Content/EngineMaterials/Substrate/GLints/dict_16_192_64_0p5_0p02_0060_0001.uasset" 6507
"../../../Engine/Content/EngineMaterials/Substrate/GLints/dict_16_192_64_0p5_0p02_0060_0002.uasset" 6508
"../../../Engine/Content/EngineMaterials/Substrate/GLints/dict_16_192_64_0p5_0p02_0060_0006.uasset" 6509
"../../../Engine/Content/EngineMaterials/Substrate/GLints/dict_16_192_64_0p5_0p02_0060_0005.uasset" 6510
"../../../Engine/Content/EngineMaterials/Substrate/GLints/dict_16_192_64_0p5_0p02_0060_0009.uasset" 6511
"../../../Engine/Content/EngineMaterials/Substrate/GLints/dict_16_192_64_0p5_0p02_0060_0003.uasset" 6512
"../../../Engine/Content/EngineMaterials/Substrate/GLints/dict_16_192_64_0p5_0p02_0060_0010.uasset" 6513
"../../../Engine/Content/EngineMaterials/Substrate/GLints/dict_16_192_64_0p5_0p02_0060_0013.uasset" 6514
"../../../Engine/Content/EngineMaterials/Substrate/GLints/dict_16_192_64_0p5_0p02_0060_0011.uasset" 6515
"../../../Engine/Content/EngineMaterials/Substrate/GLints/dict_16_192_64_0p5_0p02_0060_0012.uasset" 6516
"../../../Engine/Content/EngineMaterials/Substrate/GLints/dict_16_192_64_0p5_0p02_0061_0000.uasset" 6517
"../../../Engine/Content/EngineMaterials/Substrate/GLints/dict_16_192_64_0p5_0p02_0060_0008.uasset" 6518
"../../../Engine/Content/EngineMaterials/Substrate/GLints/dict_16_192_64_0p5_0p02_0060_0007.uasset" 6519
"../../../Engine/Content/EngineMaterials/Substrate/GLints/dict_16_192_64_0p5_0p02_0060_0015.uasset" 6520
"../../../Engine/Content/EngineMaterials/Substrate/GLints/dict_16_192_64_0p5_0p02_0060_0004.uasset" 6521
"/Engine/EngineMaterials/Substrate/GLints/dict_16_192_64_0p5_0p02_0059_0013" 6522
"../../../Engine/Content/EngineMaterials/Substrate/GLints/dict_16_192_64_0p5_0p02_0060_0014.uasset" 6523
"/Engine/EngineMaterials/Substrate/GLints/dict_16_192_64_0p5_0p02_0059_0012" 6524
"/Engine/EngineMaterials/Substrate/GLints/dict_16_192_64_0p5_0p02_0059_0011" 6525
"/Engine/EngineMaterials/Substrate/GLints/dict_16_192_64_0p5_0p02_0059_0010" 6526
"/Engine/EngineMaterials/Substrate/GLints/dict_16_192_64_0p5_0p02_0059_0009" 6527
"/Engine/EngineMaterials/Substrate/GLints/dict_16_192_64_0p5_0p02_0059_0008" 6528
"/Engine/EngineMaterials/Substrate/GLints/dict_16_192_64_0p5_0p02_0059_0007" 6529
"/Engine/EngineMaterials/Substrate/GLints/dict_16_192_64_0p5_0p02_0059_0006" 6530
"/Engine/EngineMaterials/Substrate/GLints/dict_16_192_64_0p5_0p02_0059_0005" 6531
"/Engine/EngineMaterials/Substrate/GLints/dict_16_192_64_0p5_0p02_0059_0004" 6532
"/Engine/EngineMaterials/Substrate/GLints/dict_16_192_64_0p5_0p02_0059_0003" 6533
"/Engine/EngineMaterials/Substrate/GLints/dict_16_192_64_0p5_0p02_0059_0002" 6534
"/Engine/EngineMaterials/Substrate/GLints/dict_16_192_64_0p5_0p02_0060_0013" 6535
"/Engine/EngineMaterials/Substrate/GLints/dict_16_192_64_0p5_0p02_0060_0010" 6536
"/Engine/EngineMaterials/Substrate/GLints/dict_16_192_64_0p5_0p02_0060_0009" 6537
"/Engine/EngineMaterials/Substrate/GLints/dict_16_192_64_0p5_0p02_0059_0001" 6538
"/Engine/EngineMaterials/Substrate/GLints/dict_16_192_64_0p5_0p02_0060_0006" 6539
"/Engine/EngineMaterials/Substrate/GLints/dict_16_192_64_0p5_0p02_0060_0005" 6540
"/Engine/EngineMaterials/Substrate/GLints/dict_16_192_64_0p5_0p02_0060_0003" 6541
"/Engine/EngineMaterials/Substrate/GLints/dict_16_192_64_0p5_0p02_0060_0002" 6542
"/Engine/EngineMaterials/Substrate/GLints/dict_16_192_64_0p5_0p02_0060_0001" 6543
"/Engine/EngineMaterials/Substrate/GLints/dict_16_192_64_0p5_0p02_0060_0000" 6544
"/Engine/EngineMaterials/Substrate/GLints/dict_16_192_64_0p5_0p02_0059_0015" 6545
"/Engine/EngineMaterials/Substrate/GLints/dict_16_192_64_0p5_0p02_0059_0014" 6546
"../../../Engine/Content/EngineMaterials/Substrate/GLints/dict_16_192_64_0p5_0p02_0061_0001.uasset" 6547
"../../../Engine/Content/EngineMaterials/Substrate/GLints/dict_16_192_64_0p5_0p02_0061_0004.uasset" 6548
"../../../Engine/Content/EngineMaterials/Substrate/GLints/dict_16_192_64_0p5_0p02_0061_0002.uasset" 6549
"../../../Engine/Content/EngineMaterials/Substrate/GLints/dict_16_192_64_0p5_0p02_0061_0009.uasset" 6550
"../../../Engine/Content/EngineMaterials/Substrate/GLints/dict_16_192_64_0p5_0p02_0061_0005.uasset" 6551
"../../../Engine/Content/EngineMaterials/Substrate/GLints/dict_16_192_64_0p5_0p02_0061_0007.uasset" 6552
"../../../Engine/Content/EngineMaterials/Substrate/GLints/dict_16_192_64_0p5_0p02_0061_0006.uasset" 6553
"/Engine/EngineMaterials/Substrate/GLints/dict_16_192_64_0p5_0p02_0061_0000" 6554
"../../../Engine/Content/EngineMaterials/Substrate/GLints/dict_16_192_64_0p5_0p02_0061_0008.uasset" 6555
"../../../Engine/Content/EngineMaterials/Substrate/GLints/dict_16_192_64_0p5_0p02_0061_0011.uasset" 6556
"../../../Engine/Content/EngineMaterials/Substrate/GLints/dict_16_192_64_0p5_0p02_0061_0010.uasset" 6557
"../../../Engine/Content/EngineMaterials/Substrate/GLints/dict_16_192_64_0p5_0p02_0061_0014.uasset" 6558
"../../../Engine/Content/EngineMaterials/Substrate/GLints/dict_16_192_64_0p5_0p02_0061_0003.uasset" 6559
"../../../Engine/Content/EngineMaterials/Substrate/GLints/dict_16_192_64_0p5_0p02_0062_0000.uasset" 6560
"../../../Engine/Content/EngineMaterials/Substrate/GLints/dict_16_192_64_0p5_0p02_0062_0002.uasset" 6561
"../../../Engine/Content/EngineMaterials/Substrate/GLints/dict_16_192_64_0p5_0p02_0062_0003.uasset" 6562
"../../../Engine/Content/EngineMaterials/Substrate/GLints/dict_16_192_64_0p5_0p02_0062_0001.uasset" 6563
"../../../Engine/Content/EngineMaterials/Substrate/GLints/dict_16_192_64_0p5_0p02_0062_0004.uasset" 6564
"../../../Engine/Content/EngineMaterials/Substrate/GLints/dict_16_192_64_0p5_0p02_0062_0006.uasset" 6565
"../../../Engine/Content/EngineMaterials/Substrate/GLints/dict_16_192_64_0p5_0p02_0061_0013.uasset" 6566
"../../../Engine/Content/EngineMaterials/Substrate/GLints/dict_16_192_64_0p5_0p02_0062_0005.uasset" 6567
"../../../Engine/Content/EngineMaterials/Substrate/GLints/dict_16_192_64_0p5_0p02_0061_0012.uasset" 6568
"../../../Engine/Content/EngineMaterials/Substrate/GLints/dict_16_192_64_0p5_0p02_0062_0007.uasset" 6569
"../../../Engine/Content/EngineMaterials/Substrate/GLints/dict_16_192_64_0p5_0p02_0062_0008.uasset" 6570
"/Engine/EngineMaterials/Substrate/GLints/dict_16_192_64_0p5_0p02_0060_0015" 6571
"../../../Engine/Content/EngineMaterials/Substrate/GLints/dict_16_192_64_0p5_0p02_0061_0015.uasset" 6572
"/Engine/EngineMaterials/Substrate/GLints/dict_16_192_64_0p5_0p02_0060_0014" 6573
"/Engine/EngineMaterials/Substrate/GLints/dict_16_192_64_0p5_0p02_0060_0012" 6574
"/Engine/EngineMaterials/Substrate/GLints/dict_16_192_64_0p5_0p02_0060_0011" 6575
"/Engine/EngineMaterials/Substrate/GLints/dict_16_192_64_0p5_0p02_0060_0008" 6576
"/Engine/EngineMaterials/Substrate/GLints/dict_16_192_64_0p5_0p02_0060_0007" 6577
"/Engine/EngineMaterials/Substrate/GLints/dict_16_192_64_0p5_0p02_0060_0004" 6578
"../../../Engine/Content/EngineMaterials/Substrate/GLints/dict_16_192_64_0p5_0p02_0062_0009.uasset" 6579
"../../../Engine/Content/EngineMaterials/Substrate/GLints/dict_16_192_64_0p5_0p02_0062_0015.uasset" 6580
"/Engine/EngineMaterials/Substrate/GLints/dict_16_192_64_0p5_0p02_0062_0008" 6581
"../../../Engine/Content/EngineMaterials/Substrate/GLints/dict_16_192_64_0p5_0p02_0062_0013.uasset" 6582
"../../../Engine/Content/EngineMaterials/Substrate/GLints/dict_16_192_64_0p5_0p02_0062_0010.uasset" 6583
"../../../Engine/Content/EngineMaterials/Substrate/GLints/dict_16_192_64_0p5_0p02_0062_0011.uasset" 6584
"../../../Engine/Content/EngineMaterials/Substrate/GLints/dict_16_192_64_0p5_0p02_0062_0014.uasset" 6585
"../../../Engine/Content/EngineMaterials/Substrate/GLints/dict_16_192_64_0p5_0p02_0062_0012.uasset" 6586
"../../../Engine/Content/EngineMaterials/Substrate/GLints/dict_16_192_64_0p5_0p02_0063_0000.uasset" 6587
"/Engine/EngineMaterials/Substrate/GLints/dict_16_192_64_0p5_0p02_0062_0007" 6588
"/Engine/EngineMaterials/Substrate/GLints/dict_16_192_64_0p5_0p02_0062_0006" 6589
"/Engine/EngineMaterials/Substrate/GLints/dict_16_192_64_0p5_0p02_0062_0005" 6590
"/Engine/EngineMaterials/Substrate/GLints/dict_16_192_64_0p5_0p02_0062_0004" 6591
"/Engine/EngineMaterials/Substrate/GLints/dict_16_192_64_0p5_0p02_0062_0003" 6592
"/Engine/EngineMaterials/Substrate/GLints/dict_16_192_64_0p5_0p02_0062_0002" 6593
"/Engine/EngineMaterials/Substrate/GLints/dict_16_192_64_0p5_0p02_0062_0001" 6594
"/Engine/EngineMaterials/Substrate/GLints/dict_16_192_64_0p5_0p02_0062_0000" 6595
"/Engine/EngineMaterials/Substrate/GLints/dict_16_192_64_0p5_0p02_0061_0015" 6596
"/Engine/EngineMaterials/Substrate/GLints/dict_16_192_64_0p5_0p02_0061_0014" 6597
"/Engine/EngineMaterials/Substrate/GLints/dict_16_192_64_0p5_0p02_0061_0013" 6598
"/Engine/EngineMaterials/Substrate/GLints/dict_16_192_64_0p5_0p02_0061_0012" 6599
"/Engine/EngineMaterials/Substrate/GLints/dict_16_192_64_0p5_0p02_0061_0011" 6600
"/Engine/EngineMaterials/Substrate/GLints/dict_16_192_64_0p5_0p02_0061_0010" 6601
"/Engine/EngineMaterials/Substrate/GLints/dict_16_192_64_0p5_0p02_0061_0009" 6602
"/Engine/EngineMaterials/Substrate/GLints/dict_16_192_64_0p5_0p02_0061_0008" 6603
"/Engine/EngineMaterials/Substrate/GLints/dict_16_192_64_0p5_0p02_0061_0007" 6604
"/Engine/EngineMaterials/Substrate/GLints/dict_16_192_64_0p5_0p02_0061_0006" 6605
"/Engine/EngineMaterials/Substrate/GLints/dict_16_192_64_0p5_0p02_0061_0005" 6606
"/Engine/EngineMaterials/Substrate/GLints/dict_16_192_64_0p5_0p02_0061_0004" 6607
"/Engine/EngineMaterials/Substrate/GLints/dict_16_192_64_0p5_0p02_0061_0003" 6608
"/Engine/EngineMaterials/Substrate/GLints/dict_16_192_64_0p5_0p02_0061_0002" 6609
"/Engine/EngineMaterials/Substrate/GLints/dict_16_192_64_0p5_0p02_0061_0001" 6610
"../../../Engine/Content/EngineMaterials/Substrate/GLints/dict_16_192_64_0p5_0p02_0063_0003.uasset" 6611
"../../../Engine/Content/EngineMaterials/Substrate/GLints/dict_16_192_64_0p5_0p02_0063_0004.uasset" 6612
"../../../Engine/Content/EngineMaterials/Substrate/GLints/dict_16_192_64_0p5_0p02_0063_0002.uasset" 6613
"../../../Engine/Content/EngineMaterials/Substrate/GLints/dict_16_192_64_0p5_0p02_0063_0005.uasset" 6614
"../../../Engine/Content/EngineMaterials/Substrate/GLints/dict_16_192_64_0p5_0p02_0063_0009.uasset" 6615
"../../../Engine/Content/EngineMaterials/Substrate/GLints/dict_16_192_64_0p5_0p02_0063_0008.uasset" 6616
"../../../Engine/Content/EngineMaterials/Substrate/GLints/dict_16_192_64_0p5_0p02_0063_0010.uasset" 6617
"../../../Engine/Content/EngineMaterials/Substrate/GLints/dict_16_192_64_0p5_0p02_0063_0011.uasset" 6618
"/Engine/EngineMaterials/Substrate/GLints/dict_16_192_64_0p5_0p02_0063_0000" 6619
"../../../Engine/Content/EngineMaterials/Substrate/GLints/dict_16_192_64_0p5_0p02_0063_0014.uasset" 6620
"../../../Engine/Content/EngineMaterials/Substrate/GLints/dict_16_192_64_0p5_0p02_0063_0015.uasset" 6621
"../../../Engine/Content/EngineMaterials/Substrate/GLints/dict_16_192_64_0p5_0p02_0063_0006.uasset" 6622
"../../../Engine/Content/EngineMaterials/Substrate/GLints/AGlintTex2dArray.uasset" 6623
"../../../Engine/Content/EngineMaterials/Substrate/Glints2/dict_0000_0000.uasset" 6624
"../../../Engine/Content/EngineMaterials/Substrate/Glints2/dict_0000_0002.uasset" 6625
"../../../Engine/Content/EngineMaterials/Substrate/GLints/dict_16_192_64_0p5_0p02_0063_0012.uasset" 6626
"../../../Engine/Content/EngineMaterials/Substrate/Glints2/dict_0000_0003.uasset" 6627
"../../../Engine/Content/EngineMaterials/Substrate/Glints2/dict_0000_0004.uasset" 6628
"../../../Engine/Content/EngineMaterials/Substrate/Glints2/dict_0000_0005.uasset" 6629
"../../../Engine/Content/EngineMaterials/Substrate/GLints/dict_16_192_64_0p5_0p02_0063_0013.uasset" 6630
"../../../Engine/Content/EngineMaterials/Substrate/Glints2/dict_0000_0006.uasset" 6631
"../../../Engine/Content/EngineMaterials/Substrate/GLints/dict_16_192_64_0p5_0p02_0063_0007.uasset" 6632
"../../../Engine/Content/EngineMaterials/Substrate/GLints/dict_16_192_64_0p5_0p02_0063_0001.uasset" 6633
"../../../Engine/Content/EngineMaterials/Substrate/Glints2/dict_0000_0007.uasset" 6634
"../../../Engine/Content/EngineMaterials/Substrate/Glints2/dict_0000_0001.uasset" 6635
"/Engine/EngineMaterials/Substrate/GLints/dict_16_192_64_0p5_0p02_0062_0015" 6636
"/Engine/EngineMaterials/Substrate/GLints/dict_16_192_64_0p5_0p02_0062_0014" 6637
"/Engine/EngineMaterials/Substrate/GLints/dict_16_192_64_0p5_0p02_0062_0013" 6638
"/Engine/EngineMaterials/Substrate/GLints/dict_16_192_64_0p5_0p02_0062_0012" 6639
"/Engine/EngineMaterials/Substrate/GLints/dict_16_192_64_0p5_0p02_0062_0011" 6640
"/Engine/EngineMaterials/Substrate/GLints/dict_16_192_64_0p5_0p02_0062_0010" 6641
"/Engine/EngineMaterials/Substrate/GLints/dict_16_192_64_0p5_0p02_0062_0009" 6642
"/Engine/EngineMaterials/Substrate/GLints/dict_16_192_64_0p5_0p02_0063_0004" 6643
"/Engine/EngineMaterials/Substrate/GLints/dict_16_192_64_0p5_0p02_0063_0003" 6644
"/Engine/EngineMaterials/Substrate/GLints/dict_16_192_64_0p5_0p02_0063_0002" 6645
"../../../Engine/Content/EngineMaterials/Substrate/Glints2/dict_0000_0008.uasset" 6646
"../../../Engine/Content/EngineMaterials/Substrate/Glints2/dict_0000_0017.uasset" 6647
"../../../Engine/Content/EngineMaterials/Substrate/Glints2/dict_0000_0015.uasset" 6648
"../../../Engine/Content/EngineMaterials/Substrate/Glints2/dict_0000_0014.uasset" 6649
"../../../Engine/Content/EngineMaterials/Substrate/Glints2/dict_0000_0011.uasset" 6650
"../../../Engine/Content/EngineMaterials/Substrate/Glints2/dict_0000_0012.uasset" 6651
"../../../Engine/Content/EngineMaterials/Substrate/Glints2/dict_0000_0013.uasset" 6652
"../../../Engine/Content/EngineMaterials/Substrate/Glints2/dict_0000_0018.uasset" 6653
"/Engine/EngineMaterials/Substrate/Glints2/dict_0000_0007" 6654
"../../../Engine/Content/EngineMaterials/Substrate/Glints2/dict_0000_0009.uasset" 6655
"../../../Engine/Content/EngineMaterials/Substrate/Glints2/dict_0000_0016.uasset" 6656
"../../../Engine/Content/EngineMaterials/Substrate/Glints2/dict_0000_0010.uasset" 6657
"/Engine/EngineMaterials/Substrate/Glints2/dict_0000_0006" 6658
"/Engine/EngineMaterials/Substrate/Glints2/dict_0000_0005" 6659
"/Engine/EngineMaterials/Substrate/Glints2/dict_0000_0004" 6660
"/Engine/EngineMaterials/Substrate/Glints2/dict_0000_0003" 6661
"/Engine/EngineMaterials/Substrate/Glints2/dict_0000_0002" 6662
"/Engine/EngineMaterials/Substrate/Glints2/dict_0000_0001" 6663
"/Engine/EngineMaterials/Substrate/Glints2/dict_0000_0000" 6664
"/Engine/EngineMaterials/Substrate/GLints/AGlintTex2dArray" 6665
"/Engine/EngineMaterials/Substrate/Glints2/dict_0000_0008" 6666
"../../../Engine/Content/EngineMaterials/Substrate/Glints2/dict_0000_0020.uasset" 6667
"../../../Engine/Content/EngineMaterials/Substrate/Glints2/dict_0000_0021.uasset" 6668
"../../../Engine/Content/EngineMaterials/Substrate/Glints2/dict_0000_0022.uasset" 6669
"../../../Engine/Content/EngineMaterials/Substrate/Glints2/dict_0000_0023.uasset" 6670
"../../../Engine/Content/EngineMaterials/Substrate/Glints2/dict_0000_0024.uasset" 6671
"../../../Engine/Content/EngineMaterials/Substrate/Glints2/dict_0000_0025.uasset" 6672
"../../../Engine/Content/EngineMaterials/Substrate/Glints2/dict_0000_0026.uasset" 6673
"../../../Engine/Content/EngineMaterials/Substrate/Glints2/dict_0000_0028.uasset" 6674
"../../../Engine/Content/EngineMaterials/Substrate/Glints2/dict_0000_0029.uasset" 6675
"../../../Engine/Content/EngineMaterials/Substrate/Glints2/dict_0000_0027.uasset" 6676
"../../../Engine/Content/EngineMaterials/Substrate/Glints2/dict_0000_0033.uasset" 6677
"../../../Engine/Content/EngineMaterials/Substrate/Glints2/dict_0000_0032.uasset" 6678
"../../../Engine/Content/EngineMaterials/Substrate/Glints2/dict_0000_0019.uasset" 6679
"../../../Engine/Content/EngineMaterials/Substrate/Glints2/dict_0000_0034.uasset" 6680
"../../../Engine/Content/EngineMaterials/Substrate/Glints2/dict_0000_0036.uasset" 6681
"../../../Engine/Content/EngineMaterials/Substrate/Glints2/dict_0000_0037.uasset" 6682
"../../../Engine/Content/EngineMaterials/Substrate/Glints2/dict_0000_0038.uasset" 6683
"../../../Engine/Content/EngineMaterials/Substrate/Glints2/dict_0000_0031.uasset" 6684
"../../../Engine/Content/EngineMaterials/Substrate/Glints2/dict_0000_0039.uasset" 6685
"../../../Engine/Content/EngineMaterials/Substrate/Glints2/dict_0000_0035.uasset" 6686
"../../../Engine/Content/EngineMaterials/Substrate/Glints2/dict_0000_0030.uasset" 6687
"../../../Engine/Content/EngineMaterials/Substrate/Glints2/dict_0000_0040.uasset" 6688
"/Engine/EngineMaterials/Substrate/Glints2/dict_0000_0018" 6689
"/Engine/EngineMaterials/Substrate/Glints2/dict_0000_0017" 6690
"/Engine/EngineMaterials/Substrate/Glints2/dict_0000_0016" 6691
"/Engine/EngineMaterials/Substrate/Glints2/dict_0000_0015" 6692
"/Engine/EngineMaterials/Substrate/Glints2/dict_0000_0014" 6693
"/Engine/EngineMaterials/Substrate/Glints2/dict_0000_0013" 6694
"/Engine/EngineMaterials/Substrate/Glints2/dict_0000_0025" 6695
"/Engine/EngineMaterials/Substrate/Glints2/dict_0000_0012" 6696
"/Engine/EngineMaterials/Substrate/Glints2/dict_0000_0024" 6697
"/Engine/EngineMaterials/Substrate/Glints2/dict_0000_0023" 6698
"/Engine/EngineMaterials/Substrate/Glints2/dict_0000_0011" 6699
"/Engine/EngineMaterials/Substrate/Glints2/dict_0000_0022" 6700
"/Engine/EngineMaterials/Substrate/Glints2/dict_0000_0021" 6701
"/Engine/EngineMaterials/Substrate/Glints2/dict_0000_0010" 6702
"/Engine/EngineMaterials/Substrate/Glints2/dict_0000_0009" 6703
"/Engine/EngineMaterials/Substrate/Glints2/dict_0000_0020" 6704
"../../../Engine/Content/EngineMaterials/Substrate/Glints2/dict_0000_0046.uasset" 6705
"../../../Engine/Content/EngineMaterials/Substrate/Glints2/dict_0000_0042.uasset" 6706
"../../../Engine/Content/EngineMaterials/Substrate/Glints2/dict_0000_0043.uasset" 6707
"../../../Engine/Content/EngineMaterials/Substrate/Glints2/dict_0000_0041.uasset" 6708
"../../../Engine/Content/EngineMaterials/Substrate/Glints2/dict_0000_0049.uasset" 6709
"../../../Engine/Content/EngineMaterials/Substrate/Glints2/dict_0000_0048.uasset" 6710
"../../../Engine/Content/EngineMaterials/Substrate/Glints2/dict_0000_0050.uasset" 6711
"../../../Engine/Content/EngineMaterials/Substrate/Glints2/dict_0000_0044.uasset" 6712
"../../../Engine/Content/EngineMaterials/Substrate/Glints2/dict_0000_0051.uasset" 6713
"../../../Engine/Content/EngineMaterials/Substrate/Glints2/dict_0000_0047.uasset" 6714
"../../../Engine/Content/EngineMaterials/Substrate/Glints2/dict_0000_0053.uasset" 6715
"../../../Engine/Content/EngineMaterials/Substrate/Glints2/dict_0000_0052.uasset" 6716
"../../../Engine/Content/EngineMaterials/Substrate/Glints2/dict_0000_0045.uasset" 6717
"../../../Engine/Content/EngineMaterials/Substrate/Glints2/dict_0000_0056.uasset" 6718
"../../../Engine/Content/EngineMaterials/Substrate/Glints2/dict_0000_0055.uasset" 6719
"../../../Engine/Content/EngineMaterials/Substrate/Glints2/dict_0000_0054.uasset" 6720
"../../../Engine/Plugins/Animation/DeformerGraph/Shaders/Private/DataInterfaceCustomComputeKernel.ush" 6721
"../../../Engine/Plugins/Animation/DeformerGraph/Shaders/Private/DataInterfaceCloth.ush" 6722
"../../../Engine/Plugins/Animation/DeformerGraph/Shaders/Private/DataInterfaceSkinnedMeshRead.ush" 6723
"../../../Engine/Plugins/Animation/DeformerGraph/Shaders/Private/DataInterfaceSkeleton.ush" 6724
"../../../Engine/Plugins/Animation/DeformerGraph/Shaders/Private/DataInterfaceSkeletonCommon.ush" 6725
"../../../Engine/Plugins/Animation/DeformerGraph/Shaders/Private/DataInterfaceMorphTarget.ush" 6726
"../../../Engine/Plugins/Animation/DeformerGraph/Shaders/Private/DataInterfaceSkinnedMeshWrite.ush" 6727
"../../../Engine/Plugins/Animation/DeformerGraph/Shaders/Private/DataInterfaceRawBuffer.ush" 6728
"../../../Engine/Plugins/Runtime/ComputeFramework/Shaders/Private/BufferAlias.ush" 6729
"../../../Engine/Plugins/Animation/DeformerGraph/Shaders/Private/DataInterfaceSkinnedMesh.ush" 6730
"../../../Engine/Plugins/Animation/DeformerGraph/Shaders/Private/DataInterfaceHalfEdge.ush" 6731
"/Engine/EngineMaterials/Substrate/Glints2/dict_0000_0040" 6732
"/Engine/EngineMaterials/Substrate/Glints2/dict_0000_0039" 6733
"/Engine/EngineMaterials/Substrate/Glints2/dict_0000_0038" 6734
"/Engine/EngineMaterials/Substrate/Glints2/dict_0000_0037" 6735
"/Engine/EngineMaterials/Substrate/Glints2/dict_0000_0036" 6736
"/Engine/EngineMaterials/Substrate/Glints2/dict_0000_0035" 6737
"/Engine/EngineMaterials/Substrate/Glints2/dict_0000_0034" 6738
"/Engine/EngineMaterials/Substrate/Glints2/dict_0000_0033" 6739
"/Engine/EngineMaterials/Substrate/Glints2/dict_0000_0032" 6740
"/Engine/EngineMaterials/Substrate/Glints2/dict_0000_0031" 6741
"/Engine/EngineMaterials/Substrate/Glints2/dict_0000_0030" 6742
"/Engine/EngineMaterials/Substrate/Glints2/dict_0000_0029" 6743
"/Engine/EngineMaterials/Substrate/Glints2/dict_0000_0028" 6744
"/Engine/EngineMaterials/Substrate/Glints2/dict_0000_0027" 6745
"/Engine/EngineMaterials/Substrate/Glints2/dict_0000_0026" 6746
"/Engine/EngineMaterials/Substrate/Glints2/dict_0000_0019" 6747
"../../../Engine/Content/EngineMaterials/Substrate/Glints2/dict_0000_0058.uasset" 6748
"../../../Engine/Content/EngineMaterials/Substrate/Glints2/dict_0000_0057.uasset" 6749
"../../../Engine/Content/EngineMaterials/Substrate/Glints2/dict_0000_0059.uasset" 6750
"../../../Engine/Content/EngineMaterials/Substrate/Glints2/dict_0000_0063.uasset" 6751
"../../../Engine/Content/EngineMaterials/Substrate/Glints2/dict_0000_0061.uasset" 6752
"../../../Engine/Content/EngineMaterials/Substrate/Glints2/dict_0000_0064.uasset" 6753
"../../../Engine/Content/EngineMaterials/Substrate/Glints2/dict_0000_0065.uasset" 6754
"../../../Engine/Content/EngineMaterials/Substrate/Glints2/dict_0000_0062.uasset" 6755
"../../../Engine/Content/EngineMaterials/Substrate/Glints2/dict_0000_0060.uasset" 6756
"../../../Engine/Content/EngineMaterials/Substrate/Glints2/dict_0000_0066.uasset" 6757
"../../../Engine/Content/EngineMaterials/Substrate/Glints2/dict_0000_0070.uasset" 6758
"../../../Engine/Content/EngineMaterials/Substrate/Glints2/dict_0000_0071.uasset" 6759
"../../../Engine/Content/EngineMaterials/Substrate/Glints2/dict_0000_0067.uasset" 6760
"../../../Engine/Content/EngineMaterials/Substrate/Glints2/dict_0000_0068.uasset" 6761
"../../../Engine/Content/EngineMaterials/Substrate/Glints2/dict_0000_0069.uasset" 6762
"../../../Engine/Content/EngineMaterials/Substrate/Glints2/dict_0000_0072.uasset" 6763
"/Engine/EngineMaterials/Substrate/Glints2/dict_0000_0065" 6764
"/Engine/EngineMaterials/Substrate/Glints2/dict_0000_0064" 6765
"/Engine/EngineMaterials/Substrate/Glints2/dict_0000_0063" 6766
"/Engine/EngineMaterials/Substrate/Glints2/dict_0000_0062" 6767
"/Engine/EngineMaterials/Substrate/Glints2/dict_0000_0061" 6768
"/Engine/EngineMaterials/Substrate/Glints2/dict_0000_0056" 6769
"/Engine/EngineMaterials/Substrate/Glints2/dict_0000_0055" 6770
"/Engine/EngineMaterials/Substrate/Glints2/dict_0000_0054" 6771
"/Engine/EngineMaterials/Substrate/Glints2/dict_0000_0060" 6772
"/Engine/EngineMaterials/Substrate/Glints2/dict_0000_0053" 6773
"/Engine/EngineMaterials/Substrate/Glints2/dict_0000_0052" 6774
"/Engine/EngineMaterials/Substrate/Glints2/dict_0000_0059" 6775
"/Engine/EngineMaterials/Substrate/Glints2/dict_0000_0058" 6776
"/Engine/EngineMaterials/Substrate/Glints2/dict_0000_0051" 6777
"/Engine/EngineMaterials/Substrate/Glints2/dict_0000_0050" 6778
"/Engine/EngineMaterials/Substrate/Glints2/dict_0000_0049" 6779
"/Engine/EngineMaterials/Substrate/Glints2/dict_0000_0048" 6780
"/Engine/EngineMaterials/Substrate/Glints2/dict_0000_0047" 6781
"/Engine/EngineMaterials/Substrate/Glints2/dict_0000_0046" 6782
"/Engine/EngineMaterials/Substrate/Glints2/dict_0000_0045" 6783
"/Engine/EngineMaterials/Substrate/Glints2/dict_0000_0044" 6784
"/Engine/EngineMaterials/Substrate/Glints2/dict_0000_0043" 6785
"/Engine/EngineMaterials/Substrate/Glints2/dict_0000_0042" 6786
"/Engine/EngineMaterials/Substrate/Glints2/dict_0000_0041" 6787
"/Engine/EngineMaterials/Substrate/Glints2/dict_0000_0057" 6788
"../../../Engine/Content/EngineMaterials/Substrate/Glints2/dict_0000_0073.uasset" 6789
"../../../Engine/Content/EngineMaterials/Substrate/Glints2/dict_0000_0078.uasset" 6790
"../../../Engine/Content/EngineMaterials/Substrate/Glints2/dict_0000_0080.uasset" 6791
"/Engine/EngineMaterials/Substrate/Glints2/dict_0000_0072" 6792
"../../../Engine/Content/EngineMaterials/Substrate/Glints2/dict_0000_0077.uasset" 6793
"../../../Engine/Content/EngineMaterials/Substrate/Glints2/dict_0000_0074.uasset" 6794
"../../../Engine/Content/EngineMaterials/Substrate/Glints2/dict_0000_0081.uasset" 6795
"../../../Engine/Content/EngineMaterials/Substrate/Glints2/dict_0000_0083.uasset" 6796
"../../../Engine/Content/EngineMaterials/Substrate/Glints2/dict_0000_0084.uasset" 6797
"../../../Engine/Content/EngineMaterials/Substrate/Glints2/dict_0000_0076.uasset" 6798
"../../../Engine/Content/EngineMaterials/Substrate/Glints2/dict_0000_0086.uasset" 6799
"../../../Engine/Content/EngineMaterials/Substrate/Glints2/dict_0000_0088.uasset" 6800
"../../../Engine/Content/EngineMaterials/Substrate/Glints2/dict_0000_0089.uasset" 6801
"../../../Engine/Content/EngineMaterials/Substrate/Glints2/dict_0000_0090.uasset" 6802
"../../../Engine/Content/EngineMaterials/Substrate/Glints2/dict_0000_0091.uasset" 6803
"../../../Engine/Content/EngineMaterials/Substrate/Glints2/dict_0000_0092.uasset" 6804
"../../../Engine/Content/EngineMaterials/Substrate/Glints2/dict_0000_0093.uasset" 6805
"../../../Engine/Content/EngineMaterials/Substrate/Glints2/dict_0000_0094.uasset" 6806
"../../../Engine/Content/EngineMaterials/Substrate/Glints2/dict_0000_0095.uasset" 6807
"../../../Engine/Content/EngineMaterials/Substrate/Glints2/dict_0000_0096.uasset" 6808
"../../../Engine/Content/EngineMaterials/Substrate/Glints2/dict_0000_0082.uasset" 6809
"../../../Engine/Content/EngineMaterials/Substrate/Glints2/dict_0000_0087.uasset" 6810
"../../../Engine/Content/EngineMaterials/Substrate/Glints2/dict_0000_0097.uasset" 6811
"../../../Engine/Content/EngineMaterials/Substrate/Glints2/dict_0000_0079.uasset" 6812
"../../../Engine/Content/EngineMaterials/Substrate/Glints2/dict_0000_0085.uasset" 6813
"../../../Engine/Content/EngineMaterials/Substrate/Glints2/dict_0000_0075.uasset" 6814
"/Engine/EngineMaterials/Substrate/Glints2/dict_0000_0071" 6815
"/Engine/EngineMaterials/Substrate/Glints2/dict_0000_0070" 6816
"/Engine/EngineMaterials/Substrate/Glints2/dict_0000_0069" 6817
"/Engine/EngineMaterials/Substrate/Glints2/dict_0000_0068" 6818
"/Engine/EngineMaterials/Substrate/Glints2/dict_0000_0067" 6819
"/Engine/EngineMaterials/Substrate/Glints2/dict_0000_0066" 6820
"../../../Engine/Content/EngineMaterials/Substrate/Glints2/dict_0000_0100.uasset" 6821
"../../../Engine/Content/EngineMaterials/Substrate/Glints2/dict_0000_0104.uasset" 6822
"../../../Engine/Content/EngineMaterials/Substrate/Glints2/dict_0000_0099.uasset" 6823
"../../../Engine/Content/EngineMaterials/Substrate/Glints2/dict_0000_0102.uasset" 6824
"/Engine/EngineMaterials/Substrate/Glints2/dict_0000_0097" 6825
"../../../Engine/Content/EngineMaterials/Substrate/Glints2/dict_0000_0101.uasset" 6826
"../../../Engine/Content/EngineMaterials/Substrate/Glints2/dict_0000_0098.uasset" 6827
"../../../Engine/Content/EngineMaterials/Substrate/Glints2/dict_0000_0103.uasset" 6828
"/Engine/EngineMaterials/Substrate/Glints2/dict_0000_0096" 6829
"/Engine/EngineMaterials/Substrate/Glints2/dict_0000_0095" 6830
"/Engine/EngineMaterials/Substrate/Glints2/dict_0000_0094" 6831
"/Engine/EngineMaterials/Substrate/Glints2/dict_0000_0093" 6832
"/Engine/EngineMaterials/Substrate/Glints2/dict_0000_0092" 6833
"/Engine/EngineMaterials/Substrate/Glints2/dict_0000_0091" 6834
"/Engine/EngineMaterials/Substrate/Glints2/dict_0000_0090" 6835
"/Engine/EngineMaterials/Substrate/Glints2/dict_0000_0089" 6836
"/Engine/EngineMaterials/Substrate/Glints2/dict_0000_0088" 6837
"/Engine/EngineMaterials/Substrate/Glints2/dict_0000_0087" 6838
"/Engine/EngineMaterials/Substrate/Glints2/dict_0000_0086" 6839
"/Engine/EngineMaterials/Substrate/Glints2/dict_0000_0085" 6840
"/Engine/EngineMaterials/Substrate/Glints2/dict_0000_0084" 6841
"/Engine/EngineMaterials/Substrate/Glints2/dict_0000_0083" 6842
"/Engine/EngineMaterials/Substrate/Glints2/dict_0000_0082" 6843
"/Engine/EngineMaterials/Substrate/Glints2/dict_0000_0081" 6844
"/Engine/EngineMaterials/Substrate/Glints2/dict_0000_0080" 6845
"/Engine/EngineMaterials/Substrate/Glints2/dict_0000_0079" 6846
"/Engine/EngineMaterials/Substrate/Glints2/dict_0000_0078" 6847
"/Engine/EngineMaterials/Substrate/Glints2/dict_0000_0077" 6848
"/Engine/EngineMaterials/Substrate/Glints2/dict_0000_0076" 6849
"/Engine/EngineMaterials/Substrate/Glints2/dict_0000_0075" 6850
"/Engine/EngineMaterials/Substrate/Glints2/dict_0000_0074" 6851
"/Engine/EngineMaterials/Substrate/Glints2/dict_0000_0073" 6852
"../../../Engine/Content/EngineMaterials/Substrate/Glints2/dict_0000_0107.uasset" 6853
"../../../Engine/Content/EngineMaterials/Substrate/Glints2/dict_0000_0105.uasset" 6854
"../../../Engine/Content/EngineMaterials/Substrate/Glints2/dict_0000_0112.uasset" 6855
"../../../Engine/Content/EngineMaterials/Substrate/Glints2/dict_0000_0106.uasset" 6856
"/Engine/EngineMaterials/Substrate/Glints2/dict_0000_0104" 6857
"../../../Engine/Content/EngineMaterials/Substrate/Glints2/dict_0000_0113.uasset" 6858
"../../../Engine/Content/EngineMaterials/Substrate/Glints2/dict_0000_0109.uasset" 6859
"../../../Engine/Content/EngineMaterials/Substrate/Glints2/dict_0000_0114.uasset" 6860
"../../../Engine/Content/EngineMaterials/Substrate/Glints2/dict_0000_0111.uasset" 6861
"../../../Engine/Content/EngineMaterials/Substrate/Glints2/dict_0000_0118.uasset" 6862
"../../../Engine/Content/EngineMaterials/Substrate/Glints2/dict_0000_0110.uasset" 6863
"../../../Engine/Content/EngineMaterials/Substrate/Glints2/dict_0000_0119.uasset" 6864
"../../../Engine/Content/EngineMaterials/Substrate/Glints2/dict_0000_0116.uasset" 6865
"../../../Engine/Content/EngineMaterials/Substrate/Glints2/dict_0000_0108.uasset" 6866
"../../../Engine/Content/EngineMaterials/Substrate/Glints2/dict_0000_0121.uasset" 6867
"../../../Engine/Content/EngineMaterials/Substrate/Glints2/dict_0000_0115.uasset" 6868
"../../../Engine/Content/EngineMaterials/Substrate/Glints2/dict_0000_0125.uasset" 6869
"../../../Engine/Content/EngineMaterials/Substrate/Glints2/dict_0000_0122.uasset" 6870
"../../../Engine/Content/EngineMaterials/Substrate/Glints2/dict_0000_0120.uasset" 6871
"../../../Engine/Content/EngineMaterials/Substrate/Glints2/dict_0000_0126.uasset" 6872
"../../../Engine/Content/EngineMaterials/Substrate/Glints2/dict_0000_0124.uasset" 6873
"../../../Engine/Content/EngineMaterials/Substrate/Glints2/dict_0000_0123.uasset" 6874
"../../../Engine/Content/EngineMaterials/Substrate/Glints2/dict_0000_0127.uasset" 6875
"../../../Engine/Content/EngineMaterials/Substrate/Glints2/dict_0000_0117.uasset" 6876
"../../../Engine/Content/EngineMaterials/Substrate/Glints2/dict_0000_0129.uasset" 6877
"../../../Engine/Content/EngineMaterials/Substrate/Glints2/dict_0000_0128.uasset" 6878
"/Engine/EngineMaterials/Substrate/Glints2/dict_0000_0103" 6879
"/Engine/EngineMaterials/Substrate/Glints2/dict_0000_0102" 6880
"/Engine/EngineMaterials/Substrate/Glints2/dict_0000_0101" 6881
"/Engine/EngineMaterials/Substrate/Glints2/dict_0000_0100" 6882
"/Engine/EngineMaterials/Substrate/Glints2/dict_0000_0099" 6883
"/Engine/EngineMaterials/Substrate/Glints2/dict_0000_0098" 6884
"../../../Engine/Content/EngineMaterials/Substrate/Glints2/dict_0000_0133.uasset" 6885
"/Engine/EngineMaterials/Substrate/Glints2/dict_0000_0129" 6886
"../../../Engine/Content/EngineMaterials/Substrate/Glints2/dict_0000_0135.uasset" 6887
"../../../Engine/Content/EngineMaterials/Substrate/Glints2/dict_0000_0136.uasset" 6888
"../../../Engine/Content/EngineMaterials/Substrate/Glints2/dict_0000_0132.uasset" 6889
"../../../Engine/Content/EngineMaterials/Substrate/Glints2/dict_0000_0131.uasset" 6890
"../../../Engine/Content/EngineMaterials/Substrate/Glints2/dict_0000_0134.uasset" 6891
"../../../Engine/Content/EngineMaterials/Substrate/Glints2/dict_0000_0130.uasset" 6892
"/Engine/EngineMaterials/Substrate/Glints2/dict_0000_0128" 6893
"/Engine/EngineMaterials/Substrate/Glints2/dict_0000_0127" 6894
"/Engine/EngineMaterials/Substrate/Glints2/dict_0000_0126" 6895
"/Engine/EngineMaterials/Substrate/Glints2/dict_0000_0125" 6896
"/Engine/EngineMaterials/Substrate/Glints2/dict_0000_0124" 6897
"/Engine/EngineMaterials/Substrate/Glints2/dict_0000_0123" 6898
"/Engine/EngineMaterials/Substrate/Glints2/dict_0000_0122" 6899
"/Engine/EngineMaterials/Substrate/Glints2/dict_0000_0121" 6900
"/Engine/EngineMaterials/Substrate/Glints2/dict_0000_0120" 6901
"/Engine/EngineMaterials/Substrate/Glints2/dict_0000_0119" 6902
"/Engine/EngineMaterials/Substrate/Glints2/dict_0000_0118" 6903
"/Engine/EngineMaterials/Substrate/Glints2/dict_0000_0117" 6904
"/Engine/EngineMaterials/Substrate/Glints2/dict_0000_0116" 6905
"/Engine/EngineMaterials/Substrate/Glints2/dict_0000_0115" 6906
"/Engine/EngineMaterials/Substrate/Glints2/dict_0000_0114" 6907
"/Engine/EngineMaterials/Substrate/Glints2/dict_0000_0113" 6908
"/Engine/EngineMaterials/Substrate/Glints2/dict_0000_0112" 6909
"/Engine/EngineMaterials/Substrate/Glints2/dict_0000_0111" 6910
"/Engine/EngineMaterials/Substrate/Glints2/dict_0000_0110" 6911
"/Engine/EngineMaterials/Substrate/Glints2/dict_0000_0109" 6912
"/Engine/EngineMaterials/Substrate/Glints2/dict_0000_0108" 6913
"/Engine/EngineMaterials/Substrate/Glints2/dict_0000_0107" 6914
"/Engine/EngineMaterials/Substrate/Glints2/dict_0000_0106" 6915
"/Engine/EngineMaterials/Substrate/Glints2/dict_0000_0105" 6916
"../../../Engine/Content/EngineMaterials/Substrate/Glints2/dict_0000_0138.uasset" 6917
"../../../Engine/Content/EngineMaterials/Substrate/Glints2/dict_0000_0139.uasset" 6918
"../../../Engine/Content/EngineMaterials/Substrate/Glints2/dict_0000_0144.uasset" 6919
"../../../Engine/Content/EngineMaterials/Substrate/Glints2/dict_0000_0137.uasset" 6920
"../../../Engine/Content/EngineMaterials/Substrate/Glints2/dict_0000_0145.uasset" 6921
"../../../Engine/Content/EngineMaterials/Substrate/Glints2/dict_0000_0141.uasset" 6922
"../../../Engine/Content/EngineMaterials/Substrate/Glints2/dict_0000_0143.uasset" 6923
"../../../Engine/Content/EngineMaterials/Substrate/Glints2/dict_0000_0142.uasset" 6924
"../../../Engine/Content/EngineMaterials/Substrate/Glints2/dict_0000_0146.uasset" 6925
"/Engine/EngineMaterials/Substrate/Glints2/dict_0000_0136" 6926
"../../../Engine/Content/EngineMaterials/Substrate/Glints2/dict_0000_0147.uasset" 6927
"../../../Engine/Content/EngineMaterials/Substrate/Glints2/dict_0000_0148.uasset" 6928
"../../../Engine/Content/EngineMaterials/Substrate/Glints2/dict_0000_0140.uasset" 6929
"../../../Engine/Content/EngineMaterials/Substrate/Glints2/dict_0000_0151.uasset" 6930
"../../../Engine/Content/EngineMaterials/Substrate/Glints2/dict_0000_0150.uasset" 6931
"../../../Engine/Content/EngineMaterials/Substrate/Glints2/dict_0000_0152.uasset" 6932
"../../../Engine/Content/EngineMaterials/Substrate/Glints2/dict_0000_0153.uasset" 6933
"../../../Engine/Content/EngineMaterials/Substrate/Glints2/dict_0000_0154.uasset" 6934
"../../../Engine/Content/EngineMaterials/Substrate/Glints2/dict_0000_0155.uasset" 6935
"../../../Engine/Content/EngineMaterials/Substrate/Glints2/dict_0000_0156.uasset" 6936
"../../../Engine/Content/EngineMaterials/Substrate/Glints2/dict_0000_0159.uasset" 6937
"../../../Engine/Content/EngineMaterials/Substrate/Glints2/dict_0000_0160.uasset" 6938
"../../../Engine/Content/EngineMaterials/Substrate/Glints2/dict_0000_0157.uasset" 6939
"../../../Engine/Content/EngineMaterials/Substrate/Glints2/dict_0000_0161.uasset" 6940
"../../../Engine/Content/EngineMaterials/Substrate/Glints2/dict_0000_0158.uasset" 6941
"../../../Engine/Content/EngineMaterials/Substrate/Glints2/dict_0000_0149.uasset" 6942
"/Engine/EngineMaterials/Substrate/Glints2/dict_0000_0135" 6943
"/Engine/EngineMaterials/Substrate/Glints2/dict_0000_0134" 6944
"/Engine/EngineMaterials/Substrate/Glints2/dict_0000_0133" 6945
"/Engine/EngineMaterials/Substrate/Glints2/dict_0000_0132" 6946
"/Engine/EngineMaterials/Substrate/Glints2/dict_0000_0131" 6947
"/Engine/EngineMaterials/Substrate/Glints2/dict_0000_0130" 6948
"../../../Engine/Content/EngineMaterials/Substrate/Glints2/dict_0000_0164.uasset" 6949
"../../../Engine/Content/EngineMaterials/Substrate/Glints2/dict_0000_0162.uasset" 6950
"../../../Engine/Content/EngineMaterials/Substrate/Glints2/dict_0000_0168.uasset" 6951
"/Engine/EngineMaterials/Substrate/Glints2/dict_0000_0161" 6952
"../../../Engine/Content/EngineMaterials/Substrate/Glints2/dict_0000_0165.uasset" 6953
"../../../Engine/Content/EngineMaterials/Substrate/Glints2/dict_0000_0163.uasset" 6954
"../../../Engine/Content/EngineMaterials/Substrate/Glints2/dict_0000_0167.uasset" 6955
"../../../Engine/Content/EngineMaterials/Substrate/Glints2/dict_0000_0166.uasset" 6956
"/Engine/EngineMaterials/Substrate/Glints2/dict_0000_0160" 6957
"/Engine/EngineMaterials/Substrate/Glints2/dict_0000_0159" 6958
"/Engine/EngineMaterials/Substrate/Glints2/dict_0000_0158" 6959
"/Engine/EngineMaterials/Substrate/Glints2/dict_0000_0157" 6960
"/Engine/EngineMaterials/Substrate/Glints2/dict_0000_0156" 6961
"/Engine/EngineMaterials/Substrate/Glints2/dict_0000_0155" 6962
"/Engine/EngineMaterials/Substrate/Glints2/dict_0000_0154" 6963
"/Engine/EngineMaterials/Substrate/Glints2/dict_0000_0153" 6964
"/Engine/EngineMaterials/Substrate/Glints2/dict_0000_0152" 6965
"/Engine/EngineMaterials/Substrate/Glints2/dict_0000_0151" 6966
"/Engine/EngineMaterials/Substrate/Glints2/dict_0000_0150" 6967
"/Engine/EngineMaterials/Substrate/Glints2/dict_0000_0149" 6968
"/Engine/EngineMaterials/Substrate/Glints2/dict_0000_0148" 6969
"/Engine/EngineMaterials/Substrate/Glints2/dict_0000_0147" 6970
"/Engine/EngineMaterials/Substrate/Glints2/dict_0000_0146" 6971
"/Engine/EngineMaterials/Substrate/Glints2/dict_0000_0145" 6972
"/Engine/EngineMaterials/Substrate/Glints2/dict_0000_0144" 6973
"/Engine/EngineMaterials/Substrate/Glints2/dict_0000_0143" 6974
"/Engine/EngineMaterials/Substrate/Glints2/dict_0000_0142" 6975
"/Engine/EngineMaterials/Substrate/Glints2/dict_0000_0141" 6976
"/Engine/EngineMaterials/Substrate/Glints2/dict_0000_0140" 6977
"/Engine/EngineMaterials/Substrate/Glints2/dict_0000_0139" 6978
"/Engine/EngineMaterials/Substrate/Glints2/dict_0000_0138" 6979
"/Engine/EngineMaterials/Substrate/Glints2/dict_0000_0137" 6980
"../../../Engine/Content/EngineMaterials/Substrate/Glints2/dict_0000_0170.uasset" 6981
"../../../Engine/Content/EngineMaterials/Substrate/Glints2/dict_0000_0174.uasset" 6982
"../../../Engine/Content/EngineMaterials/Substrate/Glints2/dict_0000_0172.uasset" 6983
"../../../Engine/Content/EngineMaterials/Substrate/Glints2/dict_0000_0175.uasset" 6984
"/Engine/EngineMaterials/Substrate/Glints2/dict_0000_0168" 6985
"../../../Engine/Content/EngineMaterials/Substrate/Glints2/dict_0000_0177.uasset" 6986
"../../../Engine/Content/EngineMaterials/Substrate/Glints2/dict_0000_0171.uasset" 6987
"../../../Engine/Content/EngineMaterials/Substrate/Glints2/dict_0000_0173.uasset" 6988
"../../../Engine/Content/EngineMaterials/Substrate/Glints2/dict_0000_0180.uasset" 6989
"../../../Engine/Content/EngineMaterials/Substrate/Glints2/dict_0000_0169.uasset" 6990
"../../../Engine/Content/EngineMaterials/Substrate/Glints2/dict_0000_0176.uasset" 6991
"../../../Engine/Content/EngineMaterials/Substrate/Glints2/dict_0000_0183.uasset" 6992
"../../../Engine/Content/EngineMaterials/Substrate/Glints2/dict_0000_0179.uasset" 6993
"../../../Engine/Content/EngineMaterials/Substrate/Glints2/dict_0000_0186.uasset" 6994
"../../../Engine/Content/EngineMaterials/Substrate/Glints2/dict_0000_0178.uasset" 6995
"../../../Engine/Content/EngineMaterials/Substrate/Glints2/dict_0000_0182.uasset" 6996
"../../../Engine/Content/EngineMaterials/Substrate/Glints2/dict_0000_0188.uasset" 6997
"../../../Engine/Content/EngineMaterials/Substrate/Glints2/dict_0000_0187.uasset" 6998
"../../../Engine/Content/EngineMaterials/Substrate/Glints2/dict_0000_0189.uasset" 6999
"../../../Engine/Content/EngineMaterials/Substrate/Glints2/dict_0000_0184.uasset" 7000
"../../../Engine/Content/EngineMaterials/Substrate/Glints2/dict_0000_0185.uasset" 7001
"../../../Engine/Content/EngineMaterials/Substrate/Glints2/dict_0000_0193.uasset" 7002
"../../../Engine/Content/EngineMaterials/Substrate/Glints2/dict_0000_0181.uasset" 7003
"../../../Engine/Content/EngineMaterials/Substrate/Glints2/dict_0000_0190.uasset" 7004
"../../../Engine/Content/EngineMaterials/Substrate/Glints2/dict_0000_0192.uasset" 7005
"../../../Engine/Content/EngineMaterials/Substrate/Glints2/dict_0000_0191.uasset" 7006
"/Engine/EngineMaterials/Substrate/Glints2/dict_0000_0167" 7007
"/Engine/EngineMaterials/Substrate/Glints2/dict_0000_0166" 7008
"/Engine/EngineMaterials/Substrate/Glints2/dict_0000_0165" 7009
"/Engine/EngineMaterials/Substrate/Glints2/dict_0000_0164" 7010
"/Engine/EngineMaterials/Substrate/Glints2/dict_0000_0163" 7011
"/Engine/EngineMaterials/Substrate/Glints2/dict_0000_0162" 7012
"../../../Engine/Content/EngineMaterials/Substrate/Glints2/dict_0000_0195.uasset" 7013
"../../../Engine/Content/EngineMaterials/Substrate/Glints2/dict_0000_0200.uasset" 7014
"../../../Engine/Content/EngineMaterials/Substrate/Glints2/dict_0000_0194.uasset" 7015
"/Engine/EngineMaterials/Substrate/Glints2/dict_0000_0193" 7016
"../../../Engine/Content/EngineMaterials/Substrate/Glints2/dict_0000_0196.uasset" 7017
"../../../Engine/Content/EngineMaterials/Substrate/Glints2/dict_0000_0198.uasset" 7018
"../../../Engine/Content/EngineMaterials/Substrate/Glints2/dict_0000_0197.uasset" 7019
"../../../Engine/Content/EngineMaterials/Substrate/Glints2/dict_0000_0199.uasset" 7020
"/Engine/EngineMaterials/Substrate/Glints2/dict_0000_0192" 7021
"/Engine/EngineMaterials/Substrate/Glints2/dict_0000_0191" 7022
"/Engine/EngineMaterials/Substrate/Glints2/dict_0000_0190" 7023
"/Engine/EngineMaterials/Substrate/Glints2/dict_0000_0189" 7024
"/Engine/EngineMaterials/Substrate/Glints2/dict_0000_0188" 7025
"/Engine/EngineMaterials/Substrate/Glints2/dict_0000_0187" 7026
"/Engine/EngineMaterials/Substrate/Glints2/dict_0000_0186" 7027
"/Engine/EngineMaterials/Substrate/Glints2/dict_0000_0185" 7028
"/Engine/EngineMaterials/Substrate/Glints2/dict_0000_0184" 7029
"/Engine/EngineMaterials/Substrate/Glints2/dict_0000_0183" 7030
"/Engine/EngineMaterials/Substrate/Glints2/dict_0000_0182" 7031
"/Engine/EngineMaterials/Substrate/Glints2/dict_0000_0181" 7032
"/Engine/EngineMaterials/Substrate/Glints2/dict_0000_0180" 7033
"/Engine/EngineMaterials/Substrate/Glints2/dict_0000_0179" 7034
"/Engine/EngineMaterials/Substrate/Glints2/dict_0000_0178" 7035
"/Engine/EngineMaterials/Substrate/Glints2/dict_0000_0177" 7036
"/Engine/EngineMaterials/Substrate/Glints2/dict_0000_0176" 7037
"/Engine/EngineMaterials/Substrate/Glints2/dict_0000_0175" 7038
"/Engine/EngineMaterials/Substrate/Glints2/dict_0000_0174" 7039
"/Engine/EngineMaterials/Substrate/Glints2/dict_0000_0173" 7040
"/Engine/EngineMaterials/Substrate/Glints2/dict_0000_0172" 7041
"/Engine/EngineMaterials/Substrate/Glints2/dict_0000_0171" 7042
"/Engine/EngineMaterials/Substrate/Glints2/dict_0000_0170" 7043
"/Engine/EngineMaterials/Substrate/Glints2/dict_0000_0169" 7044
"../../../Engine/Content/EngineMaterials/Substrate/Glints2/dict_0000_0202.uasset" 7045
"../../../Engine/Content/EngineMaterials/Substrate/Glints2/dict_0000_0201.uasset" 7046
"../../../Engine/Content/EngineMaterials/Substrate/Glints2/dict_0000_0206.uasset" 7047
"../../../Engine/Content/EngineMaterials/Substrate/Glints2/dict_0000_0208.uasset" 7048
"../../../Engine/Content/EngineMaterials/Substrate/Glints2/dict_0000_0203.uasset" 7049
"../../../Engine/Content/EngineMaterials/Substrate/Glints2/dict_0000_0207.uasset" 7050
"/Engine/EngineMaterials/Substrate/Glints2/dict_0000_0200" 7051
"../../../Engine/Content/EngineMaterials/Substrate/Glints2/dict_0000_0209.uasset" 7052
"../../../Engine/Content/EngineMaterials/Substrate/Glints2/dict_0000_0213.uasset" 7053
"../../../Engine/Content/EngineMaterials/Substrate/Glints2/dict_0000_0204.uasset" 7054
"../../../Engine/Content/EngineMaterials/Substrate/Glints2/dict_0000_0210.uasset" 7055
"../../../Engine/Content/EngineMaterials/Substrate/Glints2/dict_0000_0214.uasset" 7056
"../../../Engine/Content/EngineMaterials/Substrate/Glints2/dict_0000_0215.uasset" 7057
"../../../Engine/Content/EngineMaterials/Substrate/Glints2/dict_0000_0216.uasset" 7058
"../../../Engine/Content/EngineMaterials/Substrate/Glints2/dict_0000_0219.uasset" 7059
"../../../Engine/Content/EngineMaterials/Substrate/Glints2/dict_0000_0218.uasset" 7060
"../../../Engine/Content/EngineMaterials/Substrate/Glints2/dict_0000_0217.uasset" 7061
"../../../Engine/Content/EngineMaterials/Substrate/Glints2/dict_0000_0205.uasset" 7062
"../../../Engine/Content/EngineMaterials/Substrate/Glints2/dict_0000_0221.uasset" 7063
"../../../Engine/Content/EngineMaterials/Substrate/Glints2/dict_0000_0222.uasset" 7064
"../../../Engine/Content/EngineMaterials/Substrate/Glints2/dict_0000_0223.uasset" 7065
"../../../Engine/Content/EngineMaterials/Substrate/Glints2/dict_0000_0224.uasset" 7066
"../../../Engine/Content/EngineMaterials/Substrate/Glints2/dict_0000_0211.uasset" 7067
"../../../Engine/Content/EngineMaterials/Substrate/Glints2/dict_0000_0225.uasset" 7068
"../../../Engine/Content/EngineMaterials/Substrate/Glints2/dict_0000_0220.uasset" 7069
"../../../Engine/Content/EngineMaterials/Substrate/Glints2/dict_0000_0212.uasset" 7070
"/Engine/EngineMaterials/Substrate/Glints2/dict_0000_0199" 7071
"/Engine/EngineMaterials/Substrate/Glints2/dict_0000_0198" 7072
"/Engine/EngineMaterials/Substrate/Glints2/dict_0000_0197" 7073
"/Engine/EngineMaterials/Substrate/Glints2/dict_0000_0196" 7074
"/Engine/EngineMaterials/Substrate/Glints2/dict_0000_0195" 7075
"/Engine/EngineMaterials/Substrate/Glints2/dict_0000_0194" 7076
"../../../Engine/Content/EngineMaterials/Substrate/Glints2/dict_0000_0227.uasset" 7077
"../../../Engine/Content/EngineMaterials/Substrate/Glints2/dict_0000_0226.uasset" 7078
"../../../Engine/Content/EngineMaterials/Substrate/Glints2/dict_0000_0230.uasset" 7079
"../../../Engine/Content/EngineMaterials/Substrate/Glints2/dict_0000_0229.uasset" 7080
"../../../Engine/Content/EngineMaterials/Substrate/Glints2/dict_0000_0231.uasset" 7081
"../../../Engine/Content/EngineMaterials/Substrate/Glints2/dict_0000_0232.uasset" 7082
"/Engine/EngineMaterials/Substrate/Glints2/dict_0000_0225" 7083
"../../../Engine/Content/EngineMaterials/Substrate/Glints2/dict_0000_0228.uasset" 7084
"/Engine/EngineMaterials/Substrate/Glints2/dict_0000_0224" 7085
"/Engine/EngineMaterials/Substrate/Glints2/dict_0000_0223" 7086
"/Engine/EngineMaterials/Substrate/Glints2/dict_0000_0222" 7087
"/Engine/EngineMaterials/Substrate/Glints2/dict_0000_0221" 7088
"/Engine/EngineMaterials/Substrate/Glints2/dict_0000_0220" 7089
"/Engine/EngineMaterials/Substrate/Glints2/dict_0000_0219" 7090
"/Engine/EngineMaterials/Substrate/Glints2/dict_0000_0218" 7091
"/Engine/EngineMaterials/Substrate/Glints2/dict_0000_0217" 7092
"/Engine/EngineMaterials/Substrate/Glints2/dict_0000_0216" 7093
"/Engine/EngineMaterials/Substrate/Glints2/dict_0000_0215" 7094
"/Engine/EngineMaterials/Substrate/Glints2/dict_0000_0214" 7095
"/Engine/EngineMaterials/Substrate/Glints2/dict_0000_0213" 7096
"/Engine/EngineMaterials/Substrate/Glints2/dict_0000_0212" 7097
"/Engine/EngineMaterials/Substrate/Glints2/dict_0000_0211" 7098
"/Engine/EngineMaterials/Substrate/Glints2/dict_0000_0210" 7099
"/Engine/EngineMaterials/Substrate/Glints2/dict_0000_0209" 7100
"/Engine/EngineMaterials/Substrate/Glints2/dict_0000_0208" 7101
"/Engine/EngineMaterials/Substrate/Glints2/dict_0000_0207" 7102
"/Engine/EngineMaterials/Substrate/Glints2/dict_0000_0206" 7103
"/Engine/EngineMaterials/Substrate/Glints2/dict_0000_0205" 7104
"/Engine/EngineMaterials/Substrate/Glints2/dict_0000_0204" 7105
"/Engine/EngineMaterials/Substrate/Glints2/dict_0000_0203" 7106
"/Engine/EngineMaterials/Substrate/Glints2/dict_0000_0202" 7107
"/Engine/EngineMaterials/Substrate/Glints2/dict_0000_0201" 7108
"../../../Engine/Content/EngineMaterials/Substrate/Glints2/dict_0000_0235.uasset" 7109
"../../../Engine/Content/EngineMaterials/Substrate/Glints2/dict_0000_0241.uasset" 7110
"../../../Engine/Content/EngineMaterials/Substrate/Glints2/dict_0000_0239.uasset" 7111
"../../../Engine/Content/EngineMaterials/Substrate/Glints2/dict_0000_0233.uasset" 7112
"../../../Engine/Content/EngineMaterials/Substrate/Glints2/dict_0000_0242.uasset" 7113
"/Engine/EngineMaterials/Substrate/Glints2/dict_0000_0232" 7114
"../../../Engine/Content/EngineMaterials/Substrate/Glints2/dict_0000_0236.uasset" 7115
"../../../Engine/Content/EngineMaterials/Substrate/Glints2/dict_0000_0245.uasset" 7116
"../../../Engine/Content/EngineMaterials/Substrate/Glints2/dict_0000_0244.uasset" 7117
"../../../Engine/Content/EngineMaterials/Substrate/Glints2/dict_0000_0243.uasset" 7118
"../../../Engine/Content/EngineMaterials/Substrate/Glints2/dict_0000_0246.uasset" 7119
"../../../Engine/Content/EngineMaterials/Substrate/Glints2/dict_0000_0247.uasset" 7120
"../../../Engine/Content/EngineMaterials/Substrate/Glints2/dict_0000_0248.uasset" 7121
"../../../Engine/Content/EngineMaterials/Substrate/Glints2/dict_0000_0240.uasset" 7122
"../../../Engine/Content/EngineMaterials/Substrate/Glints2/dict_0000_0250.uasset" 7123
"../../../Engine/Content/EngineMaterials/Substrate/Glints2/dict_0000_0253.uasset" 7124
"../../../Engine/Content/EngineMaterials/Substrate/Glints2/dict_0000_0254.uasset" 7125
"../../../Engine/Content/EngineMaterials/Substrate/Glints2/dict_0000_0237.uasset" 7126
"../../../Engine/Content/EngineMaterials/Substrate/Glints2/dict_0000_0255.uasset" 7127
"../../../Engine/Content/EngineMaterials/Substrate/Glints2/dict_0001_0000.uasset" 7128
"../../../Engine/Content/EngineMaterials/Substrate/Glints2/dict_0001_0001.uasset" 7129
"../../../Engine/Content/EngineMaterials/Substrate/Glints2/dict_0000_0252.uasset" 7130
"../../../Engine/Content/EngineMaterials/Substrate/Glints2/dict_0000_0251.uasset" 7131
"../../../Engine/Content/EngineMaterials/Substrate/Glints2/dict_0000_0249.uasset" 7132
"../../../Engine/Content/EngineMaterials/Substrate/Glints2/dict_0000_0234.uasset" 7133
"../../../Engine/Content/EngineMaterials/Substrate/Glints2/dict_0000_0238.uasset" 7134
"/Engine/EngineMaterials/Substrate/Glints2/dict_0000_0231" 7135
"/Engine/EngineMaterials/Substrate/Glints2/dict_0000_0230" 7136
"/Engine/EngineMaterials/Substrate/Glints2/dict_0000_0229" 7137
"/Engine/EngineMaterials/Substrate/Glints2/dict_0000_0228" 7138
"/Engine/EngineMaterials/Substrate/Glints2/dict_0000_0227" 7139
"/Engine/EngineMaterials/Substrate/Glints2/dict_0000_0226" 7140
"../../../Engine/Content/EngineMaterials/Substrate/Glints2/dict_0001_0004.uasset" 7141
"../../../Engine/Content/EngineMaterials/Substrate/Glints2/dict_0001_0007.uasset" 7142
"../../../Engine/Content/EngineMaterials/Substrate/Glints2/dict_0001_0003.uasset" 7143
"../../../Engine/Content/EngineMaterials/Substrate/Glints2/dict_0001_0005.uasset" 7144
"../../../Engine/Content/EngineMaterials/Substrate/Glints2/dict_0001_0002.uasset" 7145
"../../../Engine/Content/EngineMaterials/Substrate/Glints2/dict_0001_0008.uasset" 7146
"../../../Engine/Content/EngineMaterials/Substrate/Glints2/dict_0001_0006.uasset" 7147
"/Engine/EngineMaterials/Substrate/Glints2/dict_0001_0001" 7148
"/Engine/EngineMaterials/Substrate/Glints2/dict_0001_0000" 7149
"/Engine/EngineMaterials/Substrate/Glints2/dict_0000_0255" 7150
"/Engine/EngineMaterials/Substrate/Glints2/dict_0000_0254" 7151
"/Engine/EngineMaterials/Substrate/Glints2/dict_0000_0253" 7152
"/Engine/EngineMaterials/Substrate/Glints2/dict_0000_0252" 7153
"/Engine/EngineMaterials/Substrate/Glints2/dict_0000_0251" 7154
"/Engine/EngineMaterials/Substrate/Glints2/dict_0000_0250" 7155
"/Engine/EngineMaterials/Substrate/Glints2/dict_0000_0249" 7156
"/Engine/EngineMaterials/Substrate/Glints2/dict_0000_0248" 7157
"/Engine/EngineMaterials/Substrate/Glints2/dict_0000_0247" 7158
"/Engine/EngineMaterials/Substrate/Glints2/dict_0000_0246" 7159
"/Engine/EngineMaterials/Substrate/Glints2/dict_0000_0245" 7160
"/Engine/EngineMaterials/Substrate/Glints2/dict_0000_0244" 7161
"/Engine/EngineMaterials/Substrate/Glints2/dict_0000_0243" 7162
"/Engine/EngineMaterials/Substrate/Glints2/dict_0000_0242" 7163
"/Engine/EngineMaterials/Substrate/Glints2/dict_0000_0241" 7164
"/Engine/EngineMaterials/Substrate/Glints2/dict_0000_0240" 7165
"/Engine/EngineMaterials/Substrate/Glints2/dict_0000_0239" 7166
"/Engine/EngineMaterials/Substrate/Glints2/dict_0000_0238" 7167
"/Engine/EngineMaterials/Substrate/Glints2/dict_0000_0237" 7168
"/Engine/EngineMaterials/Substrate/Glints2/dict_0000_0236" 7169
"/Engine/EngineMaterials/Substrate/Glints2/dict_0000_0235" 7170
"/Engine/EngineMaterials/Substrate/Glints2/dict_0000_0234" 7171
"/Engine/EngineMaterials/Substrate/Glints2/dict_0000_0233" 7172
"/Engine/EngineMaterials/Substrate/Glints2/dict_0001_0008" 7173
"../../../Engine/Content/EngineMaterials/Substrate/Glints2/dict_0001_0011.uasset" 7174
"../../../Engine/Content/EngineMaterials/Substrate/Glints2/dict_0001_0013.uasset" 7175
"../../../Engine/Content/EngineMaterials/Substrate/Glints2/dict_0001_0012.uasset" 7176
"../../../Engine/Content/EngineMaterials/Substrate/Glints2/dict_0001_0010.uasset" 7177
"../../../Engine/Content/EngineMaterials/Substrate/Glints2/dict_0001_0016.uasset" 7178
"../../../Engine/Content/EngineMaterials/Substrate/Glints2/dict_0001_0015.uasset" 7179
"../../../Engine/Content/EngineMaterials/Substrate/Glints2/dict_0001_0018.uasset" 7180
"../../../Engine/Content/EngineMaterials/Substrate/Glints2/dict_0001_0014.uasset" 7181
"../../../Engine/Content/EngineMaterials/Substrate/Glints2/dict_0001_0020.uasset" 7182
"../../../Engine/Content/EngineMaterials/Substrate/Glints2/dict_0001_0019.uasset" 7183
"../../../Engine/Content/EngineMaterials/Substrate/Glints2/dict_0001_0021.uasset" 7184
"../../../Engine/Content/EngineMaterials/Substrate/Glints2/dict_0001_0023.uasset" 7185
"../../../Engine/Content/EngineMaterials/Substrate/Glints2/dict_0001_0022.uasset" 7186
"/Engine/EngineMaterials/Substrate/Glints2/dict_0001_0007" 7187
"../../../Engine/Content/EngineMaterials/Substrate/Glints2/dict_0001_0026.uasset" 7188
"../../../Engine/Content/EngineMaterials/Substrate/Glints2/dict_0001_0024.uasset" 7189
"../../../Engine/Content/EngineMaterials/Substrate/Glints2/dict_0001_0028.uasset" 7190
"../../../Engine/Content/EngineMaterials/Substrate/Glints2/dict_0001_0027.uasset" 7191
"../../../Engine/Content/EngineMaterials/Substrate/Glints2/dict_0001_0025.uasset" 7192
"../../../Engine/Content/EngineMaterials/Substrate/Glints2/dict_0001_0031.uasset" 7193
"../../../Engine/Content/EngineMaterials/Substrate/Glints2/dict_0001_0029.uasset" 7194
"../../../Engine/Content/EngineMaterials/Substrate/Glints2/dict_0001_0032.uasset" 7195
"../../../Engine/Content/EngineMaterials/Substrate/Glints2/dict_0001_0030.uasset" 7196
"../../../Engine/Content/EngineMaterials/Substrate/Glints2/dict_0001_0009.uasset" 7197
"../../../Engine/Content/EngineMaterials/Substrate/Glints2/dict_0001_0017.uasset" 7198
"../../../Engine/Content/EngineMaterials/Substrate/Glints2/dict_0001_0033.uasset" 7199
"/Engine/EngineMaterials/Substrate/Glints2/dict_0001_0006" 7200
"/Engine/EngineMaterials/Substrate/Glints2/dict_0001_0005" 7201
"/Engine/EngineMaterials/Substrate/Glints2/dict_0001_0004" 7202
"/Engine/EngineMaterials/Substrate/Glints2/dict_0001_0003" 7203
"/Engine/EngineMaterials/Substrate/Glints2/dict_0001_0002" 7204
"../../../Engine/Content/EngineMaterials/Substrate/Glints2/dict_0001_0035.uasset" 7205
"../../../Engine/Content/EngineMaterials/Substrate/Glints2/dict_0001_0034.uasset" 7206
"../../../Engine/Content/EngineMaterials/Substrate/Glints2/dict_0001_0037.uasset" 7207
"../../../Engine/Content/EngineMaterials/Substrate/Glints2/dict_0001_0036.uasset" 7208
"../../../Engine/Content/EngineMaterials/Substrate/Glints2/dict_0001_0040.uasset" 7209
"../../../Engine/Content/EngineMaterials/Substrate/Glints2/dict_0001_0038.uasset" 7210
"../../../Engine/Content/EngineMaterials/Substrate/Glints2/dict_0001_0039.uasset" 7211
"/Engine/EngineMaterials/Substrate/Glints2/dict_0001_0033" 7212
"/Engine/EngineMaterials/Substrate/Glints2/dict_0001_0032" 7213
"/Engine/EngineMaterials/Substrate/Glints2/dict_0001_0031" 7214
"/Engine/EngineMaterials/Substrate/Glints2/dict_0001_0030" 7215
"/Engine/EngineMaterials/Substrate/Glints2/dict_0001_0029" 7216
"/Engine/EngineMaterials/Substrate/Glints2/dict_0001_0028" 7217
"/Engine/EngineMaterials/Substrate/Glints2/dict_0001_0027" 7218
"/Engine/EngineMaterials/Substrate/Glints2/dict_0001_0026" 7219
"/Engine/EngineMaterials/Substrate/Glints2/dict_0001_0025" 7220
"/Engine/EngineMaterials/Substrate/Glints2/dict_0001_0024" 7221
"/Engine/EngineMaterials/Substrate/Glints2/dict_0001_0023" 7222
"/Engine/EngineMaterials/Substrate/Glints2/dict_0001_0022" 7223
"/Engine/EngineMaterials/Substrate/Glints2/dict_0001_0021" 7224
"/Engine/EngineMaterials/Substrate/Glints2/dict_0001_0020" 7225
"/Engine/EngineMaterials/Substrate/Glints2/dict_0001_0019" 7226
"/Engine/EngineMaterials/Substrate/Glints2/dict_0001_0018" 7227
"/Engine/EngineMaterials/Substrate/Glints2/dict_0001_0017" 7228
"/Engine/EngineMaterials/Substrate/Glints2/dict_0001_0016" 7229
"/Engine/EngineMaterials/Substrate/Glints2/dict_0001_0015" 7230
"/Engine/EngineMaterials/Substrate/Glints2/dict_0001_0014" 7231
"/Engine/EngineMaterials/Substrate/Glints2/dict_0001_0013" 7232
"/Engine/EngineMaterials/Substrate/Glints2/dict_0001_0012" 7233
"/Engine/EngineMaterials/Substrate/Glints2/dict_0001_0011" 7234
"/Engine/EngineMaterials/Substrate/Glints2/dict_0001_0010" 7235
"/Engine/EngineMaterials/Substrate/Glints2/dict_0001_0009" 7236
"../../../Engine/Content/EngineMaterials/Substrate/Glints2/dict_0001_0048.uasset" 7237
"../../../Engine/Content/EngineMaterials/Substrate/Glints2/dict_0001_0045.uasset" 7238
"../../../Engine/Content/EngineMaterials/Substrate/Glints2/dict_0001_0046.uasset" 7239
"../../../Engine/Content/EngineMaterials/Substrate/Glints2/dict_0001_0041.uasset" 7240
"../../../Engine/Content/EngineMaterials/Substrate/Glints2/dict_0001_0050.uasset" 7241
"../../../Engine/Content/EngineMaterials/Substrate/Glints2/dict_0001_0047.uasset" 7242
"../../../Engine/Content/EngineMaterials/Substrate/Glints2/dict_0001_0049.uasset" 7243
"../../../Engine/Content/EngineMaterials/Substrate/Glints2/dict_0001_0053.uasset" 7244
"../../../Engine/Content/EngineMaterials/Substrate/Glints2/dict_0001_0051.uasset" 7245
"../../../Engine/Content/EngineMaterials/Substrate/Glints2/dict_0001_0054.uasset" 7246
"../../../Engine/Content/EngineMaterials/Substrate/Glints2/dict_0001_0055.uasset" 7247
"../../../Engine/Content/EngineMaterials/Substrate/Glints2/dict_0001_0043.uasset" 7248
"../../../Engine/Content/EngineMaterials/Substrate/Glints2/dict_0001_0057.uasset" 7249
"../../../Engine/Content/EngineMaterials/Substrate/Glints2/dict_0001_0044.uasset" 7250
"../../../Engine/Content/EngineMaterials/Substrate/Glints2/dict_0001_0059.uasset" 7251
"../../../Engine/Content/EngineMaterials/Substrate/Glints2/dict_0001_0058.uasset" 7252
"../../../Engine/Content/EngineMaterials/Substrate/Glints2/dict_0001_0052.uasset" 7253
"../../../Engine/Content/EngineMaterials/Substrate/Glints2/dict_0001_0061.uasset" 7254
"../../../Engine/Content/EngineMaterials/Substrate/Glints2/dict_0001_0060.uasset" 7255
"../../../Engine/Content/EngineMaterials/Substrate/Glints2/dict_0001_0042.uasset" 7256
"../../../Engine/Content/EngineMaterials/Substrate/Glints2/dict_0001_0064.uasset" 7257
"/Engine/EngineMaterials/Substrate/Glints2/dict_0001_0040" 7258
"../../../Engine/Content/EngineMaterials/Substrate/Glints2/dict_0001_0065.uasset" 7259
"../../../Engine/Content/EngineMaterials/Substrate/Glints2/dict_0001_0063.uasset" 7260
"../../../Engine/Content/EngineMaterials/Substrate/Glints2/dict_0001_0056.uasset" 7261
"../../../Engine/Content/EngineMaterials/Substrate/Glints2/dict_0001_0062.uasset" 7262
"/Engine/EngineMaterials/Substrate/Glints2/dict_0001_0039" 7263
"/Engine/EngineMaterials/Substrate/Glints2/dict_0001_0038" 7264
"/Engine/EngineMaterials/Substrate/Glints2/dict_0001_0037" 7265
"/Engine/EngineMaterials/Substrate/Glints2/dict_0001_0036" 7266
"/Engine/EngineMaterials/Substrate/Glints2/dict_0001_0035" 7267
"/Engine/EngineMaterials/Substrate/Glints2/dict_0001_0034" 7268
"../../../Engine/Content/EngineMaterials/Substrate/Glints2/dict_0001_0070.uasset" 7269
"../../../Engine/Content/EngineMaterials/Substrate/Glints2/dict_0001_0068.uasset" 7270
"../../../Engine/Content/EngineMaterials/Substrate/Glints2/dict_0001_0072.uasset" 7271
"../../../Engine/Content/EngineMaterials/Substrate/Glints2/dict_0001_0067.uasset" 7272
"../../../Engine/Content/EngineMaterials/Substrate/Glints2/dict_0001_0069.uasset" 7273
"../../../Engine/Content/EngineMaterials/Substrate/Glints2/dict_0001_0071.uasset" 7274
"../../../Engine/Content/EngineMaterials/Substrate/Glints2/dict_0001_0066.uasset" 7275
"/Engine/EngineMaterials/Substrate/Glints2/dict_0001_0065" 7276
"/Engine/EngineMaterials/Substrate/Glints2/dict_0001_0064" 7277
"/Engine/EngineMaterials/Substrate/Glints2/dict_0001_0063" 7278
"/Engine/EngineMaterials/Substrate/Glints2/dict_0001_0062" 7279
"/Engine/EngineMaterials/Substrate/Glints2/dict_0001_0061" 7280
"/Engine/EngineMaterials/Substrate/Glints2/dict_0001_0060" 7281
"/Engine/EngineMaterials/Substrate/Glints2/dict_0001_0059" 7282
"/Engine/EngineMaterials/Substrate/Glints2/dict_0001_0058" 7283
"/Engine/EngineMaterials/Substrate/Glints2/dict_0001_0057" 7284
"/Engine/EngineMaterials/Substrate/Glints2/dict_0001_0056" 7285
"/Engine/EngineMaterials/Substrate/Glints2/dict_0001_0055" 7286
"/Engine/EngineMaterials/Substrate/Glints2/dict_0001_0054" 7287
"/Engine/EngineMaterials/Substrate/Glints2/dict_0001_0053" 7288
"/Engine/EngineMaterials/Substrate/Glints2/dict_0001_0052" 7289
"/Engine/EngineMaterials/Substrate/Glints2/dict_0001_0051" 7290
"/Engine/EngineMaterials/Substrate/Glints2/dict_0001_0050" 7291
"/Engine/EngineMaterials/Substrate/Glints2/dict_0001_0049" 7292
"/Engine/EngineMaterials/Substrate/Glints2/dict_0001_0048" 7293
"/Engine/EngineMaterials/Substrate/Glints2/dict_0001_0047" 7294
"/Engine/EngineMaterials/Substrate/Glints2/dict_0001_0046" 7295
"/Engine/EngineMaterials/Substrate/Glints2/dict_0001_0045" 7296
"/Engine/EngineMaterials/Substrate/Glints2/dict_0001_0044" 7297
"/Engine/EngineMaterials/Substrate/Glints2/dict_0001_0043" 7298
"/Engine/EngineMaterials/Substrate/Glints2/dict_0001_0042" 7299
"/Engine/EngineMaterials/Substrate/Glints2/dict_0001_0041" 7300
"../../../Engine/Content/EngineMaterials/Substrate/Glints2/dict_0001_0075.uasset" 7301
"../../../Engine/Content/EngineMaterials/Substrate/Glints2/dict_0001_0079.uasset" 7302
"../../../Engine/Content/EngineMaterials/Substrate/Glints2/dict_0001_0080.uasset" 7303
"../../../Engine/Content/EngineMaterials/Substrate/Glints2/dict_0001_0076.uasset" 7304
"../../../Engine/Content/EngineMaterials/Substrate/Glints2/dict_0001_0077.uasset" 7305
"../../../Engine/Content/EngineMaterials/Substrate/Glints2/dict_0001_0082.uasset" 7306
"../../../Engine/Content/EngineMaterials/Substrate/Glints2/dict_0001_0074.uasset" 7307
"../../../Engine/Content/EngineMaterials/Substrate/Glints2/dict_0001_0073.uasset" 7308
"/Engine/EngineMaterials/Substrate/Glints2/dict_0001_0072" 7309
"../../../Engine/Content/EngineMaterials/Substrate/Glints2/dict_0001_0083.uasset" 7310
"../../../Engine/Content/EngineMaterials/Substrate/Glints2/dict_0001_0078.uasset" 7311
"../../../Engine/Content/EngineMaterials/Substrate/Glints2/dict_0001_0084.uasset" 7312
"../../../Engine/Content/EngineMaterials/Substrate/Glints2/dict_0001_0085.uasset" 7313
"../../../Engine/Content/EngineMaterials/Substrate/Glints2/dict_0001_0087.uasset" 7314
"../../../Engine/Content/EngineMaterials/Substrate/Glints2/dict_0001_0090.uasset" 7315
"../../../Engine/Content/EngineMaterials/Substrate/Glints2/dict_0001_0086.uasset" 7316
"../../../Engine/Content/EngineMaterials/Substrate/Glints2/dict_0001_0091.uasset" 7317
"../../../Engine/Content/EngineMaterials/Substrate/Glints2/dict_0001_0089.uasset" 7318
"../../../Engine/Content/EngineMaterials/Substrate/Glints2/dict_0001_0092.uasset" 7319
"../../../Engine/Content/EngineMaterials/Substrate/Glints2/dict_0001_0093.uasset" 7320
"../../../Engine/Content/EngineMaterials/Substrate/Glints2/dict_0001_0095.uasset" 7321
"../../../Engine/Content/EngineMaterials/Substrate/Glints2/dict_0001_0081.uasset" 7322
"../../../Engine/Content/EngineMaterials/Substrate/Glints2/dict_0001_0096.uasset" 7323
"../../../Engine/Content/EngineMaterials/Substrate/Glints2/dict_0001_0088.uasset" 7324
"../../../Engine/Content/EngineMaterials/Substrate/Glints2/dict_0001_0094.uasset" 7325
"../../../Engine/Content/EngineMaterials/Substrate/Glints2/dict_0001_0097.uasset" 7326
"/Engine/EngineMaterials/Substrate/Glints2/dict_0001_0071" 7327
"/Engine/EngineMaterials/Substrate/Glints2/dict_0001_0070" 7328
"/Engine/EngineMaterials/Substrate/Glints2/dict_0001_0069" 7329
"/Engine/EngineMaterials/Substrate/Glints2/dict_0001_0068" 7330
"/Engine/EngineMaterials/Substrate/Glints2/dict_0001_0067" 7331
"/Engine/EngineMaterials/Substrate/Glints2/dict_0001_0066" 7332
"../../../Engine/Content/EngineMaterials/Substrate/Glints2/dict_0001_0100.uasset" 7333
"../../../Engine/Content/EngineMaterials/Substrate/Glints2/dict_0001_0099.uasset" 7334
"../../../Engine/Content/EngineMaterials/Substrate/Glints2/dict_0001_0101.uasset" 7335
"../../../Engine/Content/EngineMaterials/Substrate/Glints2/dict_0001_0102.uasset" 7336
"/Engine/EngineMaterials/Substrate/Glints2/dict_0001_0097" 7337
"../../../Engine/Content/EngineMaterials/Substrate/Glints2/dict_0001_0104.uasset" 7338
"../../../Engine/Content/EngineMaterials/Substrate/Glints2/dict_0001_0098.uasset" 7339
"../../../Engine/Content/EngineMaterials/Substrate/Glints2/dict_0001_0103.uasset" 7340
"/Engine/EngineMaterials/Substrate/Glints2/dict_0001_0096" 7341
"/Engine/EngineMaterials/Substrate/Glints2/dict_0001_0095" 7342
"/Engine/EngineMaterials/Substrate/Glints2/dict_0001_0094" 7343
"/Engine/EngineMaterials/Substrate/Glints2/dict_0001_0093" 7344
"/Engine/EngineMaterials/Substrate/Glints2/dict_0001_0092" 7345
"/Engine/EngineMaterials/Substrate/Glints2/dict_0001_0091" 7346
"/Engine/EngineMaterials/Substrate/Glints2/dict_0001_0090" 7347
"/Engine/EngineMaterials/Substrate/Glints2/dict_0001_0089" 7348
"/Engine/EngineMaterials/Substrate/Glints2/dict_0001_0088" 7349
"/Engine/EngineMaterials/Substrate/Glints2/dict_0001_0087" 7350
"/Engine/EngineMaterials/Substrate/Glints2/dict_0001_0086" 7351
"/Engine/EngineMaterials/Substrate/Glints2/dict_0001_0085" 7352
"/Engine/EngineMaterials/Substrate/Glints2/dict_0001_0084" 7353
"/Engine/EngineMaterials/Substrate/Glints2/dict_0001_0083" 7354
"/Engine/EngineMaterials/Substrate/Glints2/dict_0001_0082" 7355
"/Engine/EngineMaterials/Substrate/Glints2/dict_0001_0081" 7356
"/Engine/EngineMaterials/Substrate/Glints2/dict_0001_0080" 7357
"/Engine/EngineMaterials/Substrate/Glints2/dict_0001_0079" 7358
"/Engine/EngineMaterials/Substrate/Glints2/dict_0001_0078" 7359
"/Engine/EngineMaterials/Substrate/Glints2/dict_0001_0077" 7360
"/Engine/EngineMaterials/Substrate/Glints2/dict_0001_0076" 7361
"/Engine/EngineMaterials/Substrate/Glints2/dict_0001_0075" 7362
"/Engine/EngineMaterials/Substrate/Glints2/dict_0001_0074" 7363
"/Engine/EngineMaterials/Substrate/Glints2/dict_0001_0073" 7364
"../../../Engine/Content/EngineMaterials/Substrate/Glints2/dict_0001_0105.uasset" 7365
"../../../Engine/Content/EngineMaterials/Substrate/Glints2/dict_0001_0112.uasset" 7366
"../../../Engine/Content/EngineMaterials/Substrate/Glints2/dict_0001_0111.uasset" 7367
"/Engine/EngineMaterials/Substrate/Glints2/dict_0001_0104" 7368
"../../../Engine/Content/EngineMaterials/Substrate/Glints2/dict_0001_0109.uasset" 7369
"../../../Engine/Content/EngineMaterials/Substrate/Glints2/dict_0001_0110.uasset" 7370
"../../../Engine/Content/EngineMaterials/Substrate/Glints2/dict_0001_0108.uasset" 7371
"../../../Engine/Content/EngineMaterials/Substrate/Glints2/dict_0001_0115.uasset" 7372
"../../../Engine/Content/EngineMaterials/Substrate/Glints2/dict_0001_0116.uasset" 7373
"../../../Engine/Content/EngineMaterials/Substrate/Glints2/dict_0001_0113.uasset" 7374
"../../../Engine/Content/EngineMaterials/Substrate/Glints2/dict_0001_0114.uasset" 7375
"../../../Engine/Content/EngineMaterials/Substrate/Glints2/dict_0001_0119.uasset" 7376
"../../../Engine/Content/EngineMaterials/Substrate/Glints2/dict_0001_0120.uasset" 7377
"../../../Engine/Content/EngineMaterials/Substrate/Glints2/dict_0001_0121.uasset" 7378
"../../../Engine/Content/EngineMaterials/Substrate/Glints2/dict_0001_0122.uasset" 7379
"../../../Engine/Content/EngineMaterials/Substrate/Glints2/dict_0001_0107.uasset" 7380
"../../../Engine/Content/EngineMaterials/Substrate/Glints2/dict_0001_0117.uasset" 7381
"../../../Engine/Content/EngineMaterials/Substrate/Glints2/dict_0001_0128.uasset" 7382
"../../../Engine/Content/EngineMaterials/Substrate/Glints2/dict_0001_0127.uasset" 7383
"../../../Engine/Content/EngineMaterials/Substrate/Glints2/dict_0001_0123.uasset" 7384
"../../../Engine/Content/EngineMaterials/Substrate/Glints2/dict_0001_0129.uasset" 7385
"../../../Engine/Content/EngineMaterials/Substrate/Glints2/dict_0001_0125.uasset" 7386
"../../../Engine/Content/EngineMaterials/Substrate/Glints2/dict_0001_0126.uasset" 7387
"../../../Engine/Content/EngineMaterials/Substrate/Glints2/dict_0001_0124.uasset" 7388
"../../../Engine/Content/EngineMaterials/Substrate/Glints2/dict_0001_0118.uasset" 7389
"../../../Engine/Content/EngineMaterials/Substrate/Glints2/dict_0001_0106.uasset" 7390
"/Engine/EngineMaterials/Substrate/Glints2/dict_0001_0103" 7391
"/Engine/EngineMaterials/Substrate/Glints2/dict_0001_0102" 7392
"/Engine/EngineMaterials/Substrate/Glints2/dict_0001_0101" 7393
"/Engine/EngineMaterials/Substrate/Glints2/dict_0001_0100" 7394
"/Engine/EngineMaterials/Substrate/Glints2/dict_0001_0099" 7395
"/Engine/EngineMaterials/Substrate/Glints2/dict_0001_0098" 7396
"../../../Engine/Content/EngineMaterials/Substrate/Glints2/dict_0001_0130.uasset" 7397
"../../../Engine/Content/EngineMaterials/Substrate/Glints2/dict_0001_0132.uasset" 7398
"../../../Engine/Content/EngineMaterials/Substrate/Glints2/dict_0001_0136.uasset" 7399
"../../../Engine/Content/EngineMaterials/Substrate/Glints2/dict_0001_0134.uasset" 7400
"../../../Engine/Content/EngineMaterials/Substrate/Glints2/dict_0001_0131.uasset" 7401
"../../../Engine/Content/EngineMaterials/Substrate/Glints2/dict_0001_0133.uasset" 7402
"/Engine/EngineMaterials/Substrate/Glints2/dict_0001_0129" 7403
"../../../Engine/Content/EngineMaterials/Substrate/Glints2/dict_0001_0135.uasset" 7404
"/Engine/EngineMaterials/Substrate/Glints2/dict_0001_0128" 7405
"/Engine/EngineMaterials/Substrate/Glints2/dict_0001_0127" 7406
"/Engine/EngineMaterials/Substrate/Glints2/dict_0001_0126" 7407
"/Engine/EngineMaterials/Substrate/Glints2/dict_0001_0125" 7408
"/Engine/EngineMaterials/Substrate/Glints2/dict_0001_0124" 7409
"/Engine/EngineMaterials/Substrate/Glints2/dict_0001_0123" 7410
"/Engine/EngineMaterials/Substrate/Glints2/dict_0001_0122" 7411
"/Engine/EngineMaterials/Substrate/Glints2/dict_0001_0121" 7412
"/Engine/EngineMaterials/Substrate/Glints2/dict_0001_0120" 7413
"/Engine/EngineMaterials/Substrate/Glints2/dict_0001_0119" 7414
"/Engine/EngineMaterials/Substrate/Glints2/dict_0001_0118" 7415
"/Engine/EngineMaterials/Substrate/Glints2/dict_0001_0117" 7416
"/Engine/EngineMaterials/Substrate/Glints2/dict_0001_0116" 7417
"/Engine/EngineMaterials/Substrate/Glints2/dict_0001_0115" 7418
"/Engine/EngineMaterials/Substrate/Glints2/dict_0001_0114" 7419
"/Engine/EngineMaterials/Substrate/Glints2/dict_0001_0113" 7420
"/Engine/EngineMaterials/Substrate/Glints2/dict_0001_0112" 7421
"/Engine/EngineMaterials/Substrate/Glints2/dict_0001_0111" 7422
"/Engine/EngineMaterials/Substrate/Glints2/dict_0001_0110" 7423
"/Engine/EngineMaterials/Substrate/Glints2/dict_0001_0109" 7424
"/Engine/EngineMaterials/Substrate/Glints2/dict_0001_0108" 7425
"/Engine/EngineMaterials/Substrate/Glints2/dict_0001_0107" 7426
"/Engine/EngineMaterials/Substrate/Glints2/dict_0001_0106" 7427
"/Engine/EngineMaterials/Substrate/Glints2/dict_0001_0105" 7428
"../../../Engine/Content/EngineMaterials/Substrate/Glints2/dict_0001_0139.uasset" 7429
"../../../Engine/Content/EngineMaterials/Substrate/Glints2/dict_0001_0143.uasset" 7430
"../../../Engine/Content/EngineMaterials/Substrate/Glints2/dict_0001_0145.uasset" 7431
"../../../Engine/Content/EngineMaterials/Substrate/Glints2/dict_0001_0138.uasset" 7432
"../../../Engine/Content/EngineMaterials/Substrate/Glints2/dict_0001_0140.uasset" 7433
"../../../Engine/Content/EngineMaterials/Substrate/Glints2/dict_0001_0141.uasset" 7434
"../../../Engine/Content/EngineMaterials/Substrate/Glints2/dict_0001_0147.uasset" 7435
"../../../Engine/Content/EngineMaterials/Substrate/Glints2/dict_0001_0142.uasset" 7436
"../../../Engine/Content/EngineMaterials/Substrate/Glints2/dict_0001_0137.uasset" 7437
"../../../Engine/Content/EngineMaterials/Substrate/Glints2/dict_0001_0150.uasset" 7438
"../../../Engine/Content/EngineMaterials/Substrate/Glints2/dict_0001_0151.uasset" 7439
"../../../Engine/Content/EngineMaterials/Substrate/Glints2/dict_0001_0144.uasset" 7440
"/Engine/EngineMaterials/Substrate/Glints2/dict_0001_0136" 7441
"../../../Engine/Content/EngineMaterials/Substrate/Glints2/dict_0001_0146.uasset" 7442
"../../../Engine/Content/EngineMaterials/Substrate/Glints2/dict_0001_0156.uasset" 7443
"../../../Engine/Content/EngineMaterials/Substrate/Glints2/dict_0001_0155.uasset" 7444
"../../../Engine/Content/EngineMaterials/Substrate/Glints2/dict_0001_0149.uasset" 7445
"../../../Engine/Content/EngineMaterials/Substrate/Glints2/dict_0001_0153.uasset" 7446
"../../../Engine/Content/EngineMaterials/Substrate/Glints2/dict_0001_0159.uasset" 7447
"../../../Engine/Content/EngineMaterials/Substrate/Glints2/dict_0001_0160.uasset" 7448
"../../../Engine/Content/EngineMaterials/Substrate/Glints2/dict_0001_0157.uasset" 7449
"../../../Engine/Content/EngineMaterials/Substrate/Glints2/dict_0001_0161.uasset" 7450
"../../../Engine/Content/EngineMaterials/Substrate/Glints2/dict_0001_0158.uasset" 7451
"../../../Engine/Content/EngineMaterials/Substrate/Glints2/dict_0001_0154.uasset" 7452
"../../../Engine/Content/EngineMaterials/Substrate/Glints2/dict_0001_0148.uasset" 7453
"../../../Engine/Content/EngineMaterials/Substrate/Glints2/dict_0001_0152.uasset" 7454
"/Engine/EngineMaterials/Substrate/Glints2/dict_0001_0135" 7455
"/Engine/EngineMaterials/Substrate/Glints2/dict_0001_0134" 7456
"/Engine/EngineMaterials/Substrate/Glints2/dict_0001_0133" 7457
"/Engine/EngineMaterials/Substrate/Glints2/dict_0001_0132" 7458
"/Engine/EngineMaterials/Substrate/Glints2/dict_0001_0131" 7459
"/Engine/EngineMaterials/Substrate/Glints2/dict_0001_0130" 7460
"../../../Engine/Content/EngineMaterials/Substrate/Glints2/dict_0001_0164.uasset" 7461
"../../../Engine/Content/EngineMaterials/Substrate/Glints2/dict_0001_0165.uasset" 7462
"../../../Engine/Content/EngineMaterials/Substrate/Glints2/dict_0001_0166.uasset" 7463
"/Engine/EngineMaterials/Substrate/Glints2/dict_0001_0161" 7464
"../../../Engine/Content/EngineMaterials/Substrate/Glints2/dict_0001_0168.uasset" 7465
"../../../Engine/Content/EngineMaterials/Substrate/Glints2/dict_0001_0163.uasset" 7466
"../../../Engine/Content/EngineMaterials/Substrate/Glints2/dict_0001_0167.uasset" 7467
"../../../Engine/Content/EngineMaterials/Substrate/Glints2/dict_0001_0162.uasset" 7468
"/Engine/EngineMaterials/Substrate/Glints2/dict_0001_0160" 7469
"/Engine/EngineMaterials/Substrate/Glints2/dict_0001_0159" 7470
"/Engine/EngineMaterials/Substrate/Glints2/dict_0001_0158" 7471
"/Engine/EngineMaterials/Substrate/Glints2/dict_0001_0157" 7472
"/Engine/EngineMaterials/Substrate/Glints2/dict_0001_0156" 7473
"/Engine/EngineMaterials/Substrate/Glints2/dict_0001_0155" 7474
"/Engine/EngineMaterials/Substrate/Glints2/dict_0001_0154" 7475
"/Engine/EngineMaterials/Substrate/Glints2/dict_0001_0153" 7476
"/Engine/EngineMaterials/Substrate/Glints2/dict_0001_0152" 7477
"/Engine/EngineMaterials/Substrate/Glints2/dict_0001_0151" 7478
"/Engine/EngineMaterials/Substrate/Glints2/dict_0001_0150" 7479
"/Engine/EngineMaterials/Substrate/Glints2/dict_0001_0149" 7480
"/Engine/EngineMaterials/Substrate/Glints2/dict_0001_0148" 7481
"/Engine/EngineMaterials/Substrate/Glints2/dict_0001_0147" 7482
"/Engine/EngineMaterials/Substrate/Glints2/dict_0001_0146" 7483
"/Engine/EngineMaterials/Substrate/Glints2/dict_0001_0145" 7484
"/Engine/EngineMaterials/Substrate/Glints2/dict_0001_0144" 7485
"/Engine/EngineMaterials/Substrate/Glints2/dict_0001_0143" 7486
"/Engine/EngineMaterials/Substrate/Glints2/dict_0001_0142" 7487
"/Engine/EngineMaterials/Substrate/Glints2/dict_0001_0141" 7488
"/Engine/EngineMaterials/Substrate/Glints2/dict_0001_0140" 7489
"/Engine/EngineMaterials/Substrate/Glints2/dict_0001_0139" 7490
"/Engine/EngineMaterials/Substrate/Glints2/dict_0001_0138" 7491
"/Engine/EngineMaterials/Substrate/Glints2/dict_0001_0137" 7492
"/Engine/EngineMaterials/Substrate/Glints2/dict_0001_0168" 7493
"../../../Engine/Content/EngineMaterials/Substrate/Glints2/dict_0001_0173.uasset" 7494
"../../../Engine/Content/EngineMaterials/Substrate/Glints2/dict_0001_0170.uasset" 7495
"../../../Engine/Content/EngineMaterials/Substrate/Glints2/dict_0001_0174.uasset" 7496
"../../../Engine/Content/EngineMaterials/Substrate/Glints2/dict_0001_0177.uasset" 7497
"../../../Engine/Content/EngineMaterials/Substrate/Glints2/dict_0001_0179.uasset" 7498
"../../../Engine/Content/EngineMaterials/Substrate/Glints2/dict_0001_0172.uasset" 7499
"../../../Engine/Content/EngineMaterials/Substrate/Glints2/dict_0001_0175.uasset" 7500
"../../../Engine/Content/EngineMaterials/Substrate/Glints2/dict_0001_0182.uasset" 7501
"../../../Engine/Content/EngineMaterials/Substrate/Glints2/dict_0001_0180.uasset" 7502
"../../../Engine/Content/EngineMaterials/Substrate/Glints2/dict_0001_0183.uasset" 7503
"../../../Engine/Content/EngineMaterials/Substrate/Glints2/dict_0001_0169.uasset" 7504
"../../../Engine/Content/EngineMaterials/Substrate/Glints2/dict_0001_0184.uasset" 7505
"../../../Engine/Content/EngineMaterials/Substrate/Glints2/dict_0001_0185.uasset" 7506
"../../../Engine/Content/EngineMaterials/Substrate/Glints2/dict_0001_0171.uasset" 7507
"../../../Engine/Content/EngineMaterials/Substrate/Glints2/dict_0001_0187.uasset" 7508
"../../../Engine/Content/EngineMaterials/Substrate/Glints2/dict_0001_0186.uasset" 7509
"../../../Engine/Content/EngineMaterials/Substrate/Glints2/dict_0001_0190.uasset" 7510
"../../../Engine/Content/EngineMaterials/Substrate/Glints2/dict_0001_0189.uasset" 7511
"../../../Engine/Content/EngineMaterials/Substrate/Glints2/dict_0001_0191.uasset" 7512
"../../../Engine/Content/EngineMaterials/Substrate/Glints2/dict_0001_0178.uasset" 7513
"../../../Engine/Content/EngineMaterials/Substrate/Glints2/dict_0001_0193.uasset" 7514
"../../../Engine/Content/EngineMaterials/Substrate/Glints2/dict_0001_0192.uasset" 7515
"../../../Engine/Content/EngineMaterials/Substrate/Glints2/dict_0001_0181.uasset" 7516
"../../../Engine/Content/EngineMaterials/Substrate/Glints2/dict_0001_0176.uasset" 7517
"../../../Engine/Content/EngineMaterials/Substrate/Glints2/dict_0001_0188.uasset" 7518
"/Engine/EngineMaterials/Substrate/Glints2/dict_0001_0167" 7519
"/Engine/EngineMaterials/Substrate/Glints2/dict_0001_0166" 7520
"/Engine/EngineMaterials/Substrate/Glints2/dict_0001_0165" 7521
"/Engine/EngineMaterials/Substrate/Glints2/dict_0001_0164" 7522
"/Engine/EngineMaterials/Substrate/Glints2/dict_0001_0163" 7523
"/Engine/EngineMaterials/Substrate/Glints2/dict_0001_0162" 7524
"../../../Engine/Content/EngineMaterials/Substrate/Glints2/dict_0001_0196.uasset" 7525
"../../../Engine/Content/EngineMaterials/Substrate/Glints2/dict_0001_0199.uasset" 7526
"../../../Engine/Content/EngineMaterials/Substrate/Glints2/dict_0001_0197.uasset" 7527
"../../../Engine/Content/EngineMaterials/Substrate/Glints2/dict_0001_0200.uasset" 7528
"/Engine/EngineMaterials/Substrate/Glints2/dict_0001_0193" 7529
"../../../Engine/Content/EngineMaterials/Substrate/Glints2/dict_0001_0195.uasset" 7530
"../../../Engine/Content/EngineMaterials/Substrate/Glints2/dict_0001_0198.uasset" 7531
"../../../Engine/Content/EngineMaterials/Substrate/Glints2/dict_0001_0194.uasset" 7532
"/Engine/EngineMaterials/Substrate/Glints2/dict_0001_0192" 7533
"/Engine/EngineMaterials/Substrate/Glints2/dict_0001_0191" 7534
"/Engine/EngineMaterials/Substrate/Glints2/dict_0001_0190" 7535
"/Engine/EngineMaterials/Substrate/Glints2/dict_0001_0189" 7536
"/Engine/EngineMaterials/Substrate/Glints2/dict_0001_0188" 7537
"/Engine/EngineMaterials/Substrate/Glints2/dict_0001_0187" 7538
"/Engine/EngineMaterials/Substrate/Glints2/dict_0001_0186" 7539
"/Engine/EngineMaterials/Substrate/Glints2/dict_0001_0185" 7540
"/Engine/EngineMaterials/Substrate/Glints2/dict_0001_0184" 7541
"/Engine/EngineMaterials/Substrate/Glints2/dict_0001_0183" 7542
"/Engine/EngineMaterials/Substrate/Glints2/dict_0001_0182" 7543
"/Engine/EngineMaterials/Substrate/Glints2/dict_0001_0181" 7544
"/Engine/EngineMaterials/Substrate/Glints2/dict_0001_0180" 7545
"/Engine/EngineMaterials/Substrate/Glints2/dict_0001_0179" 7546
"/Engine/EngineMaterials/Substrate/Glints2/dict_0001_0178" 7547
"/Engine/EngineMaterials/Substrate/Glints2/dict_0001_0177" 7548
"/Engine/EngineMaterials/Substrate/Glints2/dict_0001_0176" 7549
"/Engine/EngineMaterials/Substrate/Glints2/dict_0001_0175" 7550
"/Engine/EngineMaterials/Substrate/Glints2/dict_0001_0174" 7551
"/Engine/EngineMaterials/Substrate/Glints2/dict_0001_0173" 7552
"/Engine/EngineMaterials/Substrate/Glints2/dict_0001_0172" 7553
"/Engine/EngineMaterials/Substrate/Glints2/dict_0001_0171" 7554
"/Engine/EngineMaterials/Substrate/Glints2/dict_0001_0170" 7555
"/Engine/EngineMaterials/Substrate/Glints2/dict_0001_0169" 7556
"../../../Engine/Content/EngineMaterials/Substrate/Glints2/dict_0001_0204.uasset" 7557
"../../../Engine/Content/EngineMaterials/Substrate/Glints2/dict_0001_0206.uasset" 7558
"../../../Engine/Content/EngineMaterials/Substrate/Glints2/dict_0001_0205.uasset" 7559
"../../../Engine/Content/EngineMaterials/Substrate/Glints2/dict_0001_0210.uasset" 7560
"/Engine/EngineMaterials/Substrate/Glints2/dict_0001_0200" 7561
"../../../Engine/Content/EngineMaterials/Substrate/Glints2/dict_0001_0203.uasset" 7562
"../../../Engine/Content/EngineMaterials/Substrate/Glints2/dict_0001_0211.uasset" 7563
"../../../Engine/Content/EngineMaterials/Substrate/Glints2/dict_0001_0201.uasset" 7564
"../../../Engine/Content/EngineMaterials/Substrate/Glints2/dict_0001_0214.uasset" 7565
"../../../Engine/Content/EngineMaterials/Substrate/Glints2/dict_0001_0213.uasset" 7566
"../../../Engine/Content/EngineMaterials/Substrate/Glints2/dict_0001_0209.uasset" 7567
"../../../Engine/Content/EngineMaterials/Substrate/Glints2/dict_0001_0215.uasset" 7568
"../../../Engine/Content/EngineMaterials/Substrate/Glints2/dict_0001_0207.uasset" 7569
"../../../Engine/Content/EngineMaterials/Substrate/Glints2/dict_0001_0218.uasset" 7570
"../../../Engine/Content/EngineMaterials/Substrate/Glints2/dict_0001_0217.uasset" 7571
"../../../Engine/Content/EngineMaterials/Substrate/Glints2/dict_0001_0202.uasset" 7572
"../../../Engine/Content/EngineMaterials/Substrate/Glints2/dict_0001_0219.uasset" 7573
"../../../Engine/Content/EngineMaterials/Substrate/Glints2/dict_0001_0216.uasset" 7574
"../../../Engine/Content/EngineMaterials/Substrate/Glints2/dict_0001_0221.uasset" 7575
"../../../Engine/Content/EngineMaterials/Substrate/Glints2/dict_0001_0222.uasset" 7576
"../../../Engine/Content/EngineMaterials/Substrate/Glints2/dict_0001_0223.uasset" 7577
"../../../Engine/Content/EngineMaterials/Substrate/Glints2/dict_0001_0225.uasset" 7578
"../../../Engine/Content/EngineMaterials/Substrate/Glints2/dict_0001_0220.uasset" 7579
"../../../Engine/Content/EngineMaterials/Substrate/Glints2/dict_0001_0212.uasset" 7580
"../../../Engine/Content/EngineMaterials/Substrate/Glints2/dict_0001_0224.uasset" 7581
"../../../Engine/Content/EngineMaterials/Substrate/Glints2/dict_0001_0208.uasset" 7582
"/Engine/EngineMaterials/Substrate/Glints2/dict_0001_0199" 7583
"/Engine/EngineMaterials/Substrate/Glints2/dict_0001_0198" 7584
"/Engine/EngineMaterials/Substrate/Glints2/dict_0001_0197" 7585
"/Engine/EngineMaterials/Substrate/Glints2/dict_0001_0196" 7586
"/Engine/EngineMaterials/Substrate/Glints2/dict_0001_0195" 7587
"/Engine/EngineMaterials/Substrate/Glints2/dict_0001_0194" 7588
"../../../Engine/Content/EngineMaterials/Substrate/Glints2/dict_0001_0227.uasset" 7589
"../../../Engine/Content/EngineMaterials/Substrate/Glints2/dict_0001_0228.uasset" 7590
"../../../Engine/Content/EngineMaterials/Substrate/Glints2/dict_0001_0229.uasset" 7591
"../../../Engine/Content/EngineMaterials/Substrate/Glints2/dict_0001_0226.uasset" 7592
"../../../Engine/Content/EngineMaterials/Substrate/Glints2/dict_0001_0232.uasset" 7593
"../../../Engine/Content/EngineMaterials/Substrate/Glints2/dict_0001_0231.uasset" 7594
"/Engine/EngineMaterials/Substrate/Glints2/dict_0001_0225" 7595
"../../../Engine/Content/EngineMaterials/Substrate/Glints2/dict_0001_0230.uasset" 7596
"/Engine/EngineMaterials/Substrate/Glints2/dict_0001_0224" 7597
"/Engine/EngineMaterials/Substrate/Glints2/dict_0001_0223" 7598
"/Engine/EngineMaterials/Substrate/Glints2/dict_0001_0222" 7599
"/Engine/EngineMaterials/Substrate/Glints2/dict_0001_0221" 7600
"/Engine/EngineMaterials/Substrate/Glints2/dict_0001_0220" 7601
"/Engine/EngineMaterials/Substrate/Glints2/dict_0001_0219" 7602
"/Engine/EngineMaterials/Substrate/Glints2/dict_0001_0218" 7603
"/Engine/EngineMaterials/Substrate/Glints2/dict_0001_0217" 7604
"/Engine/EngineMaterials/Substrate/Glints2/dict_0001_0216" 7605
"/Engine/EngineMaterials/Substrate/Glints2/dict_0001_0215" 7606
"/Engine/EngineMaterials/Substrate/Glints2/dict_0001_0214" 7607
"/Engine/EngineMaterials/Substrate/Glints2/dict_0001_0213" 7608
"/Engine/EngineMaterials/Substrate/Glints2/dict_0001_0212" 7609
"/Engine/EngineMaterials/Substrate/Glints2/dict_0001_0211" 7610
"/Engine/EngineMaterials/Substrate/Glints2/dict_0001_0210" 7611
"/Engine/EngineMaterials/Substrate/Glints2/dict_0001_0209" 7612
"/Engine/EngineMaterials/Substrate/Glints2/dict_0001_0208" 7613
"/Engine/EngineMaterials/Substrate/Glints2/dict_0001_0207" 7614
"/Engine/EngineMaterials/Substrate/Glints2/dict_0001_0206" 7615
"/Engine/EngineMaterials/Substrate/Glints2/dict_0001_0205" 7616
"/Engine/EngineMaterials/Substrate/Glints2/dict_0001_0204" 7617
"/Engine/EngineMaterials/Substrate/Glints2/dict_0001_0203" 7618
"/Engine/EngineMaterials/Substrate/Glints2/dict_0001_0202" 7619
"/Engine/EngineMaterials/Substrate/Glints2/dict_0001_0201" 7620
"../../../Engine/Content/EngineMaterials/Substrate/Glints2/dict_0001_0233.uasset" 7621
"../../../Engine/Content/EngineMaterials/Substrate/Glints2/dict_0001_0241.uasset" 7622
"../../../Engine/Content/EngineMaterials/Substrate/Glints2/dict_0001_0240.uasset" 7623
"../../../Engine/Content/EngineMaterials/Substrate/Glints2/dict_0001_0237.uasset" 7624
"../../../Engine/Content/EngineMaterials/Substrate/Glints2/dict_0001_0238.uasset" 7625
"../../../Engine/Content/EngineMaterials/Substrate/Glints2/dict_0001_0239.uasset" 7626
"../../../Engine/Content/EngineMaterials/Substrate/Glints2/dict_0001_0235.uasset" 7627
"/Engine/EngineMaterials/Substrate/Glints2/dict_0001_0232" 7628
"../../../Engine/Content/EngineMaterials/Substrate/Glints2/dict_0001_0243.uasset" 7629
"../../../Engine/Content/EngineMaterials/Substrate/Glints2/dict_0001_0244.uasset" 7630
"../../../Engine/Content/EngineMaterials/Substrate/Glints2/dict_0001_0245.uasset" 7631
"../../../Engine/Content/EngineMaterials/Substrate/Glints2/dict_0001_0247.uasset" 7632
"../../../Engine/Content/EngineMaterials/Substrate/Glints2/dict_0001_0246.uasset" 7633
"../../../Engine/Content/EngineMaterials/Substrate/Glints2/dict_0001_0249.uasset" 7634
"../../../Engine/Content/EngineMaterials/Substrate/Glints2/dict_0001_0248.uasset" 7635
"../../../Engine/Content/EngineMaterials/Substrate/Glints2/dict_0001_0251.uasset" 7636
"../../../Engine/Content/EngineMaterials/Substrate/Glints2/dict_0001_0253.uasset" 7637
"../../../Engine/Content/EngineMaterials/Substrate/Glints2/dict_0001_0254.uasset" 7638
"../../../Engine/Content/EngineMaterials/Substrate/Glints2/dict_0001_0250.uasset" 7639
"../../../Engine/Content/EngineMaterials/Substrate/Glints2/dict_0001_0255.uasset" 7640
"/Engine/EngineMaterials/Substrate/Glints2/dict_0001_0231" 7641
"../../../Engine/Content/EngineMaterials/Substrate/Glints2/dict_0001_0242.uasset" 7642
"../../../Engine/Content/EngineMaterials/Substrate/Glints2/dict_0002_0001.uasset" 7643
"../../../Engine/Content/EngineMaterials/Substrate/Glints2/dict_0002_0000.uasset" 7644
"../../../Engine/Content/EngineMaterials/Substrate/Glints2/dict_0001_0234.uasset" 7645
"../../../Engine/Content/EngineMaterials/Substrate/Glints2/dict_0001_0236.uasset" 7646
"../../../Engine/Content/EngineMaterials/Substrate/Glints2/dict_0001_0252.uasset" 7647
"/Engine/EngineMaterials/Substrate/Glints2/dict_0001_0230" 7648
"/Engine/EngineMaterials/Substrate/Glints2/dict_0001_0229" 7649
"/Engine/EngineMaterials/Substrate/Glints2/dict_0001_0228" 7650
"/Engine/EngineMaterials/Substrate/Glints2/dict_0001_0227" 7651
"/Engine/EngineMaterials/Substrate/Glints2/dict_0001_0226" 7652
"../../../Engine/Content/EngineMaterials/Substrate/Glints2/dict_0002_0006.uasset" 7653
"../../../Engine/Content/EngineMaterials/Substrate/Glints2/dict_0002_0002.uasset" 7654
"../../../Engine/Content/EngineMaterials/Substrate/Glints2/dict_0002_0004.uasset" 7655
"../../../Engine/Content/EngineMaterials/Substrate/Glints2/dict_0002_0003.uasset" 7656
"/Engine/EngineMaterials/Substrate/Glints2/dict_0002_0001" 7657
"../../../Engine/Content/EngineMaterials/Substrate/Glints2/dict_0002_0005.uasset" 7658
"../../../Engine/Content/EngineMaterials/Substrate/Glints2/dict_0002_0007.uasset" 7659
"../../../Engine/Content/EngineMaterials/Substrate/Glints2/dict_0002_0008.uasset" 7660
"/Engine/EngineMaterials/Substrate/Glints2/dict_0002_0000" 7661
"/Engine/EngineMaterials/Substrate/Glints2/dict_0001_0255" 7662
"/Engine/EngineMaterials/Substrate/Glints2/dict_0001_0254" 7663
"/Engine/EngineMaterials/Substrate/Glints2/dict_0001_0253" 7664
"/Engine/EngineMaterials/Substrate/Glints2/dict_0001_0252" 7665
"/Engine/EngineMaterials/Substrate/Glints2/dict_0001_0251" 7666
"/Engine/EngineMaterials/Substrate/Glints2/dict_0001_0250" 7667
"/Engine/EngineMaterials/Substrate/Glints2/dict_0001_0249" 7668
"/Engine/EngineMaterials/Substrate/Glints2/dict_0001_0248" 7669
"/Engine/EngineMaterials/Substrate/Glints2/dict_0001_0247" 7670
"/Engine/EngineMaterials/Substrate/Glints2/dict_0001_0246" 7671
"/Engine/EngineMaterials/Substrate/Glints2/dict_0001_0245" 7672
"/Engine/EngineMaterials/Substrate/Glints2/dict_0001_0244" 7673
"/Engine/EngineMaterials/Substrate/Glints2/dict_0001_0243" 7674
"/Engine/EngineMaterials/Substrate/Glints2/dict_0001_0242" 7675
"/Engine/EngineMaterials/Substrate/Glints2/dict_0001_0241" 7676
"/Engine/EngineMaterials/Substrate/Glints2/dict_0001_0240" 7677
"/Engine/EngineMaterials/Substrate/Glints2/dict_0001_0239" 7678
"/Engine/EngineMaterials/Substrate/Glints2/dict_0001_0238" 7679
"/Engine/EngineMaterials/Substrate/Glints2/dict_0001_0237" 7680
"/Engine/EngineMaterials/Substrate/Glints2/dict_0001_0236" 7681
"/Engine/EngineMaterials/Substrate/Glints2/dict_0001_0235" 7682
"/Engine/EngineMaterials/Substrate/Glints2/dict_0001_0234" 7683
"/Engine/EngineMaterials/Substrate/Glints2/dict_0001_0233" 7684
"../../../Engine/Content/EngineMaterials/Substrate/Glints2/dict_0002_0012.uasset" 7685
"../../../Engine/Content/EngineMaterials/Substrate/Glints2/dict_0002_0016.uasset" 7686
"../../../Engine/Content/EngineMaterials/Substrate/Glints2/dict_0002_0014.uasset" 7687
"../../../Engine/Content/EngineMaterials/Substrate/Glints2/dict_0002_0009.uasset" 7688
"../../../Engine/Content/EngineMaterials/Substrate/Glints2/dict_0002_0013.uasset" 7689
"../../../Engine/Content/EngineMaterials/Substrate/Glints2/dict_0002_0018.uasset" 7690
"/Engine/EngineMaterials/Substrate/Glints2/dict_0002_0008" 7691
"../../../Engine/Content/EngineMaterials/Substrate/Glints2/dict_0002_0019.uasset" 7692
"../../../Engine/Content/EngineMaterials/Substrate/Glints2/dict_0002_0022.uasset" 7693
"../../../Engine/Content/EngineMaterials/Substrate/Glints2/dict_0002_0010.uasset" 7694
"../../../Engine/Content/EngineMaterials/Substrate/Glints2/dict_0002_0015.uasset" 7695
"../../../Engine/Content/EngineMaterials/Substrate/Glints2/dict_0002_0021.uasset" 7696
"../../../Engine/Content/EngineMaterials/Substrate/Glints2/dict_0002_0011.uasset" 7697
"../../../Engine/Content/EngineMaterials/Substrate/Glints2/dict_0002_0017.uasset" 7698
"../../../Engine/Content/EngineMaterials/Substrate/Glints2/dict_0002_0026.uasset" 7699
"../../../Engine/Content/EngineMaterials/Substrate/Glints2/dict_0002_0027.uasset" 7700
"../../../Engine/Content/EngineMaterials/Substrate/Glints2/dict_0002_0028.uasset" 7701
"../../../Engine/Content/EngineMaterials/Substrate/Glints2/dict_0002_0029.uasset" 7702
"../../../Engine/Content/EngineMaterials/Substrate/Glints2/dict_0002_0023.uasset" 7703
"../../../Engine/Content/EngineMaterials/Substrate/Glints2/dict_0002_0032.uasset" 7704
"../../../Engine/Content/EngineMaterials/Substrate/Glints2/dict_0002_0025.uasset" 7705
"../../../Engine/Content/EngineMaterials/Substrate/Glints2/dict_0002_0030.uasset" 7706
"../../../Engine/Content/EngineMaterials/Substrate/Glints2/dict_0002_0024.uasset" 7707
"../../../Engine/Content/EngineMaterials/Substrate/Glints2/dict_0002_0033.uasset" 7708
"../../../Engine/Content/EngineMaterials/Substrate/Glints2/dict_0002_0031.uasset" 7709
"../../../Engine/Content/EngineMaterials/Substrate/Glints2/dict_0002_0020.uasset" 7710
"/Engine/EngineMaterials/Substrate/Glints2/dict_0002_0007" 7711
"/Engine/EngineMaterials/Substrate/Glints2/dict_0002_0006" 7712
"/Engine/EngineMaterials/Substrate/Glints2/dict_0002_0005" 7713
"/Engine/EngineMaterials/Substrate/Glints2/dict_0002_0004" 7714
"/Engine/EngineMaterials/Substrate/Glints2/dict_0002_0003" 7715
"/Engine/EngineMaterials/Substrate/Glints2/dict_0002_0002" 7716
"../../../Engine/Content/EngineMaterials/Substrate/Glints2/dict_0002_0037.uasset" 7717
"../../../Engine/Content/EngineMaterials/Substrate/Glints2/dict_0002_0036.uasset" 7718
"../../../Engine/Content/EngineMaterials/Substrate/Glints2/dict_0002_0034.uasset" 7719
"../../../Engine/Content/EngineMaterials/Substrate/Glints2/dict_0002_0039.uasset" 7720
"../../../Engine/Content/EngineMaterials/Substrate/Glints2/dict_0002_0038.uasset" 7721
"../../../Engine/Content/EngineMaterials/Substrate/Glints2/dict_0002_0035.uasset" 7722
"../../../Engine/Content/EngineMaterials/Substrate/Glints2/dict_0002_0040.uasset" 7723
"/Engine/EngineMaterials/Substrate/Glints2/dict_0002_0033" 7724
"/Engine/EngineMaterials/Substrate/Glints2/dict_0002_0032" 7725
"/Engine/EngineMaterials/Substrate/Glints2/dict_0002_0031" 7726
"/Engine/EngineMaterials/Substrate/Glints2/dict_0002_0030" 7727
"/Engine/EngineMaterials/Substrate/Glints2/dict_0002_0029" 7728
"/Engine/EngineMaterials/Substrate/Glints2/dict_0002_0028" 7729
"/Engine/EngineMaterials/Substrate/Glints2/dict_0002_0027" 7730
"/Engine/EngineMaterials/Substrate/Glints2/dict_0002_0026" 7731
"/Engine/EngineMaterials/Substrate/Glints2/dict_0002_0025" 7732
"/Engine/EngineMaterials/Substrate/Glints2/dict_0002_0024" 7733
"/Engine/EngineMaterials/Substrate/Glints2/dict_0002_0023" 7734
"/Engine/EngineMaterials/Substrate/Glints2/dict_0002_0022" 7735
"/Engine/EngineMaterials/Substrate/Glints2/dict_0002_0021" 7736
"/Engine/EngineMaterials/Substrate/Glints2/dict_0002_0020" 7737
"/Engine/EngineMaterials/Substrate/Glints2/dict_0002_0019" 7738
"/Engine/EngineMaterials/Substrate/Glints2/dict_0002_0018" 7739
"/Engine/EngineMaterials/Substrate/Glints2/dict_0002_0017" 7740
"/Engine/EngineMaterials/Substrate/Glints2/dict_0002_0016" 7741
"/Engine/EngineMaterials/Substrate/Glints2/dict_0002_0015" 7742
"/Engine/EngineMaterials/Substrate/Glints2/dict_0002_0014" 7743
"/Engine/EngineMaterials/Substrate/Glints2/dict_0002_0013" 7744
"/Engine/EngineMaterials/Substrate/Glints2/dict_0002_0012" 7745
"/Engine/EngineMaterials/Substrate/Glints2/dict_0002_0011" 7746
"/Engine/EngineMaterials/Substrate/Glints2/dict_0002_0010" 7747
"/Engine/EngineMaterials/Substrate/Glints2/dict_0002_0009" 7748
"../../../Engine/Content/EngineMaterials/Substrate/Glints2/dict_0002_0043.uasset" 7749
"../../../Engine/Content/EngineMaterials/Substrate/Glints2/dict_0002_0041.uasset" 7750
"/Engine/EngineMaterials/Substrate/Glints2/dict_0002_0040" 7751
"../../../Engine/Content/EngineMaterials/Substrate/Glints2/dict_0002_0047.uasset" 7752
"../../../Engine/Content/EngineMaterials/Substrate/Glints2/dict_0002_0048.uasset" 7753
"../../../Engine/Content/EngineMaterials/Substrate/Glints2/dict_0002_0046.uasset" 7754
"../../../Engine/Content/EngineMaterials/Substrate/Glints2/dict_0002_0049.uasset" 7755
"../../../Engine/Content/EngineMaterials/Substrate/Glints2/dict_0002_0050.uasset" 7756
"../../../Engine/Content/EngineMaterials/Substrate/Glints2/dict_0002_0053.uasset" 7757
"../../../Engine/Content/EngineMaterials/Substrate/Glints2/dict_0002_0045.uasset" 7758
"../../../Engine/Content/EngineMaterials/Substrate/Glints2/dict_0002_0054.uasset" 7759
"../../../Engine/Content/EngineMaterials/Substrate/Glints2/dict_0002_0056.uasset" 7760
"../../../Engine/Content/EngineMaterials/Substrate/Glints2/dict_0002_0057.uasset" 7761
"../../../Engine/Content/EngineMaterials/Substrate/Glints2/dict_0002_0058.uasset" 7762
"../../../Engine/Content/EngineMaterials/Substrate/Glints2/dict_0002_0060.uasset" 7763
"../../../Engine/Content/EngineMaterials/Substrate/Glints2/dict_0002_0061.uasset" 7764
"../../../Engine/Content/EngineMaterials/Substrate/Glints2/dict_0002_0055.uasset" 7765
"../../../Engine/Content/EngineMaterials/Substrate/Glints2/dict_0002_0063.uasset" 7766
"../../../Engine/Content/EngineMaterials/Substrate/Glints2/dict_0002_0051.uasset" 7767
"../../../Engine/Content/EngineMaterials/Substrate/Glints2/dict_0002_0062.uasset" 7768
"../../../Engine/Content/EngineMaterials/Substrate/Glints2/dict_0002_0065.uasset" 7769
"../../../Engine/Content/EngineMaterials/Substrate/Glints2/dict_0002_0042.uasset" 7770
"../../../Engine/Content/EngineMaterials/Substrate/Glints2/dict_0002_0059.uasset" 7771
"../../../Engine/Content/EngineMaterials/Substrate/Glints2/dict_0002_0064.uasset" 7772
"../../../Engine/Content/EngineMaterials/Substrate/Glints2/dict_0002_0044.uasset" 7773
"../../../Engine/Content/EngineMaterials/Substrate/Glints2/dict_0002_0052.uasset" 7774
"/Engine/EngineMaterials/Substrate/Glints2/dict_0002_0039" 7775
"/Engine/EngineMaterials/Substrate/Glints2/dict_0002_0038" 7776
"/Engine/EngineMaterials/Substrate/Glints2/dict_0002_0037" 7777
"/Engine/EngineMaterials/Substrate/Glints2/dict_0002_0036" 7778
"/Engine/EngineMaterials/Substrate/Glints2/dict_0002_0035" 7779
"/Engine/EngineMaterials/Substrate/Glints2/dict_0002_0034" 7780
"../../../Engine/Content/EngineMaterials/Substrate/Glints2/dict_0002_0066.uasset" 7781
"../../../Engine/Content/EngineMaterials/Substrate/Glints2/dict_0002_0071.uasset" 7782
"../../../Engine/Content/EngineMaterials/Substrate/Glints2/dict_0002_0072.uasset" 7783
"../../../Engine/Content/EngineMaterials/Substrate/Glints2/dict_0002_0067.uasset" 7784
"../../../Engine/Content/EngineMaterials/Substrate/Glints2/dict_0002_0069.uasset" 7785
"../../../Engine/Content/EngineMaterials/Substrate/Glints2/dict_0002_0070.uasset" 7786
"../../../Engine/Content/EngineMaterials/Substrate/Glints2/dict_0002_0068.uasset" 7787
"/Engine/EngineMaterials/Substrate/Glints2/dict_0002_0065" 7788
"/Engine/EngineMaterials/Substrate/Glints2/dict_0002_0064" 7789
"/Engine/EngineMaterials/Substrate/Glints2/dict_0002_0063" 7790
"/Engine/EngineMaterials/Substrate/Glints2/dict_0002_0062" 7791
"/Engine/EngineMaterials/Substrate/Glints2/dict_0002_0061" 7792
"/Engine/EngineMaterials/Substrate/Glints2/dict_0002_0060" 7793
"/Engine/EngineMaterials/Substrate/Glints2/dict_0002_0059" 7794
"/Engine/EngineMaterials/Substrate/Glints2/dict_0002_0058" 7795
"/Engine/EngineMaterials/Substrate/Glints2/dict_0002_0057" 7796
"/Engine/EngineMaterials/Substrate/Glints2/dict_0002_0056" 7797
"/Engine/EngineMaterials/Substrate/Glints2/dict_0002_0055" 7798
"/Engine/EngineMaterials/Substrate/Glints2/dict_0002_0054" 7799
"/Engine/EngineMaterials/Substrate/Glints2/dict_0002_0053" 7800
"/Engine/EngineMaterials/Substrate/Glints2/dict_0002_0052" 7801
"/Engine/EngineMaterials/Substrate/Glints2/dict_0002_0051" 7802
"/Engine/EngineMaterials/Substrate/Glints2/dict_0002_0050" 7803
"/Engine/EngineMaterials/Substrate/Glints2/dict_0002_0049" 7804
"/Engine/EngineMaterials/Substrate/Glints2/dict_0002_0048" 7805
"/Engine/EngineMaterials/Substrate/Glints2/dict_0002_0047" 7806
"/Engine/EngineMaterials/Substrate/Glints2/dict_0002_0046" 7807
"/Engine/EngineMaterials/Substrate/Glints2/dict_0002_0045" 7808
"/Engine/EngineMaterials/Substrate/Glints2/dict_0002_0044" 7809
"/Engine/EngineMaterials/Substrate/Glints2/dict_0002_0043" 7810
"/Engine/EngineMaterials/Substrate/Glints2/dict_0002_0042" 7811
"/Engine/EngineMaterials/Substrate/Glints2/dict_0002_0041" 7812
"../../../Engine/Content/EngineMaterials/Substrate/Glints2/dict_0002_0076.uasset" 7813
"../../../Engine/Content/EngineMaterials/Substrate/Glints2/dict_0002_0077.uasset" 7814
"../../../Engine/Content/EngineMaterials/Substrate/Glints2/dict_0002_0078.uasset" 7815
"../../../Engine/Content/EngineMaterials/Substrate/Glints2/dict_0002_0075.uasset" 7816
"/Engine/EngineMaterials/Substrate/Glints2/dict_0002_0072" 7817
"../../../Engine/Content/EngineMaterials/Substrate/Glints2/dict_0002_0073.uasset" 7818
"../../../Engine/Content/EngineMaterials/Substrate/Glints2/dict_0002_0079.uasset" 7819
"../../../Engine/Content/EngineMaterials/Substrate/Glints2/dict_0002_0083.uasset" 7820
"../../../Engine/Content/EngineMaterials/Substrate/Glints2/dict_0002_0084.uasset" 7821
"../../../Engine/Content/EngineMaterials/Substrate/Glints2/dict_0002_0085.uasset" 7822
"../../../Engine/Content/EngineMaterials/Substrate/Glints2/dict_0002_0086.uasset" 7823
"../../../Engine/Content/EngineMaterials/Substrate/Glints2/dict_0002_0080.uasset" 7824
"../../../Engine/Content/EngineMaterials/Substrate/Glints2/dict_0002_0087.uasset" 7825
"../../../Engine/Content/EngineMaterials/Substrate/Glints2/dict_0002_0088.uasset" 7826
"../../../Engine/Content/EngineMaterials/Substrate/Glints2/dict_0002_0082.uasset" 7827
"../../../Engine/Content/EngineMaterials/Substrate/Glints2/dict_0002_0081.uasset" 7828
"../../../Engine/Content/EngineMaterials/Substrate/Glints2/dict_0002_0093.uasset" 7829
"../../../Engine/Content/EngineMaterials/Substrate/Glints2/dict_0002_0094.uasset" 7830
"../../../Engine/Content/EngineMaterials/Substrate/Glints2/dict_0002_0074.uasset" 7831
"../../../Engine/Content/EngineMaterials/Substrate/Glints2/dict_0002_0089.uasset" 7832
"../../../Engine/Content/EngineMaterials/Substrate/Glints2/dict_0002_0096.uasset" 7833
"../../../Engine/Content/EngineMaterials/Substrate/Glints2/dict_0002_0097.uasset" 7834
"../../../Engine/Content/EngineMaterials/Substrate/Glints2/dict_0002_0092.uasset" 7835
"../../../Engine/Content/EngineMaterials/Substrate/Glints2/dict_0002_0090.uasset" 7836
"../../../Engine/Content/EngineMaterials/Substrate/Glints2/dict_0002_0091.uasset" 7837
"../../../Engine/Content/EngineMaterials/Substrate/Glints2/dict_0002_0095.uasset" 7838
"/Engine/EngineMaterials/Substrate/Glints2/dict_0002_0071" 7839
"/Engine/EngineMaterials/Substrate/Glints2/dict_0002_0070" 7840
"/Engine/EngineMaterials/Substrate/Glints2/dict_0002_0069" 7841
"/Engine/EngineMaterials/Substrate/Glints2/dict_0002_0068" 7842
"/Engine/EngineMaterials/Substrate/Glints2/dict_0002_0067" 7843
"/Engine/EngineMaterials/Substrate/Glints2/dict_0002_0066" 7844
"../../../Engine/Content/EngineMaterials/Substrate/Glints2/dict_0002_0099.uasset" 7845
"../../../Engine/Content/EngineMaterials/Substrate/Glints2/dict_0002_0102.uasset" 7846
"../../../Engine/Content/EngineMaterials/Substrate/Glints2/dict_0002_0098.uasset" 7847
"../../../Engine/Content/EngineMaterials/Substrate/Glints2/dict_0002_0103.uasset" 7848
"../../../Engine/Content/EngineMaterials/Substrate/Glints2/dict_0002_0100.uasset" 7849
"../../../Engine/Content/EngineMaterials/Substrate/Glints2/dict_0002_0101.uasset" 7850
"/Engine/EngineMaterials/Substrate/Glints2/dict_0002_0097" 7851
"../../../Engine/Content/EngineMaterials/Substrate/Glints2/dict_0002_0104.uasset" 7852
"/Engine/EngineMaterials/Substrate/Glints2/dict_0002_0096" 7853
"/Engine/EngineMaterials/Substrate/Glints2/dict_0002_0095" 7854
"/Engine/EngineMaterials/Substrate/Glints2/dict_0002_0094" 7855
"/Engine/EngineMaterials/Substrate/Glints2/dict_0002_0093" 7856
"/Engine/EngineMaterials/Substrate/Glints2/dict_0002_0092" 7857
"/Engine/EngineMaterials/Substrate/Glints2/dict_0002_0091" 7858
"/Engine/EngineMaterials/Substrate/Glints2/dict_0002_0090" 7859
"/Engine/EngineMaterials/Substrate/Glints2/dict_0002_0089" 7860
"/Engine/EngineMaterials/Substrate/Glints2/dict_0002_0088" 7861
"/Engine/EngineMaterials/Substrate/Glints2/dict_0002_0087" 7862
"/Engine/EngineMaterials/Substrate/Glints2/dict_0002_0086" 7863
"/Engine/EngineMaterials/Substrate/Glints2/dict_0002_0085" 7864
"/Engine/EngineMaterials/Substrate/Glints2/dict_0002_0084" 7865
"/Engine/EngineMaterials/Substrate/Glints2/dict_0002_0083" 7866
"/Engine/EngineMaterials/Substrate/Glints2/dict_0002_0082" 7867
"/Engine/EngineMaterials/Substrate/Glints2/dict_0002_0081" 7868
"/Engine/EngineMaterials/Substrate/Glints2/dict_0002_0080" 7869
"/Engine/EngineMaterials/Substrate/Glints2/dict_0002_0079" 7870
"/Engine/EngineMaterials/Substrate/Glints2/dict_0002_0078" 7871
"/Engine/EngineMaterials/Substrate/Glints2/dict_0002_0077" 7872
"/Engine/EngineMaterials/Substrate/Glints2/dict_0002_0076" 7873
"/Engine/EngineMaterials/Substrate/Glints2/dict_0002_0075" 7874
"/Engine/EngineMaterials/Substrate/Glints2/dict_0002_0074" 7875
"/Engine/EngineMaterials/Substrate/Glints2/dict_0002_0073" 7876
"../../../Engine/Content/EngineMaterials/Substrate/Glints2/dict_0002_0109.uasset" 7877
"../../../Engine/Content/EngineMaterials/Substrate/Glints2/dict_0002_0107.uasset" 7878
"../../../Engine/Content/EngineMaterials/Substrate/Glints2/dict_0002_0111.uasset" 7879
"../../../Engine/Content/EngineMaterials/Substrate/Glints2/dict_0002_0113.uasset" 7880
"../../../Engine/Content/EngineMaterials/Substrate/Glints2/dict_0002_0106.uasset" 7881
"/Engine/EngineMaterials/Substrate/Glints2/dict_0002_0104" 7882
"../../../Engine/Content/EngineMaterials/Substrate/Glints2/dict_0002_0112.uasset" 7883
"../../../Engine/Content/EngineMaterials/Substrate/Glints2/dict_0002_0116.uasset" 7884
"../../../Engine/Content/EngineMaterials/Substrate/Glints2/dict_0002_0115.uasset" 7885
"../../../Engine/Content/EngineMaterials/Substrate/Glints2/dict_0002_0108.uasset" 7886
"../../../Engine/Content/EngineMaterials/Substrate/Glints2/dict_0002_0119.uasset" 7887
"../../../Engine/Content/EngineMaterials/Substrate/Glints2/dict_0002_0114.uasset" 7888
"../../../Engine/Content/EngineMaterials/Substrate/Glints2/dict_0002_0118.uasset" 7889
"../../../Engine/Content/EngineMaterials/Substrate/Glints2/dict_0002_0110.uasset" 7890
"../../../Engine/Content/EngineMaterials/Substrate/Glints2/dict_0002_0121.uasset" 7891
"../../../Engine/Content/EngineMaterials/Substrate/Glints2/dict_0002_0120.uasset" 7892
"../../../Engine/Content/EngineMaterials/Substrate/Glints2/dict_0002_0123.uasset" 7893
"../../../Engine/Content/EngineMaterials/Substrate/Glints2/dict_0002_0125.uasset" 7894
"../../../Engine/Content/EngineMaterials/Substrate/Glints2/dict_0002_0122.uasset" 7895
"../../../Engine/Content/EngineMaterials/Substrate/Glints2/dict_0002_0105.uasset" 7896
"../../../Engine/Content/EngineMaterials/Substrate/Glints2/dict_0002_0124.uasset" 7897
"../../../Engine/Content/EngineMaterials/Substrate/Glints2/dict_0002_0129.uasset" 7898
"../../../Engine/Content/EngineMaterials/Substrate/Glints2/dict_0002_0127.uasset" 7899
"../../../Engine/Content/EngineMaterials/Substrate/Glints2/dict_0002_0128.uasset" 7900
"../../../Engine/Content/EngineMaterials/Substrate/Glints2/dict_0002_0117.uasset" 7901
"../../../Engine/Content/EngineMaterials/Substrate/Glints2/dict_0002_0126.uasset" 7902
"/Engine/EngineMaterials/Substrate/Glints2/dict_0002_0103" 7903
"/Engine/EngineMaterials/Substrate/Glints2/dict_0002_0102" 7904
"/Engine/EngineMaterials/Substrate/Glints2/dict_0002_0101" 7905
"/Engine/EngineMaterials/Substrate/Glints2/dict_0002_0100" 7906
"/Engine/EngineMaterials/Substrate/Glints2/dict_0002_0099" 7907
"/Engine/EngineMaterials/Substrate/Glints2/dict_0002_0098" 7908
"../../../Engine/Content/EngineMaterials/Substrate/Glints2/dict_0002_0130.uasset" 7909
"../../../Engine/Content/EngineMaterials/Substrate/Glints2/dict_0002_0135.uasset" 7910
"../../../Engine/Content/EngineMaterials/Substrate/Glints2/dict_0002_0136.uasset" 7911
"/Engine/EngineMaterials/Substrate/Glints2/dict_0002_0129" 7912
"../../../Engine/Content/EngineMaterials/Substrate/Glints2/dict_0002_0134.uasset" 7913
"../../../Engine/Content/EngineMaterials/Substrate/Glints2/dict_0002_0131.uasset" 7914
"../../../Engine/Content/EngineMaterials/Substrate/Glints2/dict_0002_0133.uasset" 7915
"../../../Engine/Content/EngineMaterials/Substrate/Glints2/dict_0002_0132.uasset" 7916
"/Engine/EngineMaterials/Substrate/Glints2/dict_0002_0128" 7917
"/Engine/EngineMaterials/Substrate/Glints2/dict_0002_0127" 7918
"/Engine/EngineMaterials/Substrate/Glints2/dict_0002_0126" 7919
"/Engine/EngineMaterials/Substrate/Glints2/dict_0002_0125" 7920
"/Engine/EngineMaterials/Substrate/Glints2/dict_0002_0124" 7921
"/Engine/EngineMaterials/Substrate/Glints2/dict_0002_0123" 7922
"/Engine/EngineMaterials/Substrate/Glints2/dict_0002_0122" 7923
"/Engine/EngineMaterials/Substrate/Glints2/dict_0002_0121" 7924
"/Engine/EngineMaterials/Substrate/Glints2/dict_0002_0120" 7925
"/Engine/EngineMaterials/Substrate/Glints2/dict_0002_0119" 7926
"/Engine/EngineMaterials/Substrate/Glints2/dict_0002_0118" 7927
"/Engine/EngineMaterials/Substrate/Glints2/dict_0002_0117" 7928
"/Engine/EngineMaterials/Substrate/Glints2/dict_0002_0116" 7929
"/Engine/EngineMaterials/Substrate/Glints2/dict_0002_0115" 7930
"/Engine/EngineMaterials/Substrate/Glints2/dict_0002_0114" 7931
"/Engine/EngineMaterials/Substrate/Glints2/dict_0002_0113" 7932
"/Engine/EngineMaterials/Substrate/Glints2/dict_0002_0112" 7933
"/Engine/EngineMaterials/Substrate/Glints2/dict_0002_0111" 7934
"/Engine/EngineMaterials/Substrate/Glints2/dict_0002_0110" 7935
"/Engine/EngineMaterials/Substrate/Glints2/dict_0002_0109" 7936
"/Engine/EngineMaterials/Substrate/Glints2/dict_0002_0108" 7937
"/Engine/EngineMaterials/Substrate/Glints2/dict_0002_0107" 7938
"/Engine/EngineMaterials/Substrate/Glints2/dict_0002_0106" 7939
"/Engine/EngineMaterials/Substrate/Glints2/dict_0002_0105" 7940
"../../../Engine/Content/EngineMaterials/Substrate/Glints2/dict_0002_0144.uasset" 7941
"../../../Engine/Content/EngineMaterials/Substrate/Glints2/dict_0002_0142.uasset" 7942
"../../../Engine/Content/EngineMaterials/Substrate/Glints2/dict_0002_0138.uasset" 7943
"../../../Engine/Content/EngineMaterials/Substrate/Glints2/dict_0002_0140.uasset" 7944
"../../../Engine/Content/EngineMaterials/Substrate/Glints2/dict_0002_0146.uasset" 7945
"../../../Engine/Content/EngineMaterials/Substrate/Glints2/dict_0002_0137.uasset" 7946
"../../../Engine/Content/EngineMaterials/Substrate/Glints2/dict_0002_0139.uasset" 7947
"../../../Engine/Content/EngineMaterials/Substrate/Glints2/dict_0002_0145.uasset" 7948
"../../../Engine/Content/EngineMaterials/Substrate/Glints2/dict_0002_0151.uasset" 7949
"../../../Engine/Content/EngineMaterials/Substrate/Glints2/dict_0002_0152.uasset" 7950
"/Engine/EngineMaterials/Substrate/Glints2/dict_0002_0136" 7951
"../../../Engine/Content/EngineMaterials/Substrate/Glints2/dict_0002_0150.uasset" 7952
"../../../Engine/Content/EngineMaterials/Substrate/Glints2/dict_0002_0147.uasset" 7953
"../../../Engine/Content/EngineMaterials/Substrate/Glints2/dict_0002_0148.uasset" 7954
"../../../Engine/Content/EngineMaterials/Substrate/Glints2/dict_0002_0153.uasset" 7955
"../../../Engine/Content/EngineMaterials/Substrate/Glints2/dict_0002_0154.uasset" 7956
"../../../Engine/Content/EngineMaterials/Substrate/Glints2/dict_0002_0143.uasset" 7957
"../../../Engine/Content/EngineMaterials/Substrate/Glints2/dict_0002_0156.uasset" 7958
"../../../Engine/Content/EngineMaterials/Substrate/Glints2/dict_0002_0158.uasset" 7959
"../../../Engine/Content/EngineMaterials/Substrate/Glints2/dict_0002_0159.uasset" 7960
"../../../Engine/Content/EngineMaterials/Substrate/Glints2/dict_0002_0149.uasset" 7961
"../../../Engine/Content/EngineMaterials/Substrate/Glints2/dict_0002_0157.uasset" 7962
"../../../Engine/Content/EngineMaterials/Substrate/Glints2/dict_0002_0161.uasset" 7963
"../../../Engine/Content/EngineMaterials/Substrate/Glints2/dict_0002_0160.uasset" 7964
"../../../Engine/Content/EngineMaterials/Substrate/Glints2/dict_0002_0155.uasset" 7965
"../../../Engine/Content/EngineMaterials/Substrate/Glints2/dict_0002_0141.uasset" 7966
"/Engine/EngineMaterials/Substrate/Glints2/dict_0002_0135" 7967
"/Engine/EngineMaterials/Substrate/Glints2/dict_0002_0134" 7968
"/Engine/EngineMaterials/Substrate/Glints2/dict_0002_0133" 7969
"/Engine/EngineMaterials/Substrate/Glints2/dict_0002_0132" 7970
"/Engine/EngineMaterials/Substrate/Glints2/dict_0002_0131" 7971
"/Engine/EngineMaterials/Substrate/Glints2/dict_0002_0130" 7972
"../../../Engine/Content/EngineMaterials/Substrate/Glints2/dict_0002_0164.uasset" 7973
"../../../Engine/Content/EngineMaterials/Substrate/Glints2/dict_0002_0165.uasset" 7974
"../../../Engine/Content/EngineMaterials/Substrate/Glints2/dict_0002_0163.uasset" 7975
"../../../Engine/Content/EngineMaterials/Substrate/Glints2/dict_0002_0166.uasset" 7976
"/Engine/EngineMaterials/Substrate/Glints2/dict_0002_0161" 7977
"../../../Engine/Content/EngineMaterials/Substrate/Glints2/dict_0002_0167.uasset" 7978
"../../../Engine/Content/EngineMaterials/Substrate/Glints2/dict_0002_0168.uasset" 7979
"../../../Engine/Content/EngineMaterials/Substrate/Glints2/dict_0002_0162.uasset" 7980
"/Engine/EngineMaterials/Substrate/Glints2/dict_0002_0160" 7981
"/Engine/EngineMaterials/Substrate/Glints2/dict_0002_0159" 7982
"/Engine/EngineMaterials/Substrate/Glints2/dict_0002_0158" 7983
"/Engine/EngineMaterials/Substrate/Glints2/dict_0002_0157" 7984
"/Engine/EngineMaterials/Substrate/Glints2/dict_0002_0156" 7985
"/Engine/EngineMaterials/Substrate/Glints2/dict_0002_0155" 7986
"/Engine/EngineMaterials/Substrate/Glints2/dict_0002_0154" 7987
"/Engine/EngineMaterials/Substrate/Glints2/dict_0002_0153" 7988
"/Engine/EngineMaterials/Substrate/Glints2/dict_0002_0152" 7989
"/Engine/EngineMaterials/Substrate/Glints2/dict_0002_0151" 7990
"/Engine/EngineMaterials/Substrate/Glints2/dict_0002_0150" 7991
"/Engine/EngineMaterials/Substrate/Glints2/dict_0002_0149" 7992
"/Engine/EngineMaterials/Substrate/Glints2/dict_0002_0148" 7993
"/Engine/EngineMaterials/Substrate/Glints2/dict_0002_0147" 7994
"/Engine/EngineMaterials/Substrate/Glints2/dict_0002_0146" 7995
"/Engine/EngineMaterials/Substrate/Glints2/dict_0002_0145" 7996
"/Engine/EngineMaterials/Substrate/Glints2/dict_0002_0144" 7997
"/Engine/EngineMaterials/Substrate/Glints2/dict_0002_0143" 7998
"/Engine/EngineMaterials/Substrate/Glints2/dict_0002_0142" 7999
"/Engine/EngineMaterials/Substrate/Glints2/dict_0002_0141" 8000
"/Engine/EngineMaterials/Substrate/Glints2/dict_0002_0140" 8001
"/Engine/EngineMaterials/Substrate/Glints2/dict_0002_0139" 8002
"/Engine/EngineMaterials/Substrate/Glints2/dict_0002_0138" 8003
"/Engine/EngineMaterials/Substrate/Glints2/dict_0002_0137" 8004
"../../../Engine/Content/EngineMaterials/Substrate/Glints2/dict_0002_0172.uasset" 8005
"../../../Engine/Content/EngineMaterials/Substrate/Glints2/dict_0002_0174.uasset" 8006
"../../../Engine/Content/EngineMaterials/Substrate/Glints2/dict_0002_0175.uasset" 8007
"../../../Engine/Content/EngineMaterials/Substrate/Glints2/dict_0002_0173.uasset" 8008
"/Engine/EngineMaterials/Substrate/Glints2/dict_0002_0168" 8009
"../../../Engine/Content/EngineMaterials/Substrate/Glints2/dict_0002_0171.uasset" 8010
"../../../Engine/Content/EngineMaterials/Substrate/Glints2/dict_0002_0169.uasset" 8011
"../../../Engine/Content/EngineMaterials/Substrate/Glints2/dict_0002_0182.uasset" 8012
"../../../Engine/Content/EngineMaterials/Substrate/Glints2/dict_0002_0178.uasset" 8013
"../../../Engine/Content/EngineMaterials/Substrate/Glints2/dict_0002_0183.uasset" 8014
"../../../Engine/Content/EngineMaterials/Substrate/Glints2/dict_0002_0184.uasset" 8015
"../../../Engine/Content/EngineMaterials/Substrate/Glints2/dict_0002_0179.uasset" 8016
"../../../Engine/Content/EngineMaterials/Substrate/Glints2/dict_0002_0185.uasset" 8017
"../../../Engine/Content/EngineMaterials/Substrate/Glints2/dict_0002_0186.uasset" 8018
"../../../Engine/Content/EngineMaterials/Substrate/Glints2/dict_0002_0170.uasset" 8019
"../../../Engine/Content/EngineMaterials/Substrate/Glints2/dict_0002_0189.uasset" 8020
"../../../Engine/Content/EngineMaterials/Substrate/Glints2/dict_0002_0188.uasset" 8021
"../../../Engine/Content/EngineMaterials/Substrate/Glints2/dict_0002_0187.uasset" 8022
"../../../Engine/Content/EngineMaterials/Substrate/Glints2/dict_0002_0190.uasset" 8023
"../../../Engine/Content/EngineMaterials/Substrate/Glints2/dict_0002_0177.uasset" 8024
"../../../Engine/Content/EngineMaterials/Substrate/Glints2/dict_0002_0180.uasset" 8025
"../../../Engine/Content/EngineMaterials/Substrate/Glints2/dict_0002_0181.uasset" 8026
"../../../Engine/Content/EngineMaterials/Substrate/Glints2/dict_0002_0192.uasset" 8027
"../../../Engine/Content/EngineMaterials/Substrate/Glints2/dict_0002_0191.uasset" 8028
"../../../Engine/Content/EngineMaterials/Substrate/Glints2/dict_0002_0193.uasset" 8029
"../../../Engine/Content/EngineMaterials/Substrate/Glints2/dict_0002_0176.uasset" 8030
"/Engine/EngineMaterials/Substrate/Glints2/dict_0002_0167" 8031
"/Engine/EngineMaterials/Substrate/Glints2/dict_0002_0166" 8032
"/Engine/EngineMaterials/Substrate/Glints2/dict_0002_0165" 8033
"/Engine/EngineMaterials/Substrate/Glints2/dict_0002_0164" 8034
"/Engine/EngineMaterials/Substrate/Glints2/dict_0002_0163" 8035
"/Engine/EngineMaterials/Substrate/Glints2/dict_0002_0162" 8036
"../../../Engine/Content/EngineMaterials/Substrate/Glints2/dict_0002_0194.uasset" 8037
"../../../Engine/Content/EngineMaterials/Substrate/Glints2/dict_0002_0195.uasset" 8038
"/Engine/EngineMaterials/Substrate/Glints2/dict_0002_0193" 8039
"../../../Engine/Content/EngineMaterials/Substrate/Glints2/dict_0002_0196.uasset" 8040
"../../../Engine/Content/EngineMaterials/Substrate/Glints2/dict_0002_0197.uasset" 8041
"../../../Engine/Content/EngineMaterials/Substrate/Glints2/dict_0002_0198.uasset" 8042
"../../../Engine/Content/EngineMaterials/Substrate/Glints2/dict_0002_0200.uasset" 8043
"/Engine/EngineMaterials/Substrate/Glints2/dict_0002_0192" 8044
"../../../Engine/Content/EngineMaterials/Substrate/Glints2/dict_0002_0199.uasset" 8045
"/Engine/EngineMaterials/Substrate/Glints2/dict_0002_0191" 8046
"/Engine/EngineMaterials/Substrate/Glints2/dict_0002_0190" 8047
"/Engine/EngineMaterials/Substrate/Glints2/dict_0002_0189" 8048
"/Engine/EngineMaterials/Substrate/Glints2/dict_0002_0188" 8049
"/Engine/EngineMaterials/Substrate/Glints2/dict_0002_0187" 8050
"/Engine/EngineMaterials/Substrate/Glints2/dict_0002_0186" 8051
"/Engine/EngineMaterials/Substrate/Glints2/dict_0002_0185" 8052
"/Engine/EngineMaterials/Substrate/Glints2/dict_0002_0184" 8053
"/Engine/EngineMaterials/Substrate/Glints2/dict_0002_0183" 8054
"/Engine/EngineMaterials/Substrate/Glints2/dict_0002_0182" 8055
"/Engine/EngineMaterials/Substrate/Glints2/dict_0002_0181" 8056
"/Engine/EngineMaterials/Substrate/Glints2/dict_0002_0180" 8057
"/Engine/EngineMaterials/Substrate/Glints2/dict_0002_0179" 8058
"/Engine/EngineMaterials/Substrate/Glints2/dict_0002_0178" 8059
"/Engine/EngineMaterials/Substrate/Glints2/dict_0002_0177" 8060
"/Engine/EngineMaterials/Substrate/Glints2/dict_0002_0176" 8061
"/Engine/EngineMaterials/Substrate/Glints2/dict_0002_0175" 8062
"/Engine/EngineMaterials/Substrate/Glints2/dict_0002_0174" 8063
"/Engine/EngineMaterials/Substrate/Glints2/dict_0002_0173" 8064
"/Engine/EngineMaterials/Substrate/Glints2/dict_0002_0172" 8065
"/Engine/EngineMaterials/Substrate/Glints2/dict_0002_0171" 8066
"/Engine/EngineMaterials/Substrate/Glints2/dict_0002_0170" 8067
"/Engine/EngineMaterials/Substrate/Glints2/dict_0002_0169" 8068
"../../../Engine/Content/EngineMaterials/Substrate/Glints2/dict_0002_0202.uasset" 8069
"../../../Engine/Content/EngineMaterials/Substrate/Glints2/dict_0002_0205.uasset" 8070
"../../../Engine/Content/EngineMaterials/Substrate/Glints2/dict_0002_0206.uasset" 8071
"../../../Engine/Content/EngineMaterials/Substrate/Glints2/dict_0002_0204.uasset" 8072
"../../../Engine/Content/EngineMaterials/Substrate/Glints2/dict_0002_0207.uasset" 8073
"../../../Engine/Content/EngineMaterials/Substrate/Glints2/dict_0002_0208.uasset" 8074
"../../../Engine/Content/EngineMaterials/Substrate/Glints2/dict_0002_0209.uasset" 8075
"../../../Engine/Content/EngineMaterials/Substrate/Glints2/dict_0002_0212.uasset" 8076
"../../../Engine/Content/EngineMaterials/Substrate/Glints2/dict_0002_0211.uasset" 8077
"../../../Engine/Content/EngineMaterials/Substrate/Glints2/dict_0002_0215.uasset" 8078
"../../../Engine/Content/EngineMaterials/Substrate/Glints2/dict_0002_0216.uasset" 8079
"../../../Engine/Content/EngineMaterials/Substrate/Glints2/dict_0002_0217.uasset" 8080
"../../../Engine/Content/EngineMaterials/Substrate/Glints2/dict_0002_0203.uasset" 8081
"../../../Engine/Content/EngineMaterials/Substrate/Glints2/dict_0002_0219.uasset" 8082
"/Engine/EngineMaterials/Substrate/Glints2/dict_0002_0200" 8083
"../../../Engine/Content/EngineMaterials/Substrate/Glints2/dict_0002_0220.uasset" 8084
"../../../Engine/Content/EngineMaterials/Substrate/Glints2/dict_0002_0213.uasset" 8085
"../../../Engine/Content/EngineMaterials/Substrate/Glints2/dict_0002_0223.uasset" 8086
"../../../Engine/Content/EngineMaterials/Substrate/Glints2/dict_0002_0214.uasset" 8087
"../../../Engine/Content/EngineMaterials/Substrate/Glints2/dict_0002_0210.uasset" 8088
"../../../Engine/Content/EngineMaterials/Substrate/Glints2/dict_0002_0218.uasset" 8089
"../../../Engine/Content/EngineMaterials/Substrate/Glints2/dict_0002_0225.uasset" 8090
"../../../Engine/Content/EngineMaterials/Substrate/Glints2/dict_0002_0222.uasset" 8091
"../../../Engine/Content/EngineMaterials/Substrate/Glints2/dict_0002_0224.uasset" 8092
"../../../Engine/Content/EngineMaterials/Substrate/Glints2/dict_0002_0221.uasset" 8093
"../../../Engine/Content/EngineMaterials/Substrate/Glints2/dict_0002_0201.uasset" 8094
"/Engine/EngineMaterials/Substrate/Glints2/dict_0002_0199" 8095
"/Engine/EngineMaterials/Substrate/Glints2/dict_0002_0198" 8096
"/Engine/EngineMaterials/Substrate/Glints2/dict_0002_0197" 8097
"/Engine/EngineMaterials/Substrate/Glints2/dict_0002_0196" 8098
"/Engine/EngineMaterials/Substrate/Glints2/dict_0002_0195" 8099
"/Engine/EngineMaterials/Substrate/Glints2/dict_0002_0194" 8100
"../../../Engine/Content/EngineMaterials/Substrate/Glints2/dict_0002_0227.uasset" 8101
"../../../Engine/Content/EngineMaterials/Substrate/Glints2/dict_0002_0232.uasset" 8102
"/Engine/EngineMaterials/Substrate/Glints2/dict_0002_0225" 8103
"../../../Engine/Content/EngineMaterials/Substrate/Glints2/dict_0002_0229.uasset" 8104
"../../../Engine/Content/EngineMaterials/Substrate/Glints2/dict_0002_0230.uasset" 8105
"../../../Engine/Content/EngineMaterials/Substrate/Glints2/dict_0002_0231.uasset" 8106
"../../../Engine/Content/EngineMaterials/Substrate/Glints2/dict_0002_0226.uasset" 8107
"../../../Engine/Content/EngineMaterials/Substrate/Glints2/dict_0002_0228.uasset" 8108
"/Engine/EngineMaterials/Substrate/Glints2/dict_0002_0224" 8109
"/Engine/EngineMaterials/Substrate/Glints2/dict_0002_0223" 8110
"/Engine/EngineMaterials/Substrate/Glints2/dict_0002_0222" 8111
"/Engine/EngineMaterials/Substrate/Glints2/dict_0002_0221" 8112
"/Engine/EngineMaterials/Substrate/Glints2/dict_0002_0220" 8113
"/Engine/EngineMaterials/Substrate/Glints2/dict_0002_0219" 8114
"/Engine/EngineMaterials/Substrate/Glints2/dict_0002_0218" 8115
"/Engine/EngineMaterials/Substrate/Glints2/dict_0002_0217" 8116
"/Engine/EngineMaterials/Substrate/Glints2/dict_0002_0216" 8117
"/Engine/EngineMaterials/Substrate/Glints2/dict_0002_0215" 8118
"/Engine/EngineMaterials/Substrate/Glints2/dict_0002_0214" 8119
"/Engine/EngineMaterials/Substrate/Glints2/dict_0002_0213" 8120
"/Engine/EngineMaterials/Substrate/Glints2/dict_0002_0212" 8121
"/Engine/EngineMaterials/Substrate/Glints2/dict_0002_0211" 8122
"/Engine/EngineMaterials/Substrate/Glints2/dict_0002_0210" 8123
"/Engine/EngineMaterials/Substrate/Glints2/dict_0002_0209" 8124
"/Engine/EngineMaterials/Substrate/Glints2/dict_0002_0208" 8125
"/Engine/EngineMaterials/Substrate/Glints2/dict_0002_0207" 8126
"/Engine/EngineMaterials/Substrate/Glints2/dict_0002_0206" 8127
"/Engine/EngineMaterials/Substrate/Glints2/dict_0002_0205" 8128
"/Engine/EngineMaterials/Substrate/Glints2/dict_0002_0204" 8129
"/Engine/EngineMaterials/Substrate/Glints2/dict_0002_0203" 8130
"/Engine/EngineMaterials/Substrate/Glints2/dict_0002_0202" 8131
"/Engine/EngineMaterials/Substrate/Glints2/dict_0002_0201" 8132
"../../../Engine/Content/EngineMaterials/Substrate/Glints2/dict_0002_0239.uasset" 8133
"../../../Engine/Content/EngineMaterials/Substrate/Glints2/dict_0002_0234.uasset" 8134
"../../../Engine/Content/EngineMaterials/Substrate/Glints2/dict_0002_0233.uasset" 8135
"../../../Engine/Content/EngineMaterials/Substrate/Glints2/dict_0002_0242.uasset" 8136
"../../../Engine/Content/EngineMaterials/Substrate/Glints2/dict_0002_0240.uasset" 8137
"../../../Engine/Content/EngineMaterials/Substrate/Glints2/dict_0002_0237.uasset" 8138
"../../../Engine/Content/EngineMaterials/Substrate/Glints2/dict_0002_0243.uasset" 8139
"../../../Engine/Content/EngineMaterials/Substrate/Glints2/dict_0002_0235.uasset" 8140
"../../../Engine/Content/EngineMaterials/Substrate/Glints2/dict_0002_0244.uasset" 8141
"../../../Engine/Content/EngineMaterials/Substrate/Glints2/dict_0002_0245.uasset" 8142
"../../../Engine/Content/EngineMaterials/Substrate/Glints2/dict_0002_0241.uasset" 8143
"../../../Engine/Content/EngineMaterials/Substrate/Glints2/dict_0002_0246.uasset" 8144
"../../../Engine/Content/EngineMaterials/Substrate/Glints2/dict_0002_0249.uasset" 8145
"../../../Engine/Content/EngineMaterials/Substrate/Glints2/dict_0002_0238.uasset" 8146
"../../../Engine/Content/EngineMaterials/Substrate/Glints2/dict_0002_0248.uasset" 8147
"../../../Engine/Content/EngineMaterials/Substrate/Glints2/dict_0002_0236.uasset" 8148
"../../../Engine/Content/EngineMaterials/Substrate/Glints2/dict_0002_0247.uasset" 8149
"/Engine/EngineMaterials/Substrate/Glints2/dict_0002_0232" 8150
"../../../Engine/Content/EngineMaterials/Substrate/Glints2/dict_0002_0250.uasset" 8151
"../../../Engine/Content/EngineMaterials/Substrate/Glints2/dict_0002_0255.uasset" 8152
"../../../Engine/Content/EngineMaterials/Substrate/Glints2/dict_0002_0253.uasset" 8153
"../../../Engine/Content/EngineMaterials/Substrate/Glints2/dict_0003_0000.uasset" 8154
"../../../Engine/Content/EngineMaterials/Substrate/Glints2/dict_0002_0254.uasset" 8155
"../../../Engine/Content/EngineMaterials/Substrate/Glints2/dict_0002_0252.uasset" 8156
"../../../Engine/Content/EngineMaterials/Substrate/Glints2/dict_0003_0001.uasset" 8157
"../../../Engine/Content/EngineMaterials/Substrate/Glints2/dict_0002_0251.uasset" 8158
"/Engine/EngineMaterials/Substrate/Glints2/dict_0002_0231" 8159
"/Engine/EngineMaterials/Substrate/Glints2/dict_0002_0230" 8160
"/Engine/EngineMaterials/Substrate/Glints2/dict_0002_0229" 8161
"/Engine/EngineMaterials/Substrate/Glints2/dict_0002_0228" 8162
"/Engine/EngineMaterials/Substrate/Glints2/dict_0002_0227" 8163
"/Engine/EngineMaterials/Substrate/Glints2/dict_0002_0226" 8164
"../../../Engine/Content/EngineMaterials/Substrate/Glints2/dict_0003_0007.uasset" 8165
"../../../Engine/Content/EngineMaterials/Substrate/Glints2/dict_0003_0005.uasset" 8166
"../../../Engine/Content/EngineMaterials/Substrate/Glints2/dict_0003_0002.uasset" 8167
"../../../Engine/Content/EngineMaterials/Substrate/Glints2/dict_0003_0006.uasset" 8168
"../../../Engine/Content/EngineMaterials/Substrate/Glints2/dict_0003_0004.uasset" 8169
"/Engine/EngineMaterials/Substrate/Glints2/dict_0003_0001" 8170
"../../../Engine/Content/EngineMaterials/Substrate/Glints2/dict_0003_0003.uasset" 8171
"../../../Engine/Content/EngineMaterials/Substrate/Glints2/dict_0003_0008.uasset" 8172
"/Engine/EngineMaterials/Substrate/Glints2/dict_0003_0000" 8173
"/Engine/EngineMaterials/Substrate/Glints2/dict_0002_0255" 8174
"/Engine/EngineMaterials/Substrate/Glints2/dict_0002_0254" 8175
"/Engine/EngineMaterials/Substrate/Glints2/dict_0002_0253" 8176
"/Engine/EngineMaterials/Substrate/Glints2/dict_0002_0252" 8177
"/Engine/EngineMaterials/Substrate/Glints2/dict_0002_0251" 8178
"/Engine/EngineMaterials/Substrate/Glints2/dict_0002_0250" 8179
"/Engine/EngineMaterials/Substrate/Glints2/dict_0002_0249" 8180
"/Engine/EngineMaterials/Substrate/Glints2/dict_0002_0248" 8181
"/Engine/EngineMaterials/Substrate/Glints2/dict_0002_0247" 8182
"/Engine/EngineMaterials/Substrate/Glints2/dict_0002_0246" 8183
"/Engine/EngineMaterials/Substrate/Glints2/dict_0002_0245" 8184
"/Engine/EngineMaterials/Substrate/Glints2/dict_0002_0244" 8185
"/Engine/EngineMaterials/Substrate/Glints2/dict_0002_0243" 8186
"/Engine/EngineMaterials/Substrate/Glints2/dict_0002_0242" 8187
"/Engine/EngineMaterials/Substrate/Glints2/dict_0002_0241" 8188
"/Engine/EngineMaterials/Substrate/Glints2/dict_0002_0240" 8189
"/Engine/EngineMaterials/Substrate/Glints2/dict_0002_0239" 8190
"/Engine/EngineMaterials/Substrate/Glints2/dict_0002_0238" 8191
"/Engine/EngineMaterials/Substrate/Glints2/dict_0002_0237" 8192
"/Engine/EngineMaterials/Substrate/Glints2/dict_0002_0236" 8193
"/Engine/EngineMaterials/Substrate/Glints2/dict_0002_0235" 8194
"/Engine/EngineMaterials/Substrate/Glints2/dict_0002_0234" 8195
"/Engine/EngineMaterials/Substrate/Glints2/dict_0002_0233" 8196
"../../../Engine/Content/EngineMaterials/Substrate/Glints2/dict_0003_0014.uasset" 8197
"../../../Engine/Content/EngineMaterials/Substrate/Glints2/dict_0003_0011.uasset" 8198
"../../../Engine/Content/EngineMaterials/Substrate/Glints2/dict_0003_0018.uasset" 8199
"/Engine/EngineMaterials/Substrate/Glints2/dict_0003_0008" 8200
"../../../Engine/Content/EngineMaterials/Substrate/Glints2/dict_0003_0009.uasset" 8201
"../../../Engine/Content/EngineMaterials/Substrate/Glints2/dict_0003_0016.uasset" 8202
"../../../Engine/Content/EngineMaterials/Substrate/Glints2/dict_0003_0012.uasset" 8203
"../../../Engine/Content/EngineMaterials/Substrate/Glints2/dict_0003_0015.uasset" 8204
"../../../Engine/Content/EngineMaterials/Substrate/Glints2/dict_0003_0020.uasset" 8205
"../../../Engine/Content/EngineMaterials/Substrate/Glints2/dict_0003_0021.uasset" 8206
"../../../Engine/Content/EngineMaterials/Substrate/Glints2/dict_0003_0010.uasset" 8207
"../../../Engine/Content/EngineMaterials/Substrate/Glints2/dict_0003_0023.uasset" 8208
"../../../Engine/Content/EngineMaterials/Substrate/Glints2/dict_0003_0022.uasset" 8209
"../../../Engine/Content/EngineMaterials/Substrate/Glints2/dict_0003_0013.uasset" 8210
"../../../Engine/Content/EngineMaterials/Substrate/Glints2/dict_0003_0030.uasset" 8211
"../../../Engine/Content/EngineMaterials/Substrate/Glints2/dict_0003_0019.uasset" 8212
"../../../Engine/Content/EngineMaterials/Substrate/Glints2/dict_0003_0029.uasset" 8213
"../../../Engine/Content/EngineMaterials/Substrate/Glints2/dict_0003_0024.uasset" 8214
"../../../Engine/Content/EngineMaterials/Substrate/Glints2/dict_0003_0017.uasset" 8215
"../../../Engine/Content/EngineMaterials/Substrate/Glints2/dict_0003_0031.uasset" 8216
"../../../Engine/Content/EngineMaterials/Substrate/Glints2/dict_0003_0025.uasset" 8217
"../../../Engine/Content/EngineMaterials/Substrate/Glints2/dict_0003_0032.uasset" 8218
"../../../Engine/Content/EngineMaterials/Substrate/Glints2/dict_0003_0027.uasset" 8219
"../../../Engine/Content/EngineMaterials/Substrate/Glints2/dict_0003_0033.uasset" 8220
"../../../Engine/Content/EngineMaterials/Substrate/Glints2/dict_0003_0026.uasset" 8221
"../../../Engine/Content/EngineMaterials/Substrate/Glints2/dict_0003_0028.uasset" 8222
"/Engine/EngineMaterials/Substrate/Glints2/dict_0003_0007" 8223
"/Engine/EngineMaterials/Substrate/Glints2/dict_0003_0006" 8224
"/Engine/EngineMaterials/Substrate/Glints2/dict_0003_0005" 8225
"/Engine/EngineMaterials/Substrate/Glints2/dict_0003_0004" 8226
"/Engine/EngineMaterials/Substrate/Glints2/dict_0003_0003" 8227
"/Engine/EngineMaterials/Substrate/Glints2/dict_0003_0002" 8228
"../../../Engine/Content/EngineMaterials/Substrate/Glints2/dict_0003_0035.uasset" 8229
"../../../Engine/Content/EngineMaterials/Substrate/Glints2/dict_0003_0037.uasset" 8230
"../../../Engine/Content/EngineMaterials/Substrate/Glints2/dict_0003_0036.uasset" 8231
"/Engine/EngineMaterials/Substrate/Glints2/dict_0003_0033" 8232
"../../../Engine/Content/EngineMaterials/Substrate/Glints2/dict_0003_0038.uasset" 8233
"../../../Engine/Content/EngineMaterials/Substrate/Glints2/dict_0003_0039.uasset" 8234
"../../../Engine/Content/EngineMaterials/Substrate/Glints2/dict_0003_0040.uasset" 8235
"../../../Engine/Content/EngineMaterials/Substrate/Glints2/dict_0003_0034.uasset" 8236
"/Engine/EngineMaterials/Substrate/Glints2/dict_0003_0032" 8237
"/Engine/EngineMaterials/Substrate/Glints2/dict_0003_0031" 8238
"/Engine/EngineMaterials/Substrate/Glints2/dict_0003_0030" 8239
"/Engine/EngineMaterials/Substrate/Glints2/dict_0003_0029" 8240
"/Engine/EngineMaterials/Substrate/Glints2/dict_0003_0028" 8241
"/Engine/EngineMaterials/Substrate/Glints2/dict_0003_0027" 8242
"/Engine/EngineMaterials/Substrate/Glints2/dict_0003_0026" 8243
"/Engine/EngineMaterials/Substrate/Glints2/dict_0003_0025" 8244
"/Engine/EngineMaterials/Substrate/Glints2/dict_0003_0024" 8245
"/Engine/EngineMaterials/Substrate/Glints2/dict_0003_0023" 8246
"/Engine/EngineMaterials/Substrate/Glints2/dict_0003_0022" 8247
"/Engine/EngineMaterials/Substrate/Glints2/dict_0003_0021" 8248
"/Engine/EngineMaterials/Substrate/Glints2/dict_0003_0020" 8249
"/Engine/EngineMaterials/Substrate/Glints2/dict_0003_0019" 8250
"/Engine/EngineMaterials/Substrate/Glints2/dict_0003_0018" 8251
"/Engine/EngineMaterials/Substrate/Glints2/dict_0003_0017" 8252
"/Engine/EngineMaterials/Substrate/Glints2/dict_0003_0016" 8253
"/Engine/EngineMaterials/Substrate/Glints2/dict_0003_0015" 8254
"/Engine/EngineMaterials/Substrate/Glints2/dict_0003_0014" 8255
"/Engine/EngineMaterials/Substrate/Glints2/dict_0003_0013" 8256
"/Engine/EngineMaterials/Substrate/Glints2/dict_0003_0012" 8257
"/Engine/EngineMaterials/Substrate/Glints2/dict_0003_0011" 8258
"/Engine/EngineMaterials/Substrate/Glints2/dict_0003_0010" 8259
"/Engine/EngineMaterials/Substrate/Glints2/dict_0003_0009" 8260
"../../../Engine/Content/EngineMaterials/Substrate/Glints2/dict_0003_0041.uasset" 8261
"../../../Engine/Content/EngineMaterials/Substrate/Glints2/dict_0003_0043.uasset" 8262
"../../../Engine/Content/EngineMaterials/Substrate/Glints2/dict_0003_0045.uasset" 8263
"../../../Engine/Content/EngineMaterials/Substrate/Glints2/dict_0003_0042.uasset" 8264
"../../../Engine/Content/EngineMaterials/Substrate/Glints2/dict_0003_0044.uasset" 8265
"../../../Engine/Content/EngineMaterials/Substrate/Glints2/dict_0003_0049.uasset" 8266
"../../../Engine/Content/EngineMaterials/Substrate/Glints2/dict_0003_0046.uasset" 8267
"/Engine/EngineMaterials/Substrate/Glints2/dict_0003_0040" 8268
"../../../Engine/Content/EngineMaterials/Substrate/Glints2/dict_0003_0051.uasset" 8269
"../../../Engine/Content/EngineMaterials/Substrate/Glints2/dict_0003_0053.uasset" 8270
"../../../Engine/Content/EngineMaterials/Substrate/Glints2/dict_0003_0054.uasset" 8271
"../../../Engine/Content/EngineMaterials/Substrate/Glints2/dict_0003_0047.uasset" 8272
"../../../Engine/Content/EngineMaterials/Substrate/Glints2/dict_0003_0056.uasset" 8273
"../../../Engine/Content/EngineMaterials/Substrate/Glints2/dict_0003_0055.uasset" 8274
"../../../Engine/Content/EngineMaterials/Substrate/Glints2/dict_0003_0048.uasset" 8275
"../../../Engine/Content/EngineMaterials/Substrate/Glints2/dict_0003_0059.uasset" 8276
"../../../Engine/Content/EngineMaterials/Substrate/Glints2/dict_0003_0050.uasset" 8277
"../../../Engine/Content/EngineMaterials/Substrate/Glints2/dict_0003_0057.uasset" 8278
"../../../Engine/Content/EngineMaterials/Substrate/Glints2/dict_0003_0063.uasset" 8279
"../../../Engine/Content/EngineMaterials/Substrate/Glints2/dict_0003_0060.uasset" 8280
"../../../Engine/Content/EngineMaterials/Substrate/Glints2/dict_0003_0061.uasset" 8281
"../../../Engine/Content/EngineMaterials/Substrate/Glints2/dict_0003_0064.uasset" 8282
"../../../Engine/Content/EngineMaterials/Substrate/Glints2/dict_0003_0052.uasset" 8283
"../../../Engine/Content/EngineMaterials/Substrate/Glints2/dict_0003_0065.uasset" 8284
"../../../Engine/Content/EngineMaterials/Substrate/Glints2/dict_0003_0062.uasset" 8285
"../../../Engine/Content/EngineMaterials/Substrate/Glints2/dict_0003_0058.uasset" 8286
"/Engine/EngineMaterials/Substrate/Glints2/dict_0003_0039" 8287
"/Engine/EngineMaterials/Substrate/Glints2/dict_0003_0038" 8288
"/Engine/EngineMaterials/Substrate/Glints2/dict_0003_0037" 8289
"/Engine/EngineMaterials/Substrate/Glints2/dict_0003_0036" 8290
"/Engine/EngineMaterials/Substrate/Glints2/dict_0003_0035" 8291
"/Engine/EngineMaterials/Substrate/Glints2/dict_0003_0034" 8292
"/Engine/EngineMaterials/Substrate/Glints2/dict_0003_0045" 8293
"/Engine/EngineMaterials/Substrate/Glints2/dict_0003_0043" 8294
"/Engine/EngineMaterials/Substrate/Glints2/dict_0003_0041" 8295
"../../../Engine/Content/EngineMaterials/Substrate/Glints2/dict_0003_0069.uasset" 8296
"../../../Engine/Content/EngineMaterials/Substrate/Glints2/dict_0003_0074.uasset" 8297
"/Engine/EngineMaterials/Substrate/Glints2/dict_0003_0065" 8298
"../../../Engine/Content/EngineMaterials/Substrate/Glints2/dict_0003_0075.uasset" 8299
"../../../Engine/Content/EngineMaterials/Substrate/Glints2/dict_0003_0072.uasset" 8300
"../../../Engine/Content/EngineMaterials/Substrate/Glints2/dict_0003_0073.uasset" 8301
"../../../Engine/Content/EngineMaterials/Substrate/Glints2/dict_0003_0071.uasset" 8302
"../../../Engine/Content/EngineMaterials/Substrate/Glints2/dict_0003_0067.uasset" 8303
"../../../Engine/Content/EngineMaterials/Substrate/Glints2/dict_0003_0066.uasset" 8304
"../../../Engine/Content/EngineMaterials/Substrate/Glints2/dict_0003_0070.uasset" 8305
"../../../Engine/Content/EngineMaterials/Substrate/Glints2/dict_0003_0068.uasset" 8306
"/Engine/EngineMaterials/Substrate/Glints2/dict_0003_0064" 8307
"/Engine/EngineMaterials/Substrate/Glints2/dict_0003_0063" 8308
"/Engine/EngineMaterials/Substrate/Glints2/dict_0003_0062" 8309
"/Engine/EngineMaterials/Substrate/Glints2/dict_0003_0061" 8310
"/Engine/EngineMaterials/Substrate/Glints2/dict_0003_0060" 8311
"/Engine/EngineMaterials/Substrate/Glints2/dict_0003_0059" 8312
"/Engine/EngineMaterials/Substrate/Glints2/dict_0003_0058" 8313
"/Engine/EngineMaterials/Substrate/Glints2/dict_0003_0057" 8314
"/Engine/EngineMaterials/Substrate/Glints2/dict_0003_0056" 8315
"/Engine/EngineMaterials/Substrate/Glints2/dict_0003_0055" 8316
"/Engine/EngineMaterials/Substrate/Glints2/dict_0003_0054" 8317
"/Engine/EngineMaterials/Substrate/Glints2/dict_0003_0053" 8318
"/Engine/EngineMaterials/Substrate/Glints2/dict_0003_0052" 8319
"/Engine/EngineMaterials/Substrate/Glints2/dict_0003_0051" 8320
"/Engine/EngineMaterials/Substrate/Glints2/dict_0003_0050" 8321
"/Engine/EngineMaterials/Substrate/Glints2/dict_0003_0049" 8322
"/Engine/EngineMaterials/Substrate/Glints2/dict_0003_0048" 8323
"/Engine/EngineMaterials/Substrate/Glints2/dict_0003_0047" 8324
"/Engine/EngineMaterials/Substrate/Glints2/dict_0003_0046" 8325
"/Engine/EngineMaterials/Substrate/Glints2/dict_0003_0044" 8326
"/Engine/EngineMaterials/Substrate/Glints2/dict_0003_0042" 8327
"../../../Engine/Content/EngineMaterials/Substrate/Glints2/dict_0003_0079.uasset" 8328
"../../../Engine/Content/EngineMaterials/Substrate/Glints2/dict_0003_0085.uasset" 8329
"../../../Engine/Content/EngineMaterials/Substrate/Glints2/dict_0003_0080.uasset" 8330
"/Engine/EngineMaterials/Substrate/Glints2/dict_0003_0075" 8331
"../../../Engine/Content/EngineMaterials/Substrate/Glints2/dict_0003_0078.uasset" 8332
"../../../Engine/Content/EngineMaterials/Substrate/Glints2/dict_0003_0084.uasset" 8333
"../../../Engine/Content/EngineMaterials/Substrate/Glints2/dict_0003_0086.uasset" 8334
"../../../Engine/Content/EngineMaterials/Substrate/Glints2/dict_0003_0076.uasset" 8335
"../../../Engine/Content/EngineMaterials/Substrate/Glints2/dict_0003_0087.uasset" 8336
"../../../Engine/Content/EngineMaterials/Substrate/Glints2/dict_0003_0088.uasset" 8337
"../../../Engine/Content/EngineMaterials/Substrate/Glints2/dict_0003_0083.uasset" 8338
"../../../Engine/Content/EngineMaterials/Substrate/Glints2/dict_0003_0089.uasset" 8339
"../../../Engine/Content/EngineMaterials/Substrate/Glints2/dict_0003_0077.uasset" 8340
"../../../Engine/Content/EngineMaterials/Substrate/Glints2/dict_0003_0091.uasset" 8341
"../../../Engine/Content/EngineMaterials/Substrate/Glints2/dict_0003_0092.uasset" 8342
"../../../Engine/Content/EngineMaterials/Substrate/Glints2/dict_0003_0081.uasset" 8343
"../../../Engine/Content/EngineMaterials/Substrate/Glints2/dict_0003_0090.uasset" 8344
"../../../Engine/Content/EngineMaterials/Substrate/Glints2/dict_0003_0096.uasset" 8345
"../../../Engine/Content/EngineMaterials/Substrate/Glints2/dict_0003_0097.uasset" 8346
"../../../Engine/Content/EngineMaterials/Substrate/Glints2/dict_0003_0093.uasset" 8347
"../../../Engine/Content/EngineMaterials/Substrate/Glints2/dict_0003_0094.uasset" 8348
"../../../Engine/Content/EngineMaterials/Substrate/Glints2/dict_0003_0095.uasset" 8349
"../../../Engine/Content/EngineMaterials/Substrate/Glints2/dict_0003_0082.uasset" 8350
"/Engine/EngineMaterials/Substrate/Glints2/dict_0003_0074" 8351
"/Engine/EngineMaterials/Substrate/Glints2/dict_0003_0073" 8352
"/Engine/EngineMaterials/Substrate/Glints2/dict_0003_0072" 8353
"/Engine/EngineMaterials/Substrate/Glints2/dict_0003_0071" 8354
"/Engine/EngineMaterials/Substrate/Glints2/dict_0003_0070" 8355
"/Engine/EngineMaterials/Substrate/Glints2/dict_0003_0069" 8356
"/Engine/EngineMaterials/Substrate/Glints2/dict_0003_0068" 8357
"/Engine/EngineMaterials/Substrate/Glints2/dict_0003_0067" 8358
"/Engine/EngineMaterials/Substrate/Glints2/dict_0003_0066" 8359
"../../../Engine/Content/EngineMaterials/Substrate/Glints2/dict_0003_0098.uasset" 8360
"../../../Engine/Content/EngineMaterials/Substrate/Glints2/dict_0003_0105.uasset" 8361
"../../../Engine/Content/EngineMaterials/Substrate/Glints2/dict_0003_0099.uasset" 8362
"../../../Engine/Content/EngineMaterials/Substrate/Glints2/dict_0003_0104.uasset" 8363
"../../../Engine/Content/EngineMaterials/Substrate/Glints2/dict_0003_0101.uasset" 8364
"/Engine/EngineMaterials/Substrate/Glints2/dict_0003_0097" 8365
"../../../Engine/Content/EngineMaterials/Substrate/Glints2/dict_0003_0102.uasset" 8366
"../../../Engine/Content/EngineMaterials/Substrate/Glints2/dict_0003_0106.uasset" 8367
"../../../Engine/Content/EngineMaterials/Substrate/Glints2/dict_0003_0103.uasset" 8368
"../../../Engine/Content/EngineMaterials/Substrate/Glints2/dict_0003_0100.uasset" 8369
"../../../Engine/Content/EngineMaterials/Substrate/Glints2/dict_0003_0107.uasset" 8370
"/Engine/EngineMaterials/Substrate/Glints2/dict_0003_0096" 8371
"/Engine/EngineMaterials/Substrate/Glints2/dict_0003_0095" 8372
"/Engine/EngineMaterials/Substrate/Glints2/dict_0003_0094" 8373
"/Engine/EngineMaterials/Substrate/Glints2/dict_0003_0093" 8374
"/Engine/EngineMaterials/Substrate/Glints2/dict_0003_0092" 8375
"/Engine/EngineMaterials/Substrate/Glints2/dict_0003_0091" 8376
"/Engine/EngineMaterials/Substrate/Glints2/dict_0003_0090" 8377
"/Engine/EngineMaterials/Substrate/Glints2/dict_0003_0089" 8378
"/Engine/EngineMaterials/Substrate/Glints2/dict_0003_0088" 8379
"/Engine/EngineMaterials/Substrate/Glints2/dict_0003_0087" 8380
"/Engine/EngineMaterials/Substrate/Glints2/dict_0003_0086" 8381
"/Engine/EngineMaterials/Substrate/Glints2/dict_0003_0085" 8382
"/Engine/EngineMaterials/Substrate/Glints2/dict_0003_0084" 8383
"/Engine/EngineMaterials/Substrate/Glints2/dict_0003_0083" 8384
"/Engine/EngineMaterials/Substrate/Glints2/dict_0003_0082" 8385
"/Engine/EngineMaterials/Substrate/Glints2/dict_0003_0081" 8386
"/Engine/EngineMaterials/Substrate/Glints2/dict_0003_0080" 8387
"/Engine/EngineMaterials/Substrate/Glints2/dict_0003_0079" 8388
"/Engine/EngineMaterials/Substrate/Glints2/dict_0003_0078" 8389
"/Engine/EngineMaterials/Substrate/Glints2/dict_0003_0077" 8390
"/Engine/EngineMaterials/Substrate/Glints2/dict_0003_0076" 8391
"../../../Engine/Content/EngineMaterials/Substrate/Glints2/dict_0003_0110.uasset" 8392
"../../../Engine/Content/EngineMaterials/Substrate/Glints2/dict_0003_0111.uasset" 8393
"../../../Engine/Content/EngineMaterials/Substrate/Glints2/dict_0003_0108.uasset" 8394
"../../../Engine/Content/EngineMaterials/Substrate/Glints2/dict_0003_0109.uasset" 8395
"/Engine/EngineMaterials/Substrate/Glints2/dict_0003_0107" 8396
"../../../Engine/Content/EngineMaterials/Substrate/Glints2/dict_0003_0113.uasset" 8397
"../../../Engine/Content/EngineMaterials/Substrate/Glints2/dict_0003_0114.uasset" 8398
"../../../Engine/Content/EngineMaterials/Substrate/Glints2/dict_0003_0112.uasset" 8399
"../../../Engine/Content/EngineMaterials/Substrate/Glints2/dict_0003_0115.uasset" 8400
"../../../Engine/Content/EngineMaterials/Substrate/Glints2/dict_0003_0116.uasset" 8401
"../../../Engine/Content/EngineMaterials/Substrate/Glints2/dict_0003_0120.uasset" 8402
"../../../Engine/Content/EngineMaterials/Substrate/Glints2/dict_0003_0118.uasset" 8403
"../../../Engine/Content/EngineMaterials/Substrate/Glints2/dict_0003_0122.uasset" 8404
"../../../Engine/Content/EngineMaterials/Substrate/Glints2/dict_0003_0119.uasset" 8405
"../../../Engine/Content/EngineMaterials/Substrate/Glints2/dict_0003_0125.uasset" 8406
"../../../Engine/Content/EngineMaterials/Substrate/Glints2/dict_0003_0124.uasset" 8407
"../../../Engine/Content/EngineMaterials/Substrate/Glints2/dict_0003_0126.uasset" 8408
"../../../Engine/Content/EngineMaterials/Substrate/Glints2/dict_0003_0123.uasset" 8409
"../../../Engine/Content/EngineMaterials/Substrate/Glints2/dict_0003_0121.uasset" 8410
"../../../Engine/Content/EngineMaterials/Substrate/Glints2/dict_0003_0127.uasset" 8411
"../../../Engine/Content/EngineMaterials/Substrate/Glints2/dict_0003_0128.uasset" 8412
"../../../Engine/Content/EngineMaterials/Substrate/Glints2/dict_0003_0117.uasset" 8413
"../../../Engine/Content/EngineMaterials/Substrate/Glints2/dict_0003_0129.uasset" 8414
"/Engine/EngineMaterials/Substrate/Glints2/dict_0003_0106" 8415
"/Engine/EngineMaterials/Substrate/Glints2/dict_0003_0105" 8416
"/Engine/EngineMaterials/Substrate/Glints2/dict_0003_0104" 8417
"/Engine/EngineMaterials/Substrate/Glints2/dict_0003_0103" 8418
"/Engine/EngineMaterials/Substrate/Glints2/dict_0003_0102" 8419
"/Engine/EngineMaterials/Substrate/Glints2/dict_0003_0101" 8420
"/Engine/EngineMaterials/Substrate/Glints2/dict_0003_0110" 8421
"/Engine/EngineMaterials/Substrate/Glints2/dict_0003_0100" 8422
"/Engine/EngineMaterials/Substrate/Glints2/dict_0003_0099" 8423
"/Engine/EngineMaterials/Substrate/Glints2/dict_0003_0098" 8424
"../../../Engine/Content/EngineMaterials/Substrate/Glints2/dict_0003_0132.uasset" 8425
"../../../Engine/Content/EngineMaterials/Substrate/Glints2/dict_0003_0133.uasset" 8426
"/Engine/EngineMaterials/Substrate/Glints2/dict_0003_0129" 8427
"../../../Engine/Content/EngineMaterials/Substrate/Glints2/dict_0003_0136.uasset" 8428
"../../../Engine/Content/EngineMaterials/Substrate/Glints2/dict_0003_0134.uasset" 8429
"../../../Engine/Content/EngineMaterials/Substrate/Glints2/dict_0003_0137.uasset" 8430
"../../../Engine/Content/EngineMaterials/Substrate/Glints2/dict_0003_0131.uasset" 8431
"../../../Engine/Content/EngineMaterials/Substrate/Glints2/dict_0003_0130.uasset" 8432
"../../../Engine/Content/EngineMaterials/Substrate/Glints2/dict_0003_0135.uasset" 8433
"../../../Engine/Content/EngineMaterials/Substrate/Glints2/dict_0003_0138.uasset" 8434
"../../../Engine/Content/EngineMaterials/Substrate/Glints2/dict_0003_0139.uasset" 8435
"../../../Engine/Content/EngineMaterials/Substrate/Glints2/dict_0003_0140.uasset" 8436
"/Engine/EngineMaterials/Substrate/Glints2/dict_0003_0128" 8437
"/Engine/EngineMaterials/Substrate/Glints2/dict_0003_0127" 8438
"/Engine/EngineMaterials/Substrate/Glints2/dict_0003_0126" 8439
"/Engine/EngineMaterials/Substrate/Glints2/dict_0003_0125" 8440
"/Engine/EngineMaterials/Substrate/Glints2/dict_0003_0124" 8441
"/Engine/EngineMaterials/Substrate/Glints2/dict_0003_0123" 8442
"/Engine/EngineMaterials/Substrate/Glints2/dict_0003_0122" 8443
"/Engine/EngineMaterials/Substrate/Glints2/dict_0003_0121" 8444
"/Engine/EngineMaterials/Substrate/Glints2/dict_0003_0120" 8445
"/Engine/EngineMaterials/Substrate/Glints2/dict_0003_0119" 8446
"/Engine/EngineMaterials/Substrate/Glints2/dict_0003_0118" 8447
"/Engine/EngineMaterials/Substrate/Glints2/dict_0003_0117" 8448
"/Engine/EngineMaterials/Substrate/Glints2/dict_0003_0116" 8449
"/Engine/EngineMaterials/Substrate/Glints2/dict_0003_0115" 8450
"/Engine/EngineMaterials/Substrate/Glints2/dict_0003_0114" 8451
"/Engine/EngineMaterials/Substrate/Glints2/dict_0003_0113" 8452
"/Engine/EngineMaterials/Substrate/Glints2/dict_0003_0112" 8453
"/Engine/EngineMaterials/Substrate/Glints2/dict_0003_0111" 8454
"/Engine/EngineMaterials/Substrate/Glints2/dict_0003_0109" 8455
"/Engine/EngineMaterials/Substrate/Glints2/dict_0003_0108" 8456
"../../../Engine/Content/EngineMaterials/Substrate/Glints2/dict_0003_0143.uasset" 8457
"../../../Engine/Content/EngineMaterials/Substrate/Glints2/dict_0003_0141.uasset" 8458
"../../../Engine/Content/EngineMaterials/Substrate/Glints2/dict_0003_0150.uasset" 8459
"../../../Engine/Content/EngineMaterials/Substrate/Glints2/dict_0003_0142.uasset" 8460
"/Engine/EngineMaterials/Substrate/Glints2/dict_0003_0140" 8461
"../../../Engine/Content/EngineMaterials/Substrate/Glints2/dict_0003_0146.uasset" 8462
"../../../Engine/Content/EngineMaterials/Substrate/Glints2/dict_0003_0148.uasset" 8463
"../../../Engine/Content/EngineMaterials/Substrate/Glints2/dict_0003_0149.uasset" 8464
"../../../Engine/Content/EngineMaterials/Substrate/Glints2/dict_0003_0153.uasset" 8465
"../../../Engine/Content/EngineMaterials/Substrate/Glints2/dict_0003_0155.uasset" 8466
"../../../Engine/Content/EngineMaterials/Substrate/Glints2/dict_0003_0147.uasset" 8467
"../../../Engine/Content/EngineMaterials/Substrate/Glints2/dict_0003_0151.uasset" 8468
"../../../Engine/Content/EngineMaterials/Substrate/Glints2/dict_0003_0156.uasset" 8469
"../../../Engine/Content/EngineMaterials/Substrate/Glints2/dict_0003_0158.uasset" 8470
"../../../Engine/Content/EngineMaterials/Substrate/Glints2/dict_0003_0157.uasset" 8471
"../../../Engine/Content/EngineMaterials/Substrate/Glints2/dict_0003_0160.uasset" 8472
"../../../Engine/Content/EngineMaterials/Substrate/Glints2/dict_0003_0145.uasset" 8473
"../../../Engine/Content/EngineMaterials/Substrate/Glints2/dict_0003_0161.uasset" 8474
"../../../Engine/Content/EngineMaterials/Substrate/Glints2/dict_0003_0159.uasset" 8475
"../../../Engine/Content/EngineMaterials/Substrate/Glints2/dict_0003_0144.uasset" 8476
"../../../Engine/Content/EngineMaterials/Substrate/Glints2/dict_0003_0152.uasset" 8477
"../../../Engine/Content/EngineMaterials/Substrate/Glints2/dict_0003_0154.uasset" 8478
"/Engine/EngineMaterials/Substrate/Glints2/dict_0003_0139" 8479
"/Engine/EngineMaterials/Substrate/Glints2/dict_0003_0138" 8480
"/Engine/EngineMaterials/Substrate/Glints2/dict_0003_0137" 8481
"/Engine/EngineMaterials/Substrate/Glints2/dict_0003_0136" 8482
"/Engine/EngineMaterials/Substrate/Glints2/dict_0003_0135" 8483
"/Engine/EngineMaterials/Substrate/Glints2/dict_0003_0134" 8484
"/Engine/EngineMaterials/Substrate/Glints2/dict_0003_0133" 8485
"/Engine/EngineMaterials/Substrate/Glints2/dict_0003_0132" 8486
"/Engine/EngineMaterials/Substrate/Glints2/dict_0003_0131" 8487
"/Engine/EngineMaterials/Substrate/Glints2/dict_0003_0130" 8488
"../../../Engine/Content/EngineMaterials/Substrate/Glints2/dict_0003_0167.uasset" 8489
"../../../Engine/Content/EngineMaterials/Substrate/Glints2/dict_0003_0162.uasset" 8490
"../../../Engine/Content/EngineMaterials/Substrate/Glints2/dict_0003_0168.uasset" 8491
"../../../Engine/Content/EngineMaterials/Substrate/Glints2/dict_0003_0163.uasset" 8492
"../../../Engine/Content/EngineMaterials/Substrate/Glints2/dict_0003_0165.uasset" 8493
"/Engine/EngineMaterials/Substrate/Glints2/dict_0003_0161" 8494
"../../../Engine/Content/EngineMaterials/Substrate/Glints2/dict_0003_0169.uasset" 8495
"../../../Engine/Content/EngineMaterials/Substrate/Glints2/dict_0003_0166.uasset" 8496
"../../../Engine/Content/EngineMaterials/Substrate/Glints2/dict_0003_0171.uasset" 8497
"../../../Engine/Content/EngineMaterials/Substrate/Glints2/dict_0003_0164.uasset" 8498
"../../../Engine/Content/EngineMaterials/Substrate/Glints2/dict_0003_0170.uasset" 8499
"../../../Engine/Content/EngineMaterials/Substrate/Glints2/dict_0003_0172.uasset" 8500
"/Engine/EngineMaterials/Substrate/Glints2/dict_0003_0160" 8501
"/Engine/EngineMaterials/Substrate/Glints2/dict_0003_0159" 8502
"/Engine/EngineMaterials/Substrate/Glints2/dict_0003_0158" 8503
"/Engine/EngineMaterials/Substrate/Glints2/dict_0003_0157" 8504
"/Engine/EngineMaterials/Substrate/Glints2/dict_0003_0156" 8505
"/Engine/EngineMaterials/Substrate/Glints2/dict_0003_0155" 8506
"/Engine/EngineMaterials/Substrate/Glints2/dict_0003_0154" 8507
"/Engine/EngineMaterials/Substrate/Glints2/dict_0003_0153" 8508
"/Engine/EngineMaterials/Substrate/Glints2/dict_0003_0152" 8509
"/Engine/EngineMaterials/Substrate/Glints2/dict_0003_0151" 8510
"/Engine/EngineMaterials/Substrate/Glints2/dict_0003_0150" 8511
"/Engine/EngineMaterials/Substrate/Glints2/dict_0003_0149" 8512
"/Engine/EngineMaterials/Substrate/Glints2/dict_0003_0148" 8513
"/Engine/EngineMaterials/Substrate/Glints2/dict_0003_0147" 8514
"/Engine/EngineMaterials/Substrate/Glints2/dict_0003_0146" 8515
"/Engine/EngineMaterials/Substrate/Glints2/dict_0003_0145" 8516
"/Engine/EngineMaterials/Substrate/Glints2/dict_0003_0144" 8517
"/Engine/EngineMaterials/Substrate/Glints2/dict_0003_0143" 8518
"/Engine/EngineMaterials/Substrate/Glints2/dict_0003_0142" 8519
"/Engine/EngineMaterials/Substrate/Glints2/dict_0003_0141" 8520
"../../../Engine/Content/EngineMaterials/Substrate/Glints2/dict_0003_0177.uasset" 8521
"../../../Engine/Content/EngineMaterials/Substrate/Glints2/dict_0003_0179.uasset" 8522
"../../../Engine/Content/EngineMaterials/Substrate/Glints2/dict_0003_0181.uasset" 8523
"../../../Engine/Content/EngineMaterials/Substrate/Glints2/dict_0003_0178.uasset" 8524
"../../../Engine/Content/EngineMaterials/Substrate/Glints2/dict_0003_0182.uasset" 8525
"../../../Engine/Content/EngineMaterials/Substrate/Glints2/dict_0003_0176.uasset" 8526
"/Engine/EngineMaterials/Substrate/Glints2/dict_0003_0172" 8527
"../../../Engine/Content/EngineMaterials/Substrate/Glints2/dict_0003_0183.uasset" 8528
"../../../Engine/Content/EngineMaterials/Substrate/Glints2/dict_0003_0184.uasset" 8529
"../../../Engine/Content/EngineMaterials/Substrate/Glints2/dict_0003_0185.uasset" 8530
"../../../Engine/Content/EngineMaterials/Substrate/Glints2/dict_0003_0174.uasset" 8531
"../../../Engine/Content/EngineMaterials/Substrate/Glints2/dict_0003_0188.uasset" 8532
"../../../Engine/Content/EngineMaterials/Substrate/Glints2/dict_0003_0186.uasset" 8533
"../../../Engine/Content/EngineMaterials/Substrate/Glints2/dict_0003_0189.uasset" 8534
"../../../Engine/Content/EngineMaterials/Substrate/Glints2/dict_0003_0187.uasset" 8535
"../../../Engine/Content/EngineMaterials/Substrate/Glints2/dict_0003_0190.uasset" 8536
"../../../Engine/Content/EngineMaterials/Substrate/Glints2/dict_0003_0192.uasset" 8537
"../../../Engine/Content/EngineMaterials/Substrate/Glints2/dict_0003_0191.uasset" 8538
"../../../Engine/Content/EngineMaterials/Substrate/Glints2/dict_0003_0193.uasset" 8539
"../../../Engine/Content/EngineMaterials/Substrate/Glints2/dict_0003_0173.uasset" 8540
"../../../Engine/Content/EngineMaterials/Substrate/Glints2/dict_0003_0180.uasset" 8541
"../../../Engine/Content/EngineMaterials/Substrate/Glints2/dict_0003_0175.uasset" 8542
"/Engine/EngineMaterials/Substrate/Glints2/dict_0003_0171" 8543
"/Engine/EngineMaterials/Substrate/Glints2/dict_0003_0170" 8544
"/Engine/EngineMaterials/Substrate/Glints2/dict_0003_0169" 8545
"/Engine/EngineMaterials/Substrate/Glints2/dict_0003_0168" 8546
"/Engine/EngineMaterials/Substrate/Glints2/dict_0003_0167" 8547
"/Engine/EngineMaterials/Substrate/Glints2/dict_0003_0166" 8548
"/Engine/EngineMaterials/Substrate/Glints2/dict_0003_0165" 8549
"/Engine/EngineMaterials/Substrate/Glints2/dict_0003_0164" 8550
"/Engine/EngineMaterials/Substrate/Glints2/dict_0003_0163" 8551
"/Engine/EngineMaterials/Substrate/Glints2/dict_0003_0162" 8552
"../../../Engine/Content/EngineMaterials/Substrate/Glints2/dict_0003_0194.uasset" 8553
"../../../Engine/Content/EngineMaterials/Substrate/Glints2/dict_0003_0195.uasset" 8554
"../../../Engine/Content/EngineMaterials/Substrate/Glints2/dict_0003_0196.uasset" 8555
"../../../Engine/Content/EngineMaterials/Substrate/Glints2/dict_0003_0199.uasset" 8556
"../../../Engine/Content/EngineMaterials/Substrate/Glints2/dict_0003_0201.uasset" 8557
"../../../Engine/Content/EngineMaterials/Substrate/Glints2/dict_0003_0200.uasset" 8558
"/Engine/EngineMaterials/Substrate/Glints2/dict_0003_0193" 8559
"../../../Engine/Content/EngineMaterials/Substrate/Glints2/dict_0003_0203.uasset" 8560
"../../../Engine/Content/EngineMaterials/Substrate/Glints2/dict_0003_0204.uasset" 8561
"../../../Engine/Content/EngineMaterials/Substrate/Glints2/dict_0003_0197.uasset" 8562
"../../../Engine/Content/EngineMaterials/Substrate/Glints2/dict_0003_0202.uasset" 8563
"../../../Engine/Content/EngineMaterials/Substrate/Glints2/dict_0003_0198.uasset" 8564
"/Engine/EngineMaterials/Substrate/Glints2/dict_0003_0192" 8565
"/Engine/EngineMaterials/Substrate/Glints2/dict_0003_0191" 8566
"/Engine/EngineMaterials/Substrate/Glints2/dict_0003_0190" 8567
"/Engine/EngineMaterials/Substrate/Glints2/dict_0003_0189" 8568
"/Engine/EngineMaterials/Substrate/Glints2/dict_0003_0188" 8569
"/Engine/EngineMaterials/Substrate/Glints2/dict_0003_0187" 8570
"/Engine/EngineMaterials/Substrate/Glints2/dict_0003_0186" 8571
"/Engine/EngineMaterials/Substrate/Glints2/dict_0003_0185" 8572
"/Engine/EngineMaterials/Substrate/Glints2/dict_0003_0184" 8573
"/Engine/EngineMaterials/Substrate/Glints2/dict_0003_0183" 8574
"/Engine/EngineMaterials/Substrate/Glints2/dict_0003_0182" 8575
"/Engine/EngineMaterials/Substrate/Glints2/dict_0003_0181" 8576
"/Engine/EngineMaterials/Substrate/Glints2/dict_0003_0180" 8577
"/Engine/EngineMaterials/Substrate/Glints2/dict_0003_0179" 8578
"/Engine/EngineMaterials/Substrate/Glints2/dict_0003_0178" 8579
"/Engine/EngineMaterials/Substrate/Glints2/dict_0003_0177" 8580
"/Engine/EngineMaterials/Substrate/Glints2/dict_0003_0176" 8581
"/Engine/EngineMaterials/Substrate/Glints2/dict_0003_0175" 8582
"/Engine/EngineMaterials/Substrate/Glints2/dict_0003_0174" 8583
"/Engine/EngineMaterials/Substrate/Glints2/dict_0003_0173" 8584
"../../../Engine/Content/EngineMaterials/Substrate/Glints2/dict_0003_0210.uasset" 8585
"../../../Engine/Content/EngineMaterials/Substrate/Glints2/dict_0003_0206.uasset" 8586
"../../../Engine/Content/EngineMaterials/Substrate/Glints2/dict_0003_0205.uasset" 8587
"../../../Engine/Content/EngineMaterials/Substrate/Glints2/dict_0003_0213.uasset" 8588
"../../../Engine/Content/EngineMaterials/Substrate/Glints2/dict_0003_0207.uasset" 8589
"../../../Engine/Content/EngineMaterials/Substrate/Glints2/dict_0003_0217.uasset" 8590
"../../../Engine/Content/EngineMaterials/Substrate/Glints2/dict_0003_0209.uasset" 8591
"../../../Engine/Content/EngineMaterials/Substrate/Glints2/dict_0003_0208.uasset" 8592
"/Engine/EngineMaterials/Substrate/Glints2/dict_0003_0204" 8593
"../../../Engine/Content/EngineMaterials/Substrate/Glints2/dict_0003_0218.uasset" 8594
"../../../Engine/Content/EngineMaterials/Substrate/Glints2/dict_0003_0220.uasset" 8595
"../../../Engine/Content/EngineMaterials/Substrate/Glints2/dict_0003_0219.uasset" 8596
"../../../Engine/Content/EngineMaterials/Substrate/Glints2/dict_0003_0221.uasset" 8597
"../../../Engine/Content/EngineMaterials/Substrate/Glints2/dict_0003_0212.uasset" 8598
"../../../Engine/Content/EngineMaterials/Substrate/Glints2/dict_0003_0222.uasset" 8599
"../../../Engine/Content/EngineMaterials/Substrate/Glints2/dict_0003_0224.uasset" 8600
"../../../Engine/Content/EngineMaterials/Substrate/Glints2/dict_0003_0211.uasset" 8601
"../../../Engine/Content/EngineMaterials/Substrate/Glints2/dict_0003_0215.uasset" 8602
"../../../Engine/Content/EngineMaterials/Substrate/Glints2/dict_0003_0216.uasset" 8603
"../../../Engine/Content/EngineMaterials/Substrate/Glints2/dict_0003_0214.uasset" 8604
"../../../Engine/Content/EngineMaterials/Substrate/Glints2/dict_0003_0223.uasset" 8605
"../../../Engine/Content/EngineMaterials/Substrate/Glints2/dict_0003_0225.uasset" 8606
"/Engine/EngineMaterials/Substrate/Glints2/dict_0003_0203" 8607
"/Engine/EngineMaterials/Substrate/Glints2/dict_0003_0202" 8608
"/Engine/EngineMaterials/Substrate/Glints2/dict_0003_0201" 8609
"/Engine/EngineMaterials/Substrate/Glints2/dict_0003_0200" 8610
"/Engine/EngineMaterials/Substrate/Glints2/dict_0003_0199" 8611
"/Engine/EngineMaterials/Substrate/Glints2/dict_0003_0198" 8612
"/Engine/EngineMaterials/Substrate/Glints2/dict_0003_0197" 8613
"/Engine/EngineMaterials/Substrate/Glints2/dict_0003_0196" 8614
"/Engine/EngineMaterials/Substrate/Glints2/dict_0003_0195" 8615
"/Engine/EngineMaterials/Substrate/Glints2/dict_0003_0194" 8616
"../../../Engine/Content/EngineMaterials/Substrate/Glints2/dict_0003_0229.uasset" 8617
"../../../Engine/Content/EngineMaterials/Substrate/Glints2/dict_0003_0233.uasset" 8618
"../../../Engine/Content/EngineMaterials/Substrate/Glints2/dict_0003_0231.uasset" 8619
"../../../Engine/Content/EngineMaterials/Substrate/Glints2/dict_0003_0226.uasset" 8620
"../../../Engine/Content/EngineMaterials/Substrate/Glints2/dict_0003_0235.uasset" 8621
"../../../Engine/Content/EngineMaterials/Substrate/Glints2/dict_0003_0228.uasset" 8622
"../../../Engine/Content/EngineMaterials/Substrate/Glints2/dict_0003_0232.uasset" 8623
"../../../Engine/Content/EngineMaterials/Substrate/Glints2/dict_0003_0227.uasset" 8624
"../../../Engine/Content/EngineMaterials/Substrate/Glints2/dict_0003_0234.uasset" 8625
"../../../Engine/Content/EngineMaterials/Substrate/Glints2/dict_0003_0230.uasset" 8626
"/Engine/EngineMaterials/Substrate/Glints2/dict_0003_0225" 8627
"../../../Engine/Content/EngineMaterials/Substrate/Glints2/dict_0003_0236.uasset" 8628
"/Engine/EngineMaterials/Substrate/Glints2/dict_0003_0224" 8629
"/Engine/EngineMaterials/Substrate/Glints2/dict_0003_0223" 8630
"/Engine/EngineMaterials/Substrate/Glints2/dict_0003_0222" 8631
"/Engine/EngineMaterials/Substrate/Glints2/dict_0003_0221" 8632
"/Engine/EngineMaterials/Substrate/Glints2/dict_0003_0220" 8633
"/Engine/EngineMaterials/Substrate/Glints2/dict_0003_0219" 8634
"/Engine/EngineMaterials/Substrate/Glints2/dict_0003_0218" 8635
"/Engine/EngineMaterials/Substrate/Glints2/dict_0003_0217" 8636
"/Engine/EngineMaterials/Substrate/Glints2/dict_0003_0216" 8637
"/Engine/EngineMaterials/Substrate/Glints2/dict_0003_0215" 8638
"/Engine/EngineMaterials/Substrate/Glints2/dict_0003_0214" 8639
"/Engine/EngineMaterials/Substrate/Glints2/dict_0003_0213" 8640
"/Engine/EngineMaterials/Substrate/Glints2/dict_0003_0212" 8641
"/Engine/EngineMaterials/Substrate/Glints2/dict_0003_0211" 8642
"/Engine/EngineMaterials/Substrate/Glints2/dict_0003_0210" 8643
"/Engine/EngineMaterials/Substrate/Glints2/dict_0003_0209" 8644
"/Engine/EngineMaterials/Substrate/Glints2/dict_0003_0208" 8645
"/Engine/EngineMaterials/Substrate/Glints2/dict_0003_0207" 8646
"/Engine/EngineMaterials/Substrate/Glints2/dict_0003_0206" 8647
"/Engine/EngineMaterials/Substrate/Glints2/dict_0003_0205" 8648
"../../../Engine/Content/EngineMaterials/Substrate/Glints2/dict_0003_0237.uasset" 8649
"../../../Engine/Content/EngineMaterials/Substrate/Glints2/dict_0003_0243.uasset" 8650
"../../../Engine/Content/EngineMaterials/Substrate/Glints2/dict_0003_0242.uasset" 8651
"../../../Engine/Content/EngineMaterials/Substrate/Glints2/dict_0003_0245.uasset" 8652
"../../../Engine/Content/EngineMaterials/Substrate/Glints2/dict_0003_0244.uasset" 8653
"../../../Engine/Content/EngineMaterials/Substrate/Glints2/dict_0003_0240.uasset" 8654
"../../../Engine/Content/EngineMaterials/Substrate/Glints2/dict_0003_0246.uasset" 8655
"/Engine/EngineMaterials/Substrate/Glints2/dict_0003_0236" 8656
"../../../Engine/Content/EngineMaterials/Substrate/Glints2/dict_0003_0248.uasset" 8657
"../../../Engine/Content/EngineMaterials/Substrate/Glints2/dict_0003_0247.uasset" 8658
"../../../Engine/Content/EngineMaterials/Substrate/Glints2/dict_0003_0249.uasset" 8659
"../../../Engine/Content/EngineMaterials/Substrate/Glints2/dict_0003_0251.uasset" 8660
"../../../Engine/Content/EngineMaterials/Substrate/Glints2/dict_0003_0253.uasset" 8661
"../../../Engine/Content/EngineMaterials/Substrate/Glints2/dict_0003_0239.uasset" 8662
"../../../Engine/Content/EngineMaterials/Substrate/Glints2/dict_0003_0252.uasset" 8663
"../../../Engine/Content/EngineMaterials/Substrate/Glints2/dict_0004_0000.uasset" 8664
"../../../Engine/Content/EngineMaterials/Substrate/Glints2/dict_0003_0250.uasset" 8665
"../../../Engine/Content/EngineMaterials/Substrate/Glints2/dict_0003_0254.uasset" 8666
"../../../Engine/Content/EngineMaterials/Substrate/Glints2/dict_0003_0238.uasset" 8667
"../../../Engine/Content/EngineMaterials/Substrate/Glints2/dict_0004_0001.uasset" 8668
"../../../Engine/Content/EngineMaterials/Substrate/Glints2/dict_0003_0241.uasset" 8669
"../../../Engine/Content/EngineMaterials/Substrate/Glints2/dict_0003_0255.uasset" 8670
"/Engine/EngineMaterials/Substrate/Glints2/dict_0003_0235" 8671
"/Engine/EngineMaterials/Substrate/Glints2/dict_0003_0234" 8672
"/Engine/EngineMaterials/Substrate/Glints2/dict_0003_0233" 8673
"/Engine/EngineMaterials/Substrate/Glints2/dict_0003_0232" 8674
"/Engine/EngineMaterials/Substrate/Glints2/dict_0003_0231" 8675
"/Engine/EngineMaterials/Substrate/Glints2/dict_0003_0230" 8676
"/Engine/EngineMaterials/Substrate/Glints2/dict_0003_0229" 8677
"/Engine/EngineMaterials/Substrate/Glints2/dict_0003_0228" 8678
"/Engine/EngineMaterials/Substrate/Glints2/dict_0003_0227" 8679
"/Engine/EngineMaterials/Substrate/Glints2/dict_0003_0226" 8680
"../../../Engine/Content/EngineMaterials/Substrate/Glints2/dict_0004_0004.uasset" 8681
"../../../Engine/Content/EngineMaterials/Substrate/Glints2/dict_0004_0006.uasset" 8682
"../../../Engine/Content/EngineMaterials/Substrate/Glints2/dict_0004_0010.uasset" 8683
"../../../Engine/Content/EngineMaterials/Substrate/Glints2/dict_0004_0005.uasset" 8684
"../../../Engine/Content/EngineMaterials/Substrate/Glints2/dict_0004_0003.uasset" 8685
"/Engine/EngineMaterials/Substrate/Glints2/dict_0004_0001" 8686
"../../../Engine/Content/EngineMaterials/Substrate/Glints2/dict_0004_0002.uasset" 8687
"../../../Engine/Content/EngineMaterials/Substrate/Glints2/dict_0004_0011.uasset" 8688
"../../../Engine/Content/EngineMaterials/Substrate/Glints2/dict_0004_0007.uasset" 8689
"../../../Engine/Content/EngineMaterials/Substrate/Glints2/dict_0004_0009.uasset" 8690
"../../../Engine/Content/EngineMaterials/Substrate/Glints2/dict_0004_0008.uasset" 8691
"../../../Engine/Content/EngineMaterials/Substrate/Glints2/dict_0004_0012.uasset" 8692
"/Engine/EngineMaterials/Substrate/Glints2/dict_0004_0000" 8693
"/Engine/EngineMaterials/Substrate/Glints2/dict_0003_0255" 8694
"/Engine/EngineMaterials/Substrate/Glints2/dict_0003_0254" 8695
"/Engine/EngineMaterials/Substrate/Glints2/dict_0003_0253" 8696
"/Engine/EngineMaterials/Substrate/Glints2/dict_0003_0252" 8697
"/Engine/EngineMaterials/Substrate/Glints2/dict_0003_0251" 8698
"/Engine/EngineMaterials/Substrate/Glints2/dict_0003_0250" 8699
"/Engine/EngineMaterials/Substrate/Glints2/dict_0003_0249" 8700
"/Engine/EngineMaterials/Substrate/Glints2/dict_0003_0248" 8701
"/Engine/EngineMaterials/Substrate/Glints2/dict_0003_0247" 8702
"/Engine/EngineMaterials/Substrate/Glints2/dict_0003_0246" 8703
"/Engine/EngineMaterials/Substrate/Glints2/dict_0003_0245" 8704
"/Engine/EngineMaterials/Substrate/Glints2/dict_0003_0244" 8705
"/Engine/EngineMaterials/Substrate/Glints2/dict_0003_0243" 8706
"/Engine/EngineMaterials/Substrate/Glints2/dict_0003_0242" 8707
"/Engine/EngineMaterials/Substrate/Glints2/dict_0003_0241" 8708
"/Engine/EngineMaterials/Substrate/Glints2/dict_0003_0240" 8709
"/Engine/EngineMaterials/Substrate/Glints2/dict_0003_0239" 8710
"/Engine/EngineMaterials/Substrate/Glints2/dict_0003_0238" 8711
"/Engine/EngineMaterials/Substrate/Glints2/dict_0003_0237" 8712
"../../../Engine/Content/EngineMaterials/Substrate/Glints2/dict_0004_0014.uasset" 8713
"../../../Engine/Content/EngineMaterials/Substrate/Glints2/dict_0004_0018.uasset" 8714
"../../../Engine/Content/EngineMaterials/Substrate/Glints2/dict_0004_0015.uasset" 8715
"../../../Engine/Content/EngineMaterials/Substrate/Glints2/dict_0004_0019.uasset" 8716
"../../../Engine/Content/EngineMaterials/Substrate/Glints2/dict_0004_0020.uasset" 8717
"../../../Engine/Content/EngineMaterials/Substrate/Glints2/dict_0004_0016.uasset" 8718
"/Engine/EngineMaterials/Substrate/Glints2/dict_0004_0012" 8719
"../../../Engine/Content/EngineMaterials/Substrate/Glints2/dict_0004_0024.uasset" 8720
"../../../Engine/Content/EngineMaterials/Substrate/Glints2/dict_0004_0021.uasset" 8721
"../../../Engine/Content/EngineMaterials/Substrate/Glints2/dict_0004_0017.uasset" 8722
"../../../Engine/Content/EngineMaterials/Substrate/Glints2/dict_0004_0022.uasset" 8723
"../../../Engine/Content/EngineMaterials/Substrate/Glints2/dict_0004_0027.uasset" 8724
"../../../Engine/Content/EngineMaterials/Substrate/Glints2/dict_0004_0025.uasset" 8725
"../../../Engine/Content/EngineMaterials/Substrate/Glints2/dict_0004_0026.uasset" 8726
"../../../Engine/Content/EngineMaterials/Substrate/Glints2/dict_0004_0030.uasset" 8727
"../../../Engine/Content/EngineMaterials/Substrate/Glints2/dict_0004_0031.uasset" 8728
"../../../Engine/Content/EngineMaterials/Substrate/Glints2/dict_0004_0033.uasset" 8729
"../../../Engine/Content/EngineMaterials/Substrate/Glints2/dict_0004_0029.uasset" 8730
"../../../Engine/Content/EngineMaterials/Substrate/Glints2/dict_0004_0032.uasset" 8731
"../../../Engine/Content/EngineMaterials/Substrate/Glints2/dict_0004_0023.uasset" 8732
"../../../Engine/Content/EngineMaterials/Substrate/Glints2/dict_0004_0028.uasset" 8733
"../../../Engine/Content/EngineMaterials/Substrate/Glints2/dict_0004_0013.uasset" 8734
"/Engine/EngineMaterials/Substrate/Glints2/dict_0004_0011" 8735
"/Engine/EngineMaterials/Substrate/Glints2/dict_0004_0010" 8736
"/Engine/EngineMaterials/Substrate/Glints2/dict_0004_0009" 8737
"/Engine/EngineMaterials/Substrate/Glints2/dict_0004_0008" 8738
"/Engine/EngineMaterials/Substrate/Glints2/dict_0004_0007" 8739
"/Engine/EngineMaterials/Substrate/Glints2/dict_0004_0006" 8740
"/Engine/EngineMaterials/Substrate/Glints2/dict_0004_0005" 8741
"/Engine/EngineMaterials/Substrate/Glints2/dict_0004_0004" 8742
"/Engine/EngineMaterials/Substrate/Glints2/dict_0004_0003" 8743
"/Engine/EngineMaterials/Substrate/Glints2/dict_0004_0002" 8744
"../../../Engine/Content/EngineMaterials/Substrate/Glints2/dict_0004_0034.uasset" 8745
"../../../Engine/Content/EngineMaterials/Substrate/Glints2/dict_0004_0041.uasset" 8746
"../../../Engine/Content/EngineMaterials/Substrate/Glints2/dict_0004_0035.uasset" 8747
"../../../Engine/Content/EngineMaterials/Substrate/Glints2/dict_0004_0040.uasset" 8748
"../../../Engine/Content/EngineMaterials/Substrate/Glints2/dict_0004_0043.uasset" 8749
"../../../Engine/Content/EngineMaterials/Substrate/Glints2/dict_0004_0039.uasset" 8750
"/Engine/EngineMaterials/Substrate/Glints2/dict_0004_0033" 8751
"../../../Engine/Content/EngineMaterials/Substrate/Glints2/dict_0004_0044.uasset" 8752
"../../../Engine/Content/EngineMaterials/Substrate/Glints2/dict_0004_0038.uasset" 8753
"../../../Engine/Content/EngineMaterials/Substrate/Glints2/dict_0004_0042.uasset" 8754
"../../../Engine/Content/EngineMaterials/Substrate/Glints2/dict_0004_0036.uasset" 8755
"../../../Engine/Content/EngineMaterials/Substrate/Glints2/dict_0004_0037.uasset" 8756
"/Engine/EngineMaterials/Substrate/Glints2/dict_0004_0032" 8757
"/Engine/EngineMaterials/Substrate/Glints2/dict_0004_0031" 8758
"/Engine/EngineMaterials/Substrate/Glints2/dict_0004_0030" 8759
"/Engine/EngineMaterials/Substrate/Glints2/dict_0004_0029" 8760
"/Engine/EngineMaterials/Substrate/Glints2/dict_0004_0028" 8761
"/Engine/EngineMaterials/Substrate/Glints2/dict_0004_0027" 8762
"/Engine/EngineMaterials/Substrate/Glints2/dict_0004_0026" 8763
"/Engine/EngineMaterials/Substrate/Glints2/dict_0004_0025" 8764
"/Engine/EngineMaterials/Substrate/Glints2/dict_0004_0024" 8765
"/Engine/EngineMaterials/Substrate/Glints2/dict_0004_0023" 8766
"/Engine/EngineMaterials/Substrate/Glints2/dict_0004_0022" 8767
"/Engine/EngineMaterials/Substrate/Glints2/dict_0004_0021" 8768
"/Engine/EngineMaterials/Substrate/Glints2/dict_0004_0020" 8769
"/Engine/EngineMaterials/Substrate/Glints2/dict_0004_0019" 8770
"/Engine/EngineMaterials/Substrate/Glints2/dict_0004_0018" 8771
"/Engine/EngineMaterials/Substrate/Glints2/dict_0004_0017" 8772
"/Engine/EngineMaterials/Substrate/Glints2/dict_0004_0016" 8773
"/Engine/EngineMaterials/Substrate/Glints2/dict_0004_0015" 8774
"/Engine/EngineMaterials/Substrate/Glints2/dict_0004_0014" 8775
"/Engine/EngineMaterials/Substrate/Glints2/dict_0004_0013" 8776
"../../../Engine/Content/EngineMaterials/Substrate/Glints2/dict_0004_0045.uasset" 8777
"../../../Engine/Content/EngineMaterials/Substrate/Glints2/dict_0004_0049.uasset" 8778
"../../../Engine/Content/EngineMaterials/Substrate/Glints2/dict_0004_0053.uasset" 8779
"../../../Engine/Content/EngineMaterials/Substrate/Glints2/dict_0004_0046.uasset" 8780
"../../../Engine/Content/EngineMaterials/Substrate/Glints2/dict_0004_0052.uasset" 8781
"../../../Engine/Content/EngineMaterials/Substrate/Glints2/dict_0004_0047.uasset" 8782
"/Engine/EngineMaterials/Substrate/Glints2/dict_0004_0044" 8783
"../../../Engine/Content/EngineMaterials/Substrate/Glints2/dict_0004_0048.uasset" 8784
"../../../Engine/Content/EngineMaterials/Substrate/Glints2/dict_0004_0055.uasset" 8785
"../../../Engine/Content/EngineMaterials/Substrate/Glints2/dict_0004_0057.uasset" 8786
"../../../Engine/Content/EngineMaterials/Substrate/Glints2/dict_0004_0058.uasset" 8787
"../../../Engine/Content/EngineMaterials/Substrate/Glints2/dict_0004_0059.uasset" 8788
"../../../Engine/Content/EngineMaterials/Substrate/Glints2/dict_0004_0050.uasset" 8789
"../../../Engine/Content/EngineMaterials/Substrate/Glints2/dict_0004_0063.uasset" 8790
"../../../Engine/Content/EngineMaterials/Substrate/Glints2/dict_0004_0061.uasset" 8791
"../../../Engine/Content/EngineMaterials/Substrate/Glints2/dict_0004_0051.uasset" 8792
"../../../Engine/Content/EngineMaterials/Substrate/Glints2/dict_0004_0064.uasset" 8793
"../../../Engine/Content/EngineMaterials/Substrate/Glints2/dict_0004_0065.uasset" 8794
"../../../Engine/Content/EngineMaterials/Substrate/Glints2/dict_0004_0056.uasset" 8795
"../../../Engine/Content/EngineMaterials/Substrate/Glints2/dict_0004_0062.uasset" 8796
"../../../Engine/Content/EngineMaterials/Substrate/Glints2/dict_0004_0054.uasset" 8797
"../../../Engine/Content/EngineMaterials/Substrate/Glints2/dict_0004_0060.uasset" 8798
"/Engine/EngineMaterials/Substrate/Glints2/dict_0004_0043" 8799
"/Engine/EngineMaterials/Substrate/Glints2/dict_0004_0042" 8800
"/Engine/EngineMaterials/Substrate/Glints2/dict_0004_0041" 8801
"/Engine/EngineMaterials/Substrate/Glints2/dict_0004_0040" 8802
"/Engine/EngineMaterials/Substrate/Glints2/dict_0004_0039" 8803
"/Engine/EngineMaterials/Substrate/Glints2/dict_0004_0038" 8804
"/Engine/EngineMaterials/Substrate/Glints2/dict_0004_0037" 8805
"/Engine/EngineMaterials/Substrate/Glints2/dict_0004_0036" 8806
"/Engine/EngineMaterials/Substrate/Glints2/dict_0004_0035" 8807
"/Engine/EngineMaterials/Substrate/Glints2/dict_0004_0034" 8808
"../../../Engine/Content/EngineMaterials/Substrate/Glints2/dict_0004_0067.uasset" 8809
"../../../Engine/Content/EngineMaterials/Substrate/Glints2/dict_0004_0071.uasset" 8810
"../../../Engine/Content/EngineMaterials/Substrate/Glints2/dict_0004_0070.uasset" 8811
"../../../Engine/Content/EngineMaterials/Substrate/Glints2/dict_0004_0066.uasset" 8812
"/Engine/EngineMaterials/Substrate/Glints2/dict_0004_0065" 8813
"../../../Engine/Content/EngineMaterials/Substrate/Glints2/dict_0004_0069.uasset" 8814
"../../../Engine/Content/EngineMaterials/Substrate/Glints2/dict_0004_0075.uasset" 8815
"../../../Engine/Content/EngineMaterials/Substrate/Glints2/dict_0004_0073.uasset" 8816
"../../../Engine/Content/EngineMaterials/Substrate/Glints2/dict_0004_0072.uasset" 8817
"../../../Engine/Content/EngineMaterials/Substrate/Glints2/dict_0004_0076.uasset" 8818
"../../../Engine/Content/EngineMaterials/Substrate/Glints2/dict_0004_0074.uasset" 8819
"../../../Engine/Content/EngineMaterials/Substrate/Glints2/dict_0004_0068.uasset" 8820
"/Engine/EngineMaterials/Substrate/Glints2/dict_0004_0064" 8821
"/Engine/EngineMaterials/Substrate/Glints2/dict_0004_0063" 8822
"/Engine/EngineMaterials/Substrate/Glints2/dict_0004_0062" 8823
"/Engine/EngineMaterials/Substrate/Glints2/dict_0004_0061" 8824
"/Engine/EngineMaterials/Substrate/Glints2/dict_0004_0060" 8825
"/Engine/EngineMaterials/Substrate/Glints2/dict_0004_0059" 8826
"/Engine/EngineMaterials/Substrate/Glints2/dict_0004_0058" 8827
"/Engine/EngineMaterials/Substrate/Glints2/dict_0004_0057" 8828
"/Engine/EngineMaterials/Substrate/Glints2/dict_0004_0056" 8829
"/Engine/EngineMaterials/Substrate/Glints2/dict_0004_0055" 8830
"/Engine/EngineMaterials/Substrate/Glints2/dict_0004_0054" 8831
"/Engine/EngineMaterials/Substrate/Glints2/dict_0004_0053" 8832
"/Engine/EngineMaterials/Substrate/Glints2/dict_0004_0052" 8833
"/Engine/EngineMaterials/Substrate/Glints2/dict_0004_0051" 8834
"/Engine/EngineMaterials/Substrate/Glints2/dict_0004_0050" 8835
"/Engine/EngineMaterials/Substrate/Glints2/dict_0004_0049" 8836
"/Engine/EngineMaterials/Substrate/Glints2/dict_0004_0048" 8837
"/Engine/EngineMaterials/Substrate/Glints2/dict_0004_0047" 8838
"/Engine/EngineMaterials/Substrate/Glints2/dict_0004_0046" 8839
"/Engine/EngineMaterials/Substrate/Glints2/dict_0004_0045" 8840
"../../../Engine/Content/EngineMaterials/Substrate/Glints2/dict_0004_0080.uasset" 8841
"../../../Engine/Content/EngineMaterials/Substrate/Glints2/dict_0004_0081.uasset" 8842
"../../../Engine/Content/EngineMaterials/Substrate/Glints2/dict_0004_0083.uasset" 8843
"../../../Engine/Content/EngineMaterials/Substrate/Glints2/dict_0004_0085.uasset" 8844
"../../../Engine/Content/EngineMaterials/Substrate/Glints2/dict_0004_0077.uasset" 8845
"/Engine/EngineMaterials/Substrate/Glints2/dict_0004_0076" 8846
"../../../Engine/Content/EngineMaterials/Substrate/Glints2/dict_0004_0086.uasset" 8847
"../../../Engine/Content/EngineMaterials/Substrate/Glints2/dict_0004_0079.uasset" 8848
"../../../Engine/Content/EngineMaterials/Substrate/Glints2/dict_0004_0087.uasset" 8849
"../../../Engine/Content/EngineMaterials/Substrate/Glints2/dict_0004_0084.uasset" 8850
"../../../Engine/Content/EngineMaterials/Substrate/Glints2/dict_0004_0090.uasset" 8851
"../../../Engine/Content/EngineMaterials/Substrate/Glints2/dict_0004_0091.uasset" 8852
"../../../Engine/Content/EngineMaterials/Substrate/Glints2/dict_0004_0088.uasset" 8853
"../../../Engine/Content/EngineMaterials/Substrate/Glints2/dict_0004_0092.uasset" 8854
"../../../Engine/Content/EngineMaterials/Substrate/Glints2/dict_0004_0094.uasset" 8855
"../../../Engine/Content/EngineMaterials/Substrate/Glints2/dict_0004_0095.uasset" 8856
"../../../Engine/Content/EngineMaterials/Substrate/Glints2/dict_0004_0096.uasset" 8857
"../../../Engine/Content/EngineMaterials/Substrate/Glints2/dict_0004_0093.uasset" 8858
"../../../Engine/Content/EngineMaterials/Substrate/Glints2/dict_0004_0089.uasset" 8859
"../../../Engine/Content/EngineMaterials/Substrate/Glints2/dict_0004_0078.uasset" 8860
"../../../Engine/Content/EngineMaterials/Substrate/Glints2/dict_0004_0082.uasset" 8861
"../../../Engine/Content/EngineMaterials/Substrate/Glints2/dict_0004_0097.uasset" 8862
"/Engine/EngineMaterials/Substrate/Glints2/dict_0004_0075" 8863
"/Engine/EngineMaterials/Substrate/Glints2/dict_0004_0074" 8864
"/Engine/EngineMaterials/Substrate/Glints2/dict_0004_0073" 8865
"/Engine/EngineMaterials/Substrate/Glints2/dict_0004_0072" 8866
"/Engine/EngineMaterials/Substrate/Glints2/dict_0004_0071" 8867
"/Engine/EngineMaterials/Substrate/Glints2/dict_0004_0070" 8868
"/Engine/EngineMaterials/Substrate/Glints2/dict_0004_0069" 8869
"/Engine/EngineMaterials/Substrate/Glints2/dict_0004_0068" 8870
"/Engine/EngineMaterials/Substrate/Glints2/dict_0004_0067" 8871
"/Engine/EngineMaterials/Substrate/Glints2/dict_0004_0066" 8872
"../../../Engine/Content/EngineMaterials/Substrate/Glints2/dict_0004_0100.uasset" 8873
"../../../Engine/Content/EngineMaterials/Substrate/Glints2/dict_0004_0103.uasset" 8874
"../../../Engine/Content/EngineMaterials/Substrate/Glints2/dict_0004_0099.uasset" 8875
"../../../Engine/Content/EngineMaterials/Substrate/Glints2/dict_0004_0101.uasset" 8876
"../../../Engine/Content/EngineMaterials/Substrate/Glints2/dict_0004_0104.uasset" 8877
"/Engine/EngineMaterials/Substrate/Glints2/dict_0004_0097" 8878
"../../../Engine/Content/EngineMaterials/Substrate/Glints2/dict_0004_0102.uasset" 8879
"../../../Engine/Content/EngineMaterials/Substrate/Glints2/dict_0004_0106.uasset" 8880
"../../../Engine/Content/EngineMaterials/Substrate/Glints2/dict_0004_0108.uasset" 8881
"../../../Engine/Content/EngineMaterials/Substrate/Glints2/dict_0004_0107.uasset" 8882
"../../../Engine/Content/EngineMaterials/Substrate/Glints2/dict_0004_0105.uasset" 8883
"../../../Engine/Content/EngineMaterials/Substrate/Glints2/dict_0004_0098.uasset" 8884
"/Engine/EngineMaterials/Substrate/Glints2/dict_0004_0096" 8885
"/Engine/EngineMaterials/Substrate/Glints2/dict_0004_0095" 8886
"/Engine/EngineMaterials/Substrate/Glints2/dict_0004_0094" 8887
"/Engine/EngineMaterials/Substrate/Glints2/dict_0004_0093" 8888
"/Engine/EngineMaterials/Substrate/Glints2/dict_0004_0092" 8889
"/Engine/EngineMaterials/Substrate/Glints2/dict_0004_0091" 8890
"/Engine/EngineMaterials/Substrate/Glints2/dict_0004_0090" 8891
"/Engine/EngineMaterials/Substrate/Glints2/dict_0004_0089" 8892
"/Engine/EngineMaterials/Substrate/Glints2/dict_0004_0088" 8893
"/Engine/EngineMaterials/Substrate/Glints2/dict_0004_0087" 8894
"/Engine/EngineMaterials/Substrate/Glints2/dict_0004_0086" 8895
"/Engine/EngineMaterials/Substrate/Glints2/dict_0004_0085" 8896
"/Engine/EngineMaterials/Substrate/Glints2/dict_0004_0084" 8897
"/Engine/EngineMaterials/Substrate/Glints2/dict_0004_0083" 8898
"/Engine/EngineMaterials/Substrate/Glints2/dict_0004_0082" 8899
"/Engine/EngineMaterials/Substrate/Glints2/dict_0004_0081" 8900
"/Engine/EngineMaterials/Substrate/Glints2/dict_0004_0080" 8901
"/Engine/EngineMaterials/Substrate/Glints2/dict_0004_0079" 8902
"/Engine/EngineMaterials/Substrate/Glints2/dict_0004_0078" 8903
"/Engine/EngineMaterials/Substrate/Glints2/dict_0004_0077" 8904
"../../../Engine/Content/EngineMaterials/Substrate/Glints2/dict_0004_0113.uasset" 8905
"../../../Engine/Content/EngineMaterials/Substrate/Glints2/dict_0004_0111.uasset" 8906
"../../../Engine/Content/EngineMaterials/Substrate/Glints2/dict_0004_0115.uasset" 8907
"../../../Engine/Content/EngineMaterials/Substrate/Glints2/dict_0004_0117.uasset" 8908
"../../../Engine/Content/EngineMaterials/Substrate/Glints2/dict_0004_0114.uasset" 8909
"../../../Engine/Content/EngineMaterials/Substrate/Glints2/dict_0004_0118.uasset" 8910
"/Engine/EngineMaterials/Substrate/Glints2/dict_0004_0108" 8911
"../../../Engine/Content/EngineMaterials/Substrate/Glints2/dict_0004_0119.uasset" 8912
"../../../Engine/Content/EngineMaterials/Substrate/Glints2/dict_0004_0120.uasset" 8913
"../../../Engine/Content/EngineMaterials/Substrate/Glints2/dict_0004_0123.uasset" 8914
"../../../Engine/Content/EngineMaterials/Substrate/Glints2/dict_0004_0112.uasset" 8915
"../../../Engine/Content/EngineMaterials/Substrate/Glints2/dict_0004_0121.uasset" 8916
"../../../Engine/Content/EngineMaterials/Substrate/Glints2/dict_0004_0110.uasset" 8917
"../../../Engine/Content/EngineMaterials/Substrate/Glints2/dict_0004_0122.uasset" 8918
"../../../Engine/Content/EngineMaterials/Substrate/Glints2/dict_0004_0126.uasset" 8919
"../../../Engine/Content/EngineMaterials/Substrate/Glints2/dict_0004_0125.uasset" 8920
"../../../Engine/Content/EngineMaterials/Substrate/Glints2/dict_0004_0127.uasset" 8921
"../../../Engine/Content/EngineMaterials/Substrate/Glints2/dict_0004_0124.uasset" 8922
"../../../Engine/Content/EngineMaterials/Substrate/Glints2/dict_0004_0128.uasset" 8923
"../../../Engine/Content/EngineMaterials/Substrate/Glints2/dict_0004_0109.uasset" 8924
"../../../Engine/Content/EngineMaterials/Substrate/Glints2/dict_0004_0129.uasset" 8925
"../../../Engine/Content/EngineMaterials/Substrate/Glints2/dict_0004_0116.uasset" 8926
"/Engine/EngineMaterials/Substrate/Glints2/dict_0004_0107" 8927
"/Engine/EngineMaterials/Substrate/Glints2/dict_0004_0106" 8928
"/Engine/EngineMaterials/Substrate/Glints2/dict_0004_0105" 8929
"/Engine/EngineMaterials/Substrate/Glints2/dict_0004_0104" 8930
"/Engine/EngineMaterials/Substrate/Glints2/dict_0004_0103" 8931
"/Engine/EngineMaterials/Substrate/Glints2/dict_0004_0102" 8932
"/Engine/EngineMaterials/Substrate/Glints2/dict_0004_0101" 8933
"/Engine/EngineMaterials/Substrate/Glints2/dict_0004_0100" 8934
"/Engine/EngineMaterials/Substrate/Glints2/dict_0004_0099" 8935
"/Engine/EngineMaterials/Substrate/Glints2/dict_0004_0098" 8936
"../../../Engine/Content/EngineMaterials/Substrate/Glints2/dict_0004_0132.uasset" 8937
"../../../Engine/Content/EngineMaterials/Substrate/Glints2/dict_0004_0137.uasset" 8938
"../../../Engine/Content/EngineMaterials/Substrate/Glints2/dict_0004_0135.uasset" 8939
"/Engine/EngineMaterials/Substrate/Glints2/dict_0004_0129" 8940
"../../../Engine/Content/EngineMaterials/Substrate/Glints2/dict_0004_0130.uasset" 8941
"../../../Engine/Content/EngineMaterials/Substrate/Glints2/dict_0004_0133.uasset" 8942
"../../../Engine/Content/EngineMaterials/Substrate/Glints2/dict_0004_0134.uasset" 8943
"../../../Engine/Content/EngineMaterials/Substrate/Glints2/dict_0004_0136.uasset" 8944
"../../../Engine/Content/EngineMaterials/Substrate/Glints2/dict_0004_0140.uasset" 8945
"../../../Engine/Content/EngineMaterials/Substrate/Glints2/dict_0004_0131.uasset" 8946
"../../../Engine/Content/EngineMaterials/Substrate/Glints2/dict_0004_0139.uasset" 8947
"../../../Engine/Content/EngineMaterials/Substrate/Glints2/dict_0004_0138.uasset" 8948
"/Engine/EngineMaterials/Substrate/Glints2/dict_0004_0128" 8949
"/Engine/EngineMaterials/Substrate/Glints2/dict_0004_0127" 8950
"/Engine/EngineMaterials/Substrate/Glints2/dict_0004_0126" 8951
"/Engine/EngineMaterials/Substrate/Glints2/dict_0004_0125" 8952
"/Engine/EngineMaterials/Substrate/Glints2/dict_0004_0124" 8953
"/Engine/EngineMaterials/Substrate/Glints2/dict_0004_0123" 8954
"/Engine/EngineMaterials/Substrate/Glints2/dict_0004_0122" 8955
"/Engine/EngineMaterials/Substrate/Glints2/dict_0004_0121" 8956
"/Engine/EngineMaterials/Substrate/Glints2/dict_0004_0120" 8957
"/Engine/EngineMaterials/Substrate/Glints2/dict_0004_0119" 8958
"/Engine/EngineMaterials/Substrate/Glints2/dict_0004_0118" 8959
"/Engine/EngineMaterials/Substrate/Glints2/dict_0004_0117" 8960
"/Engine/EngineMaterials/Substrate/Glints2/dict_0004_0116" 8961
"/Engine/EngineMaterials/Substrate/Glints2/dict_0004_0115" 8962
"/Engine/EngineMaterials/Substrate/Glints2/dict_0004_0114" 8963
"/Engine/EngineMaterials/Substrate/Glints2/dict_0004_0113" 8964
"/Engine/EngineMaterials/Substrate/Glints2/dict_0004_0112" 8965
"/Engine/EngineMaterials/Substrate/Glints2/dict_0004_0111" 8966
"/Engine/EngineMaterials/Substrate/Glints2/dict_0004_0110" 8967
"/Engine/EngineMaterials/Substrate/Glints2/dict_0004_0109" 8968
"../../../Engine/Content/EngineMaterials/Substrate/Glints2/dict_0004_0144.uasset" 8969
"../../../Engine/Content/EngineMaterials/Substrate/Glints2/dict_0004_0145.uasset" 8970
"../../../Engine/Content/EngineMaterials/Substrate/Glints2/dict_0004_0150.uasset" 8971
"../../../Engine/Content/EngineMaterials/Substrate/Glints2/dict_0004_0141.uasset" 8972
"../../../Engine/Content/EngineMaterials/Substrate/Glints2/dict_0004_0142.uasset" 8973
"/Engine/EngineMaterials/Substrate/Glints2/dict_0004_0140" 8974
"../../../Engine/Content/EngineMaterials/Substrate/Glints2/dict_0004_0146.uasset" 8975
"../../../Engine/Content/EngineMaterials/Substrate/Glints2/dict_0004_0149.uasset" 8976
"../../../Engine/Content/EngineMaterials/Substrate/Glints2/dict_0004_0151.uasset" 8977
"../../../Engine/Content/EngineMaterials/Substrate/Glints2/dict_0004_0147.uasset" 8978
"../../../Engine/Content/EngineMaterials/Substrate/Glints2/dict_0004_0152.uasset" 8979
"../../../Engine/Content/EngineMaterials/Substrate/Glints2/dict_0004_0153.uasset" 8980
"../../../Engine/Content/EngineMaterials/Substrate/Glints2/dict_0004_0143.uasset" 8981
"../../../Engine/Content/EngineMaterials/Substrate/Glints2/dict_0004_0155.uasset" 8982
"../../../Engine/Content/EngineMaterials/Substrate/Glints2/dict_0004_0156.uasset" 8983
"../../../Engine/Content/EngineMaterials/Substrate/Glints2/dict_0004_0154.uasset" 8984
"../../../Engine/Content/EngineMaterials/Substrate/Glints2/dict_0004_0160.uasset" 8985
"../../../Engine/Content/EngineMaterials/Substrate/Glints2/dict_0004_0159.uasset" 8986
"../../../Engine/Content/EngineMaterials/Substrate/Glints2/dict_0004_0148.uasset" 8987
"../../../Engine/Content/EngineMaterials/Substrate/Glints2/dict_0004_0161.uasset" 8988
"../../../Engine/Content/EngineMaterials/Substrate/Glints2/dict_0004_0158.uasset" 8989
"../../../Engine/Content/EngineMaterials/Substrate/Glints2/dict_0004_0157.uasset" 8990
"/Engine/EngineMaterials/Substrate/Glints2/dict_0004_0139" 8991
"/Engine/EngineMaterials/Substrate/Glints2/dict_0004_0138" 8992
"/Engine/EngineMaterials/Substrate/Glints2/dict_0004_0137" 8993
"/Engine/EngineMaterials/Substrate/Glints2/dict_0004_0136" 8994
"/Engine/EngineMaterials/Substrate/Glints2/dict_0004_0135" 8995
"/Engine/EngineMaterials/Substrate/Glints2/dict_0004_0134" 8996
"/Engine/EngineMaterials/Substrate/Glints2/dict_0004_0133" 8997
"/Engine/EngineMaterials/Substrate/Glints2/dict_0004_0132" 8998
"/Engine/EngineMaterials/Substrate/Glints2/dict_0004_0131" 8999
"/Engine/EngineMaterials/Substrate/Glints2/dict_0004_0130" 9000
"../../../Engine/Content/EngineMaterials/Substrate/Glints2/dict_0004_0168.uasset" 9001
"../../../Engine/Content/EngineMaterials/Substrate/Glints2/dict_0004_0164.uasset" 9002
"../../../Engine/Content/EngineMaterials/Substrate/Glints2/dict_0004_0171.uasset" 9003
"../../../Engine/Content/EngineMaterials/Substrate/Glints2/dict_0004_0169.uasset" 9004
"../../../Engine/Content/EngineMaterials/Substrate/Glints2/dict_0004_0162.uasset" 9005
"../../../Engine/Content/EngineMaterials/Substrate/Glints2/dict_0004_0172.uasset" 9006
"../../../Engine/Content/EngineMaterials/Substrate/Glints2/dict_0004_0163.uasset" 9007
"../../../Engine/Content/EngineMaterials/Substrate/Glints2/dict_0004_0170.uasset" 9008
"../../../Engine/Content/EngineMaterials/Substrate/Glints2/dict_0004_0166.uasset" 9009
"../../../Engine/Content/EngineMaterials/Substrate/Glints2/dict_0004_0167.uasset" 9010
"../../../Engine/Content/EngineMaterials/Substrate/Glints2/dict_0004_0165.uasset" 9011
"/Engine/EngineMaterials/Substrate/Glints2/dict_0004_0161" 9012
"/Engine/EngineMaterials/Substrate/Glints2/dict_0004_0160" 9013
"/Engine/EngineMaterials/Substrate/Glints2/dict_0004_0159" 9014
"/Engine/EngineMaterials/Substrate/Glints2/dict_0004_0158" 9015
"/Engine/EngineMaterials/Substrate/Glints2/dict_0004_0157" 9016
"/Engine/EngineMaterials/Substrate/Glints2/dict_0004_0156" 9017
"/Engine/EngineMaterials/Substrate/Glints2/dict_0004_0155" 9018
"/Engine/EngineMaterials/Substrate/Glints2/dict_0004_0154" 9019
"/Engine/EngineMaterials/Substrate/Glints2/dict_0004_0153" 9020
"/Engine/EngineMaterials/Substrate/Glints2/dict_0004_0152" 9021
"/Engine/EngineMaterials/Substrate/Glints2/dict_0004_0151" 9022
"/Engine/EngineMaterials/Substrate/Glints2/dict_0004_0150" 9023
"/Engine/EngineMaterials/Substrate/Glints2/dict_0004_0149" 9024
"/Engine/EngineMaterials/Substrate/Glints2/dict_0004_0148" 9025
"/Engine/EngineMaterials/Substrate/Glints2/dict_0004_0147" 9026
"/Engine/EngineMaterials/Substrate/Glints2/dict_0004_0146" 9027
"/Engine/EngineMaterials/Substrate/Glints2/dict_0004_0145" 9028
"/Engine/EngineMaterials/Substrate/Glints2/dict_0004_0144" 9029
"/Engine/EngineMaterials/Substrate/Glints2/dict_0004_0143" 9030
"/Engine/EngineMaterials/Substrate/Glints2/dict_0004_0142" 9031
"/Engine/EngineMaterials/Substrate/Glints2/dict_0004_0141" 9032
"../../../Engine/Content/EngineMaterials/Substrate/Glints2/dict_0004_0178.uasset" 9033
"../../../Engine/Content/EngineMaterials/Substrate/Glints2/dict_0004_0180.uasset" 9034
"../../../Engine/Content/EngineMaterials/Substrate/Glints2/dict_0004_0181.uasset" 9035
"../../../Engine/Content/EngineMaterials/Substrate/Glints2/dict_0004_0177.uasset" 9036
"../../../Engine/Content/EngineMaterials/Substrate/Glints2/dict_0004_0174.uasset" 9037
"/Engine/EngineMaterials/Substrate/Glints2/dict_0004_0172" 9038
"../../../Engine/Content/EngineMaterials/Substrate/Glints2/dict_0004_0179.uasset" 9039
"../../../Engine/Content/EngineMaterials/Substrate/Glints2/dict_0004_0184.uasset" 9040
"../../../Engine/Content/EngineMaterials/Substrate/Glints2/dict_0004_0183.uasset" 9041
"../../../Engine/Content/EngineMaterials/Substrate/Glints2/dict_0004_0175.uasset" 9042
"../../../Engine/Content/EngineMaterials/Substrate/Glints2/dict_0004_0186.uasset" 9043
"../../../Engine/Content/EngineMaterials/Substrate/Glints2/dict_0004_0173.uasset" 9044
"../../../Engine/Content/EngineMaterials/Substrate/Glints2/dict_0004_0188.uasset" 9045
"../../../Engine/Content/EngineMaterials/Substrate/Glints2/dict_0004_0185.uasset" 9046
"../../../Engine/Content/EngineMaterials/Substrate/Glints2/dict_0004_0190.uasset" 9047
"../../../Engine/Content/EngineMaterials/Substrate/Glints2/dict_0004_0182.uasset" 9048
"../../../Engine/Content/EngineMaterials/Substrate/Glints2/dict_0004_0191.uasset" 9049
"../../../Engine/Content/EngineMaterials/Substrate/Glints2/dict_0004_0189.uasset" 9050
"../../../Engine/Content/EngineMaterials/Substrate/Glints2/dict_0004_0176.uasset" 9051
"../../../Engine/Content/EngineMaterials/Substrate/Glints2/dict_0004_0187.uasset" 9052
"../../../Engine/Content/EngineMaterials/Substrate/Glints2/dict_0004_0192.uasset" 9053
"../../../Engine/Content/EngineMaterials/Substrate/Glints2/dict_0004_0193.uasset" 9054
"/Engine/EngineMaterials/Substrate/Glints2/dict_0004_0171" 9055
"/Engine/EngineMaterials/Substrate/Glints2/dict_0004_0170" 9056
"/Engine/EngineMaterials/Substrate/Glints2/dict_0004_0169" 9057
"/Engine/EngineMaterials/Substrate/Glints2/dict_0004_0168" 9058
"/Engine/EngineMaterials/Substrate/Glints2/dict_0004_0167" 9059
"/Engine/EngineMaterials/Substrate/Glints2/dict_0004_0166" 9060
"/Engine/EngineMaterials/Substrate/Glints2/dict_0004_0165" 9061
"/Engine/EngineMaterials/Substrate/Glints2/dict_0004_0164" 9062
"/Engine/EngineMaterials/Substrate/Glints2/dict_0004_0163" 9063
"/Engine/EngineMaterials/Substrate/Glints2/dict_0004_0162" 9064
"../../../Engine/Content/EngineMaterials/Substrate/Glints2/dict_0004_0195.uasset" 9065
"../../../Engine/Content/EngineMaterials/Substrate/Glints2/dict_0004_0196.uasset" 9066
"../../../Engine/Content/EngineMaterials/Substrate/Glints2/dict_0004_0197.uasset" 9067
"../../../Engine/Content/EngineMaterials/Substrate/Glints2/dict_0004_0201.uasset" 9068
"../../../Engine/Content/EngineMaterials/Substrate/Glints2/dict_0004_0200.uasset" 9069
"../../../Engine/Content/EngineMaterials/Substrate/Glints2/dict_0004_0199.uasset" 9070
"../../../Engine/Content/EngineMaterials/Substrate/Glints2/dict_0004_0203.uasset" 9071
"/Engine/EngineMaterials/Substrate/Glints2/dict_0004_0193" 9072
"../../../Engine/Content/EngineMaterials/Substrate/Glints2/dict_0004_0198.uasset" 9073
"../../../Engine/Content/EngineMaterials/Substrate/Glints2/dict_0004_0204.uasset" 9074
"../../../Engine/Content/EngineMaterials/Substrate/Glints2/dict_0004_0194.uasset" 9075
"../../../Engine/Content/EngineMaterials/Substrate/Glints2/dict_0004_0202.uasset" 9076
"/Engine/EngineMaterials/Substrate/Glints2/dict_0004_0192" 9077
"/Engine/EngineMaterials/Substrate/Glints2/dict_0004_0191" 9078
"/Engine/EngineMaterials/Substrate/Glints2/dict_0004_0190" 9079
"/Engine/EngineMaterials/Substrate/Glints2/dict_0004_0189" 9080
"/Engine/EngineMaterials/Substrate/Glints2/dict_0004_0188" 9081
"/Engine/EngineMaterials/Substrate/Glints2/dict_0004_0187" 9082
"/Engine/EngineMaterials/Substrate/Glints2/dict_0004_0186" 9083
"/Engine/EngineMaterials/Substrate/Glints2/dict_0004_0185" 9084
"/Engine/EngineMaterials/Substrate/Glints2/dict_0004_0184" 9085
"/Engine/EngineMaterials/Substrate/Glints2/dict_0004_0183" 9086
"/Engine/EngineMaterials/Substrate/Glints2/dict_0004_0182" 9087
"/Engine/EngineMaterials/Substrate/Glints2/dict_0004_0181" 9088
"/Engine/EngineMaterials/Substrate/Glints2/dict_0004_0180" 9089
"/Engine/EngineMaterials/Substrate/Glints2/dict_0004_0179" 9090
"/Engine/EngineMaterials/Substrate/Glints2/dict_0004_0178" 9091
"/Engine/EngineMaterials/Substrate/Glints2/dict_0004_0177" 9092
"/Engine/EngineMaterials/Substrate/Glints2/dict_0004_0176" 9093
"/Engine/EngineMaterials/Substrate/Glints2/dict_0004_0175" 9094
"/Engine/EngineMaterials/Substrate/Glints2/dict_0004_0174" 9095
"/Engine/EngineMaterials/Substrate/Glints2/dict_0004_0195" 9096
"/Engine/EngineMaterials/Substrate/Glints2/dict_0004_0173" 9097
"../../../Engine/Content/EngineMaterials/Substrate/Glints2/dict_0004_0207.uasset" 9098
"../../../Engine/Content/EngineMaterials/Substrate/Glints2/dict_0004_0206.uasset" 9099
"../../../Engine/Content/EngineMaterials/Substrate/Glints2/dict_0004_0211.uasset" 9100
"../../../Engine/Content/EngineMaterials/Substrate/Glints2/dict_0004_0208.uasset" 9101
"../../../Engine/Content/EngineMaterials/Substrate/Glints2/dict_0004_0212.uasset" 9102
"../../../Engine/Content/EngineMaterials/Substrate/Glints2/dict_0004_0210.uasset" 9103
"../../../Engine/Content/EngineMaterials/Substrate/Glints2/dict_0004_0209.uasset" 9104
"../../../Engine/Content/EngineMaterials/Substrate/Glints2/dict_0004_0218.uasset" 9105
"../../../Engine/Content/EngineMaterials/Substrate/Glints2/dict_0004_0217.uasset" 9106
"../../../Engine/Content/EngineMaterials/Substrate/Glints2/dict_0004_0214.uasset" 9107
"../../../Engine/Content/EngineMaterials/Substrate/Glints2/dict_0004_0213.uasset" 9108
"/Engine/EngineMaterials/Substrate/Glints2/dict_0004_0204" 9109
"../../../Engine/Content/EngineMaterials/Substrate/Glints2/dict_0004_0220.uasset" 9110
"../../../Engine/Content/EngineMaterials/Substrate/Glints2/dict_0004_0222.uasset" 9111
"../../../Engine/Content/EngineMaterials/Substrate/Glints2/dict_0004_0219.uasset" 9112
"../../../Engine/Content/EngineMaterials/Substrate/Glints2/dict_0004_0215.uasset" 9113
"../../../Engine/Content/EngineMaterials/Substrate/Glints2/dict_0004_0226.uasset" 9114
"../../../Engine/Content/EngineMaterials/Substrate/Glints2/dict_0004_0225.uasset" 9115
"../../../Engine/Content/EngineMaterials/Substrate/Glints2/dict_0004_0221.uasset" 9116
"../../../Engine/Content/EngineMaterials/Substrate/Glints2/dict_0004_0224.uasset" 9117
"../../../Engine/Content/EngineMaterials/Substrate/Glints2/dict_0004_0223.uasset" 9118
"../../../Engine/Content/EngineMaterials/Substrate/Glints2/dict_0004_0205.uasset" 9119
"../../../Engine/Content/EngineMaterials/Substrate/Glints2/dict_0004_0216.uasset" 9120
"/Engine/EngineMaterials/Substrate/Glints2/dict_0004_0203" 9121
"/Engine/EngineMaterials/Substrate/Glints2/dict_0004_0202" 9122
"/Engine/EngineMaterials/Substrate/Glints2/dict_0004_0201" 9123
"/Engine/EngineMaterials/Substrate/Glints2/dict_0004_0200" 9124
"/Engine/EngineMaterials/Substrate/Glints2/dict_0004_0199" 9125
"/Engine/EngineMaterials/Substrate/Glints2/dict_0004_0198" 9126
"/Engine/EngineMaterials/Substrate/Glints2/dict_0004_0197" 9127
"/Engine/EngineMaterials/Substrate/Glints2/dict_0004_0196" 9128
"/Engine/EngineMaterials/Substrate/Glints2/dict_0004_0207" 9129
"/Engine/EngineMaterials/Substrate/Glints2/dict_0004_0206" 9130
"/Engine/EngineMaterials/Substrate/Glints2/dict_0004_0194" 9131
"../../../Engine/Content/EngineMaterials/Substrate/Glints2/dict_0004_0230.uasset" 9132
"../../../Engine/Content/EngineMaterials/Substrate/Glints2/dict_0004_0233.uasset" 9133
"../../../Engine/Content/EngineMaterials/Substrate/Glints2/dict_0004_0234.uasset" 9134
"../../../Engine/Content/EngineMaterials/Substrate/Glints2/dict_0004_0228.uasset" 9135
"/Engine/EngineMaterials/Substrate/Glints2/dict_0004_0226" 9136
"../../../Engine/Content/EngineMaterials/Substrate/Glints2/dict_0004_0231.uasset" 9137
"../../../Engine/Content/EngineMaterials/Substrate/Glints2/dict_0004_0232.uasset" 9138
"../../../Engine/Content/EngineMaterials/Substrate/Glints2/dict_0004_0235.uasset" 9139
"../../../Engine/Content/EngineMaterials/Substrate/Glints2/dict_0004_0227.uasset" 9140
"../../../Engine/Content/EngineMaterials/Substrate/Glints2/dict_0004_0237.uasset" 9141
"../../../Engine/Content/EngineMaterials/Substrate/Glints2/dict_0004_0229.uasset" 9142
"../../../Engine/Content/EngineMaterials/Substrate/Glints2/dict_0004_0236.uasset" 9143
"../../../Engine/Content/EngineMaterials/Substrate/Glints2/dict_0004_0238.uasset" 9144
"/Engine/EngineMaterials/Substrate/Glints2/dict_0004_0225" 9145
"/Engine/EngineMaterials/Substrate/Glints2/dict_0004_0224" 9146
"/Engine/EngineMaterials/Substrate/Glints2/dict_0004_0223" 9147
"/Engine/EngineMaterials/Substrate/Glints2/dict_0004_0222" 9148
"/Engine/EngineMaterials/Substrate/Glints2/dict_0004_0221" 9149
"/Engine/EngineMaterials/Substrate/Glints2/dict_0004_0220" 9150
"/Engine/EngineMaterials/Substrate/Glints2/dict_0004_0219" 9151
"/Engine/EngineMaterials/Substrate/Glints2/dict_0004_0218" 9152
"/Engine/EngineMaterials/Substrate/Glints2/dict_0004_0217" 9153
"/Engine/EngineMaterials/Substrate/Glints2/dict_0004_0216" 9154
"/Engine/EngineMaterials/Substrate/Glints2/dict_0004_0215" 9155
"/Engine/EngineMaterials/Substrate/Glints2/dict_0004_0214" 9156
"/Engine/EngineMaterials/Substrate/Glints2/dict_0004_0213" 9157
"/Engine/EngineMaterials/Substrate/Glints2/dict_0004_0212" 9158
"/Engine/EngineMaterials/Substrate/Glints2/dict_0004_0211" 9159
"/Engine/EngineMaterials/Substrate/Glints2/dict_0004_0210" 9160
"/Engine/EngineMaterials/Substrate/Glints2/dict_0004_0209" 9161
"/Engine/EngineMaterials/Substrate/Glints2/dict_0004_0208" 9162
"/Engine/EngineMaterials/Substrate/Glints2/dict_0004_0205" 9163
"../../../Engine/Content/EngineMaterials/Substrate/Glints2/dict_0004_0243.uasset" 9164
"../../../Engine/Content/EngineMaterials/Substrate/Glints2/dict_0004_0239.uasset" 9165
"../../../Engine/Content/EngineMaterials/Substrate/Glints2/dict_0004_0244.uasset" 9166
"../../../Engine/Content/EngineMaterials/Substrate/Glints2/dict_0004_0241.uasset" 9167
"../../../Engine/Content/EngineMaterials/Substrate/Glints2/dict_0004_0247.uasset" 9168
"../../../Engine/Content/EngineMaterials/Substrate/Glints2/dict_0004_0242.uasset" 9169
"../../../Engine/Content/EngineMaterials/Substrate/Glints2/dict_0004_0249.uasset" 9170
"../../../Engine/Content/EngineMaterials/Substrate/Glints2/dict_0004_0248.uasset" 9171
"../../../Engine/Content/EngineMaterials/Substrate/Glints2/dict_0004_0252.uasset" 9172
"../../../Engine/Content/EngineMaterials/Substrate/Glints2/dict_0004_0246.uasset" 9173
"../../../Engine/Content/EngineMaterials/Substrate/Glints2/dict_0004_0251.uasset" 9174
"../../../Engine/Content/EngineMaterials/Substrate/Glints2/dict_0004_0254.uasset" 9175
"../../../Engine/Content/EngineMaterials/Substrate/Glints2/dict_0004_0245.uasset" 9176
"/Engine/EngineMaterials/Substrate/Glints2/dict_0004_0238" 9177
"../../../Engine/Content/EngineMaterials/Substrate/Glints2/dict_0004_0253.uasset" 9178
"../../../Engine/Content/EngineMaterials/Substrate/Glints2/dict_0005_0000.uasset" 9179
"../../../Engine/Content/EngineMaterials/Substrate/Glints2/dict_0005_0002.uasset" 9180
"../../../Engine/Content/EngineMaterials/Substrate/Glints2/dict_0004_0255.uasset" 9181
"../../../Engine/Content/EngineMaterials/Substrate/Glints2/dict_0005_0001.uasset" 9182
"../../../Engine/Content/EngineMaterials/Substrate/Glints2/dict_0004_0250.uasset" 9183
"../../../Engine/Content/EngineMaterials/Substrate/Glints2/dict_0004_0240.uasset" 9184
"/Engine/EngineMaterials/Substrate/Glints2/dict_0004_0237" 9185
"/Engine/EngineMaterials/Substrate/Glints2/dict_0004_0236" 9186
"/Engine/EngineMaterials/Substrate/Glints2/dict_0004_0235" 9187
"/Engine/EngineMaterials/Substrate/Glints2/dict_0004_0234" 9188
"/Engine/EngineMaterials/Substrate/Glints2/dict_0004_0233" 9189
"/Engine/EngineMaterials/Substrate/Glints2/dict_0004_0232" 9190
"/Engine/EngineMaterials/Substrate/Glints2/dict_0004_0231" 9191
"/Engine/EngineMaterials/Substrate/Glints2/dict_0004_0230" 9192
"/Engine/EngineMaterials/Substrate/Glints2/dict_0004_0229" 9193
"/Engine/EngineMaterials/Substrate/Glints2/dict_0004_0228" 9194
"/Engine/EngineMaterials/Substrate/Glints2/dict_0004_0227" 9195
"../../../Engine/Content/EngineMaterials/Substrate/Glints2/dict_0005_0008.uasset" 9196
"../../../Engine/Content/EngineMaterials/Substrate/Glints2/dict_0005_0005.uasset" 9197
"../../../Engine/Content/EngineMaterials/Substrate/Glints2/dict_0005_0004.uasset" 9198
"../../../Engine/Content/EngineMaterials/Substrate/Glints2/dict_0005_0012.uasset" 9199
"../../../Engine/Content/EngineMaterials/Substrate/Glints2/dict_0005_0011.uasset" 9200
"/Engine/EngineMaterials/Substrate/Glints2/dict_0005_0002" 9201
"../../../Engine/Content/EngineMaterials/Substrate/Glints2/dict_0005_0010.uasset" 9202
"../../../Engine/Content/EngineMaterials/Substrate/Glints2/dict_0005_0006.uasset" 9203
"../../../Engine/Content/EngineMaterials/Substrate/Glints2/dict_0005_0013.uasset" 9204
"../../../Engine/Content/EngineMaterials/Substrate/Glints2/dict_0005_0014.uasset" 9205
"../../../Engine/Content/EngineMaterials/Substrate/Glints2/dict_0005_0009.uasset" 9206
"../../../Engine/Content/EngineMaterials/Substrate/Glints2/dict_0005_0007.uasset" 9207
"../../../Engine/Content/EngineMaterials/Substrate/Glints2/dict_0005_0003.uasset" 9208
"/Engine/EngineMaterials/Substrate/Glints2/dict_0005_0001" 9209
"/Engine/EngineMaterials/Substrate/Glints2/dict_0005_0000" 9210
"/Engine/EngineMaterials/Substrate/Glints2/dict_0004_0255" 9211
"/Engine/EngineMaterials/Substrate/Glints2/dict_0004_0254" 9212
"/Engine/EngineMaterials/Substrate/Glints2/dict_0004_0253" 9213
"/Engine/EngineMaterials/Substrate/Glints2/dict_0004_0252" 9214
"/Engine/EngineMaterials/Substrate/Glints2/dict_0004_0251" 9215
"/Engine/EngineMaterials/Substrate/Glints2/dict_0004_0250" 9216
"/Engine/EngineMaterials/Substrate/Glints2/dict_0004_0249" 9217
"/Engine/EngineMaterials/Substrate/Glints2/dict_0004_0248" 9218
"/Engine/EngineMaterials/Substrate/Glints2/dict_0004_0247" 9219
"/Engine/EngineMaterials/Substrate/Glints2/dict_0004_0246" 9220
"/Engine/EngineMaterials/Substrate/Glints2/dict_0004_0245" 9221
"/Engine/EngineMaterials/Substrate/Glints2/dict_0004_0244" 9222
"/Engine/EngineMaterials/Substrate/Glints2/dict_0004_0243" 9223
"/Engine/EngineMaterials/Substrate/Glints2/dict_0004_0242" 9224
"/Engine/EngineMaterials/Substrate/Glints2/dict_0004_0241" 9225
"/Engine/EngineMaterials/Substrate/Glints2/dict_0004_0240" 9226
"/Engine/EngineMaterials/Substrate/Glints2/dict_0004_0239" 9227
"../../../Engine/Content/EngineMaterials/Substrate/Glints2/dict_0005_0020.uasset" 9228
"../../../Engine/Content/EngineMaterials/Substrate/Glints2/dict_0005_0018.uasset" 9229
"../../../Engine/Content/EngineMaterials/Substrate/Glints2/dict_0005_0015.uasset" 9230
"../../../Engine/Content/EngineMaterials/Substrate/Glints2/dict_0005_0024.uasset" 9231
"/Engine/EngineMaterials/Substrate/Glints2/dict_0005_0014" 9232
"../../../Engine/Content/EngineMaterials/Substrate/Glints2/dict_0005_0019.uasset" 9233
"../../../Engine/Content/EngineMaterials/Substrate/Glints2/dict_0005_0016.uasset" 9234
"../../../Engine/Content/EngineMaterials/Substrate/Glints2/dict_0005_0026.uasset" 9235
"../../../Engine/Content/EngineMaterials/Substrate/Glints2/dict_0005_0025.uasset" 9236
"../../../Engine/Content/EngineMaterials/Substrate/Glints2/dict_0005_0028.uasset" 9237
"../../../Engine/Content/EngineMaterials/Substrate/Glints2/dict_0005_0017.uasset" 9238
"../../../Engine/Content/EngineMaterials/Substrate/Glints2/dict_0005_0022.uasset" 9239
"../../../Engine/Content/EngineMaterials/Substrate/Glints2/dict_0005_0023.uasset" 9240
"../../../Engine/Content/EngineMaterials/Substrate/Glints2/dict_0005_0029.uasset" 9241
"../../../Engine/Content/EngineMaterials/Substrate/Glints2/dict_0005_0021.uasset" 9242
"../../../Engine/Content/EngineMaterials/Substrate/Glints2/dict_0005_0031.uasset" 9243
"../../../Engine/Content/EngineMaterials/Substrate/Glints2/dict_0005_0032.uasset" 9244
"../../../Engine/Content/EngineMaterials/Substrate/Glints2/dict_0005_0033.uasset" 9245
"../../../Engine/Content/EngineMaterials/Substrate/Glints2/dict_0005_0030.uasset" 9246
"../../../Engine/Content/EngineMaterials/Substrate/Glints2/dict_0005_0027.uasset" 9247
"../../../Engine/Content/EngineMaterials/Substrate/Glints2/dict_0005_0034.uasset" 9248
"/Engine/EngineMaterials/Substrate/Glints2/dict_0005_0013" 9249
"/Engine/EngineMaterials/Substrate/Glints2/dict_0005_0012" 9250
"/Engine/EngineMaterials/Substrate/Glints2/dict_0005_0011" 9251
"/Engine/EngineMaterials/Substrate/Glints2/dict_0005_0010" 9252
"/Engine/EngineMaterials/Substrate/Glints2/dict_0005_0009" 9253
"/Engine/EngineMaterials/Substrate/Glints2/dict_0005_0008" 9254
"/Engine/EngineMaterials/Substrate/Glints2/dict_0005_0007" 9255
"/Engine/EngineMaterials/Substrate/Glints2/dict_0005_0006" 9256
"/Engine/EngineMaterials/Substrate/Glints2/dict_0005_0005" 9257
"/Engine/EngineMaterials/Substrate/Glints2/dict_0005_0004" 9258
"/Engine/EngineMaterials/Substrate/Glints2/dict_0005_0003" 9259
"../../../Engine/Content/EngineMaterials/Substrate/Glints2/dict_0005_0039.uasset" 9260
"../../../Engine/Content/EngineMaterials/Substrate/Glints2/dict_0005_0043.uasset" 9261
"../../../Engine/Content/EngineMaterials/Substrate/Glints2/dict_0005_0042.uasset" 9262
"../../../Engine/Content/EngineMaterials/Substrate/Glints2/dict_0005_0040.uasset" 9263
"../../../Engine/Content/EngineMaterials/Substrate/Glints2/dict_0005_0041.uasset" 9264
"/Engine/EngineMaterials/Substrate/Glints2/dict_0005_0034" 9265
"../../../Engine/Content/EngineMaterials/Substrate/Glints2/dict_0005_0036.uasset" 9266
"../../../Engine/Content/EngineMaterials/Substrate/Glints2/dict_0005_0037.uasset" 9267
"../../../Engine/Content/EngineMaterials/Substrate/Glints2/dict_0005_0038.uasset" 9268
"../../../Engine/Content/EngineMaterials/Substrate/Glints2/dict_0005_0045.uasset" 9269
"../../../Engine/Content/EngineMaterials/Substrate/Glints2/dict_0005_0046.uasset" 9270
"../../../Engine/Content/EngineMaterials/Substrate/Glints2/dict_0005_0035.uasset" 9271
"../../../Engine/Content/EngineMaterials/Substrate/Glints2/dict_0005_0044.uasset" 9272
"/Engine/EngineMaterials/Substrate/Glints2/dict_0005_0033" 9273
"/Engine/EngineMaterials/Substrate/Glints2/dict_0005_0032" 9274
"/Engine/EngineMaterials/Substrate/Glints2/dict_0005_0031" 9275
"/Engine/EngineMaterials/Substrate/Glints2/dict_0005_0030" 9276
"/Engine/EngineMaterials/Substrate/Glints2/dict_0005_0029" 9277
"/Engine/EngineMaterials/Substrate/Glints2/dict_0005_0028" 9278
"/Engine/EngineMaterials/Substrate/Glints2/dict_0005_0027" 9279
"/Engine/EngineMaterials/Substrate/Glints2/dict_0005_0026" 9280
"/Engine/EngineMaterials/Substrate/Glints2/dict_0005_0025" 9281
"/Engine/EngineMaterials/Substrate/Glints2/dict_0005_0024" 9282
"/Engine/EngineMaterials/Substrate/Glints2/dict_0005_0023" 9283
"/Engine/EngineMaterials/Substrate/Glints2/dict_0005_0022" 9284
"/Engine/EngineMaterials/Substrate/Glints2/dict_0005_0021" 9285
"/Engine/EngineMaterials/Substrate/Glints2/dict_0005_0020" 9286
"/Engine/EngineMaterials/Substrate/Glints2/dict_0005_0019" 9287
"/Engine/EngineMaterials/Substrate/Glints2/dict_0005_0018" 9288
"/Engine/EngineMaterials/Substrate/Glints2/dict_0005_0017" 9289
"/Engine/EngineMaterials/Substrate/Glints2/dict_0005_0016" 9290
"/Engine/EngineMaterials/Substrate/Glints2/dict_0005_0015" 9291
"../../../Engine/Content/EngineMaterials/Substrate/Glints2/dict_0005_0048.uasset" 9292
"../../../Engine/Content/EngineMaterials/Substrate/Glints2/dict_0005_0050.uasset" 9293
"/Engine/EngineMaterials/Substrate/Glints2/dict_0005_0046" 9294
"../../../Engine/Content/EngineMaterials/Substrate/Glints2/dict_0005_0051.uasset" 9295
"../../../Engine/Content/EngineMaterials/Substrate/Glints2/dict_0005_0052.uasset" 9296
"../../../Engine/Content/EngineMaterials/Substrate/Glints2/dict_0005_0053.uasset" 9297
"../../../Engine/Content/EngineMaterials/Substrate/Glints2/dict_0005_0054.uasset" 9298
"../../../Engine/Content/EngineMaterials/Substrate/Glints2/dict_0005_0055.uasset" 9299
"../../../Engine/Content/EngineMaterials/Substrate/Glints2/dict_0005_0058.uasset" 9300
"../../../Engine/Content/EngineMaterials/Substrate/Glints2/dict_0005_0056.uasset" 9301
"../../../Engine/Content/EngineMaterials/Substrate/Glints2/dict_0005_0060.uasset" 9302
"../../../Engine/Content/EngineMaterials/Substrate/Glints2/dict_0005_0059.uasset" 9303
"../../../Engine/Content/EngineMaterials/Substrate/Glints2/dict_0005_0061.uasset" 9304
"../../../Engine/Content/EngineMaterials/Substrate/Glints2/dict_0005_0063.uasset" 9305
"../../../Engine/Content/EngineMaterials/Substrate/Glints2/dict_0005_0049.uasset" 9306
"../../../Engine/Content/EngineMaterials/Substrate/Glints2/dict_0005_0047.uasset" 9307
"../../../Engine/Content/EngineMaterials/Substrate/Glints2/dict_0005_0066.uasset" 9308
"../../../Engine/Content/EngineMaterials/Substrate/Glints2/dict_0005_0062.uasset" 9309
"../../../Engine/Content/EngineMaterials/Substrate/Glints2/dict_0005_0065.uasset" 9310
"../../../Engine/Content/EngineMaterials/Substrate/Glints2/dict_0005_0064.uasset" 9311
"../../../Engine/Content/EngineMaterials/Substrate/Glints2/dict_0005_0057.uasset" 9312
"/Engine/EngineMaterials/Substrate/Glints2/dict_0005_0045" 9313
"/Engine/EngineMaterials/Substrate/Glints2/dict_0005_0044" 9314
"/Engine/EngineMaterials/Substrate/Glints2/dict_0005_0043" 9315
"/Engine/EngineMaterials/Substrate/Glints2/dict_0005_0042" 9316
"/Engine/EngineMaterials/Substrate/Glints2/dict_0005_0041" 9317
"/Engine/EngineMaterials/Substrate/Glints2/dict_0005_0040" 9318
"/Engine/EngineMaterials/Substrate/Glints2/dict_0005_0039" 9319
"/Engine/EngineMaterials/Substrate/Glints2/dict_0005_0038" 9320
"/Engine/EngineMaterials/Substrate/Glints2/dict_0005_0037" 9321
"/Engine/EngineMaterials/Substrate/Glints2/dict_0005_0036" 9322
"/Engine/EngineMaterials/Substrate/Glints2/dict_0005_0035" 9323
"../../../Engine/Content/EngineMaterials/Substrate/Glints2/dict_0005_0072.uasset" 9324
"../../../Engine/Content/EngineMaterials/Substrate/Glints2/dict_0005_0071.uasset" 9325
"../../../Engine/Content/EngineMaterials/Substrate/Glints2/dict_0005_0075.uasset" 9326
"../../../Engine/Content/EngineMaterials/Substrate/Glints2/dict_0005_0067.uasset" 9327
"../../../Engine/Content/EngineMaterials/Substrate/Glints2/dict_0005_0069.uasset" 9328
"/Engine/EngineMaterials/Substrate/Glints2/dict_0005_0066" 9329
"../../../Engine/Content/EngineMaterials/Substrate/Glints2/dict_0005_0068.uasset" 9330
"../../../Engine/Content/EngineMaterials/Substrate/Glints2/dict_0005_0074.uasset" 9331
"../../../Engine/Content/EngineMaterials/Substrate/Glints2/dict_0005_0078.uasset" 9332
"../../../Engine/Content/EngineMaterials/Substrate/Glints2/dict_0005_0070.uasset" 9333
"../../../Engine/Content/EngineMaterials/Substrate/Glints2/dict_0005_0077.uasset" 9334
"../../../Engine/Content/EngineMaterials/Substrate/Glints2/dict_0005_0076.uasset" 9335
"../../../Engine/Content/EngineMaterials/Substrate/Glints2/dict_0005_0073.uasset" 9336
"/Engine/EngineMaterials/Substrate/Glints2/dict_0005_0065" 9337
"/Engine/EngineMaterials/Substrate/Glints2/dict_0005_0064" 9338
"/Engine/EngineMaterials/Substrate/Glints2/dict_0005_0063" 9339
"/Engine/EngineMaterials/Substrate/Glints2/dict_0005_0062" 9340
"/Engine/EngineMaterials/Substrate/Glints2/dict_0005_0061" 9341
"/Engine/EngineMaterials/Substrate/Glints2/dict_0005_0060" 9342
"/Engine/EngineMaterials/Substrate/Glints2/dict_0005_0059" 9343
"/Engine/EngineMaterials/Substrate/Glints2/dict_0005_0058" 9344
"/Engine/EngineMaterials/Substrate/Glints2/dict_0005_0057" 9345
"/Engine/EngineMaterials/Substrate/Glints2/dict_0005_0056" 9346
"/Engine/EngineMaterials/Substrate/Glints2/dict_0005_0055" 9347
"/Engine/EngineMaterials/Substrate/Glints2/dict_0005_0054" 9348
"/Engine/EngineMaterials/Substrate/Glints2/dict_0005_0053" 9349
"/Engine/EngineMaterials/Substrate/Glints2/dict_0005_0052" 9350
"/Engine/EngineMaterials/Substrate/Glints2/dict_0005_0051" 9351
"/Engine/EngineMaterials/Substrate/Glints2/dict_0005_0050" 9352
"/Engine/EngineMaterials/Substrate/Glints2/dict_0005_0049" 9353
"/Engine/EngineMaterials/Substrate/Glints2/dict_0005_0048" 9354
"/Engine/EngineMaterials/Substrate/Glints2/dict_0005_0047" 9355
"../../../Engine/Content/EngineMaterials/Substrate/Glints2/dict_0005_0083.uasset" 9356
"../../../Engine/Content/EngineMaterials/Substrate/Glints2/dict_0005_0082.uasset" 9357
"../../../Engine/Content/EngineMaterials/Substrate/Glints2/dict_0005_0080.uasset" 9358
"../../../Engine/Content/EngineMaterials/Substrate/Glints2/dict_0005_0081.uasset" 9359
"../../../Engine/Content/EngineMaterials/Substrate/Glints2/dict_0005_0085.uasset" 9360
"/Engine/EngineMaterials/Substrate/Glints2/dict_0005_0078" 9361
"../../../Engine/Content/EngineMaterials/Substrate/Glints2/dict_0005_0087.uasset" 9362
"../../../Engine/Content/EngineMaterials/Substrate/Glints2/dict_0005_0089.uasset" 9363
"../../../Engine/Content/EngineMaterials/Substrate/Glints2/dict_0005_0086.uasset" 9364
"../../../Engine/Content/EngineMaterials/Substrate/Glints2/dict_0005_0092.uasset" 9365
"../../../Engine/Content/EngineMaterials/Substrate/Glints2/dict_0005_0090.uasset" 9366
"../../../Engine/Content/EngineMaterials/Substrate/Glints2/dict_0005_0093.uasset" 9367
"../../../Engine/Content/EngineMaterials/Substrate/Glints2/dict_0005_0094.uasset" 9368
"../../../Engine/Content/EngineMaterials/Substrate/Glints2/dict_0005_0095.uasset" 9369
"../../../Engine/Content/EngineMaterials/Substrate/Glints2/dict_0005_0096.uasset" 9370
"../../../Engine/Content/EngineMaterials/Substrate/Glints2/dict_0005_0097.uasset" 9371
"../../../Engine/Content/EngineMaterials/Substrate/Glints2/dict_0005_0098.uasset" 9372
"../../../Engine/Content/EngineMaterials/Substrate/Glints2/dict_0005_0079.uasset" 9373
"../../../Engine/Content/EngineMaterials/Substrate/Glints2/dict_0005_0091.uasset" 9374
"../../../Engine/Content/EngineMaterials/Substrate/Glints2/dict_0005_0084.uasset" 9375
"../../../Engine/Content/EngineMaterials/Substrate/Glints2/dict_0005_0088.uasset" 9376
"/Engine/EngineMaterials/Substrate/Glints2/dict_0005_0077" 9377
"/Engine/EngineMaterials/Substrate/Glints2/dict_0005_0076" 9378
"/Engine/EngineMaterials/Substrate/Glints2/dict_0005_0075" 9379
"/Engine/EngineMaterials/Substrate/Glints2/dict_0005_0074" 9380
"/Engine/EngineMaterials/Substrate/Glints2/dict_0005_0073" 9381
"/Engine/EngineMaterials/Substrate/Glints2/dict_0005_0072" 9382
"/Engine/EngineMaterials/Substrate/Glints2/dict_0005_0071" 9383
"/Engine/EngineMaterials/Substrate/Glints2/dict_0005_0070" 9384
"/Engine/EngineMaterials/Substrate/Glints2/dict_0005_0069" 9385
"/Engine/EngineMaterials/Substrate/Glints2/dict_0005_0068" 9386
"/Engine/EngineMaterials/Substrate/Glints2/dict_0005_0067" 9387
"../../../Engine/Content/EngineMaterials/Substrate/Glints2/dict_0005_0101.uasset" 9388
"../../../Engine/Content/EngineMaterials/Substrate/Glints2/dict_0005_0100.uasset" 9389
"../../../Engine/Content/EngineMaterials/Substrate/Glints2/dict_0005_0104.uasset" 9390
"../../../Engine/Content/EngineMaterials/Substrate/Glints2/dict_0005_0103.uasset" 9391
"../../../Engine/Content/EngineMaterials/Substrate/Glints2/dict_0005_0106.uasset" 9392
"/Engine/EngineMaterials/Substrate/Glints2/dict_0005_0098" 9393
"../../../Engine/Content/EngineMaterials/Substrate/Glints2/dict_0005_0108.uasset" 9394
"../../../Engine/Content/EngineMaterials/Substrate/Glints2/dict_0005_0109.uasset" 9395
"../../../Engine/Content/EngineMaterials/Substrate/Glints2/dict_0005_0102.uasset" 9396
"../../../Engine/Content/EngineMaterials/Substrate/Glints2/dict_0005_0107.uasset" 9397
"../../../Engine/Content/EngineMaterials/Substrate/Glints2/dict_0005_0099.uasset" 9398
"../../../Engine/Content/EngineMaterials/Substrate/Glints2/dict_0005_0105.uasset" 9399
"../../../Engine/Content/EngineMaterials/Substrate/Glints2/dict_0005_0110.uasset" 9400
"/Engine/EngineMaterials/Substrate/Glints2/dict_0005_0097" 9401
"/Engine/EngineMaterials/Substrate/Glints2/dict_0005_0096" 9402
"/Engine/EngineMaterials/Substrate/Glints2/dict_0005_0095" 9403
"/Engine/EngineMaterials/Substrate/Glints2/dict_0005_0094" 9404
"/Engine/EngineMaterials/Substrate/Glints2/dict_0005_0093" 9405
"/Engine/EngineMaterials/Substrate/Glints2/dict_0005_0092" 9406
"/Engine/EngineMaterials/Substrate/Glints2/dict_0005_0091" 9407
"/Engine/EngineMaterials/Substrate/Glints2/dict_0005_0090" 9408
"/Engine/EngineMaterials/Substrate/Glints2/dict_0005_0089" 9409
"/Engine/EngineMaterials/Substrate/Glints2/dict_0005_0088" 9410
"/Engine/EngineMaterials/Substrate/Glints2/dict_0005_0087" 9411
"/Engine/EngineMaterials/Substrate/Glints2/dict_0005_0086" 9412
"/Engine/EngineMaterials/Substrate/Glints2/dict_0005_0085" 9413
"/Engine/EngineMaterials/Substrate/Glints2/dict_0005_0084" 9414
"/Engine/EngineMaterials/Substrate/Glints2/dict_0005_0083" 9415
"/Engine/EngineMaterials/Substrate/Glints2/dict_0005_0082" 9416
"/Engine/EngineMaterials/Substrate/Glints2/dict_0005_0081" 9417
"/Engine/EngineMaterials/Substrate/Glints2/dict_0005_0080" 9418
"/Engine/EngineMaterials/Substrate/Glints2/dict_0005_0079" 9419
"../../../Engine/Content/EngineMaterials/Substrate/Glints2/dict_0005_0111.uasset" 9420
"../../../Engine/Content/EngineMaterials/Substrate/Glints2/dict_0005_0114.uasset" 9421
"../../../Engine/Content/EngineMaterials/Substrate/Glints2/dict_0005_0113.uasset" 9422
"../../../Engine/Content/EngineMaterials/Substrate/Glints2/dict_0005_0115.uasset" 9423
"/Engine/EngineMaterials/Substrate/Glints2/dict_0005_0110" 9424
"../../../Engine/Content/EngineMaterials/Substrate/Glints2/dict_0005_0112.uasset" 9425
"../../../Engine/Content/EngineMaterials/Substrate/Glints2/dict_0005_0119.uasset" 9426
"../../../Engine/Content/EngineMaterials/Substrate/Glints2/dict_0005_0120.uasset" 9427
"../../../Engine/Content/EngineMaterials/Substrate/Glints2/dict_0005_0118.uasset" 9428
"../../../Engine/Content/EngineMaterials/Substrate/Glints2/dict_0005_0122.uasset" 9429
"../../../Engine/Content/EngineMaterials/Substrate/Glints2/dict_0005_0117.uasset" 9430
"../../../Engine/Content/EngineMaterials/Substrate/Glints2/dict_0005_0123.uasset" 9431
"../../../Engine/Content/EngineMaterials/Substrate/Glints2/dict_0005_0125.uasset" 9432
"../../../Engine/Content/EngineMaterials/Substrate/Glints2/dict_0005_0126.uasset" 9433
"../../../Engine/Content/EngineMaterials/Substrate/Glints2/dict_0005_0124.uasset" 9434
"../../../Engine/Content/EngineMaterials/Substrate/Glints2/dict_0005_0116.uasset" 9435
"../../../Engine/Content/EngineMaterials/Substrate/Glints2/dict_0005_0127.uasset" 9436
"../../../Engine/Content/EngineMaterials/Substrate/Glints2/dict_0005_0129.uasset" 9437
"../../../Engine/Content/EngineMaterials/Substrate/Glints2/dict_0005_0121.uasset" 9438
"../../../Engine/Content/EngineMaterials/Substrate/Glints2/dict_0005_0128.uasset" 9439
"../../../Engine/Content/EngineMaterials/Substrate/Glints2/dict_0005_0130.uasset" 9440
"/Engine/EngineMaterials/Substrate/Glints2/dict_0005_0109" 9441
"/Engine/EngineMaterials/Substrate/Glints2/dict_0005_0108" 9442
"/Engine/EngineMaterials/Substrate/Glints2/dict_0005_0107" 9443
"/Engine/EngineMaterials/Substrate/Glints2/dict_0005_0106" 9444
"/Engine/EngineMaterials/Substrate/Glints2/dict_0005_0105" 9445
"/Engine/EngineMaterials/Substrate/Glints2/dict_0005_0104" 9446
"/Engine/EngineMaterials/Substrate/Glints2/dict_0005_0103" 9447
"/Engine/EngineMaterials/Substrate/Glints2/dict_0005_0102" 9448
"/Engine/EngineMaterials/Substrate/Glints2/dict_0005_0101" 9449
"/Engine/EngineMaterials/Substrate/Glints2/dict_0005_0100" 9450
"/Engine/EngineMaterials/Substrate/Glints2/dict_0005_0099" 9451
"../../../Engine/Content/EngineMaterials/Substrate/Glints2/dict_0005_0132.uasset" 9452
"../../../Engine/Content/EngineMaterials/Substrate/Glints2/dict_0005_0135.uasset" 9453
"../../../Engine/Content/EngineMaterials/Substrate/Glints2/dict_0005_0131.uasset" 9454
"/Engine/EngineMaterials/Substrate/Glints2/dict_0005_0130" 9455
"../../../Engine/Content/EngineMaterials/Substrate/Glints2/dict_0005_0134.uasset" 9456
"../../../Engine/Content/EngineMaterials/Substrate/Glints2/dict_0005_0136.uasset" 9457
"../../../Engine/Content/EngineMaterials/Substrate/Glints2/dict_0005_0133.uasset" 9458
"../../../Engine/Content/EngineMaterials/Substrate/Glints2/dict_0005_0141.uasset" 9459
"../../../Engine/Content/EngineMaterials/Substrate/Glints2/dict_0005_0142.uasset" 9460
"../../../Engine/Content/EngineMaterials/Substrate/Glints2/dict_0005_0137.uasset" 9461
"../../../Engine/Content/EngineMaterials/Substrate/Glints2/dict_0005_0138.uasset" 9462
"../../../Engine/Content/EngineMaterials/Substrate/Glints2/dict_0005_0140.uasset" 9463
"../../../Engine/Content/EngineMaterials/Substrate/Glints2/dict_0005_0139.uasset" 9464
"/Engine/EngineMaterials/Substrate/Glints2/dict_0005_0129" 9465
"/Engine/EngineMaterials/Substrate/Glints2/dict_0005_0128" 9466
"/Engine/EngineMaterials/Substrate/Glints2/dict_0005_0127" 9467
"/Engine/EngineMaterials/Substrate/Glints2/dict_0005_0126" 9468
"/Engine/EngineMaterials/Substrate/Glints2/dict_0005_0125" 9469
"/Engine/EngineMaterials/Substrate/Glints2/dict_0005_0124" 9470
"/Engine/EngineMaterials/Substrate/Glints2/dict_0005_0123" 9471
"/Engine/EngineMaterials/Substrate/Glints2/dict_0005_0122" 9472
"/Engine/EngineMaterials/Substrate/Glints2/dict_0005_0121" 9473
"/Engine/EngineMaterials/Substrate/Glints2/dict_0005_0120" 9474
"/Engine/EngineMaterials/Substrate/Glints2/dict_0005_0119" 9475
"/Engine/EngineMaterials/Substrate/Glints2/dict_0005_0118" 9476
"/Engine/EngineMaterials/Substrate/Glints2/dict_0005_0117" 9477
"/Engine/EngineMaterials/Substrate/Glints2/dict_0005_0116" 9478
"/Engine/EngineMaterials/Substrate/Glints2/dict_0005_0115" 9479
"/Engine/EngineMaterials/Substrate/Glints2/dict_0005_0114" 9480
"/Engine/EngineMaterials/Substrate/Glints2/dict_0005_0113" 9481
"/Engine/EngineMaterials/Substrate/Glints2/dict_0005_0112" 9482
"/Engine/EngineMaterials/Substrate/Glints2/dict_0005_0111" 9483
"../../../Engine/Content/EngineMaterials/Substrate/Glints2/dict_0005_0146.uasset" 9484
"../../../Engine/Content/EngineMaterials/Substrate/Glints2/dict_0005_0147.uasset" 9485
"../../../Engine/Content/EngineMaterials/Substrate/Glints2/dict_0005_0149.uasset" 9486
"/Engine/EngineMaterials/Substrate/Glints2/dict_0005_0142" 9487
"../../../Engine/Content/EngineMaterials/Substrate/Glints2/dict_0005_0148.uasset" 9488
"../../../Engine/Content/EngineMaterials/Substrate/Glints2/dict_0005_0155.uasset" 9489
"../../../Engine/Content/EngineMaterials/Substrate/Glints2/dict_0005_0154.uasset" 9490
"../../../Engine/Content/EngineMaterials/Substrate/Glints2/dict_0005_0151.uasset" 9491
"../../../Engine/Content/EngineMaterials/Substrate/Glints2/dict_0005_0152.uasset" 9492
"../../../Engine/Content/EngineMaterials/Substrate/Glints2/dict_0005_0145.uasset" 9493
"../../../Engine/Content/EngineMaterials/Substrate/Glints2/dict_0005_0144.uasset" 9494
"../../../Engine/Content/EngineMaterials/Substrate/Glints2/dict_0005_0158.uasset" 9495
"../../../Engine/Content/EngineMaterials/Substrate/Glints2/dict_0005_0157.uasset" 9496
"../../../Engine/Content/EngineMaterials/Substrate/Glints2/dict_0005_0160.uasset" 9497
"../../../Engine/Content/EngineMaterials/Substrate/Glints2/dict_0005_0150.uasset" 9498
"../../../Engine/Content/EngineMaterials/Substrate/Glints2/dict_0005_0159.uasset" 9499
"../../../Engine/Content/EngineMaterials/Substrate/Glints2/dict_0005_0156.uasset" 9500
"../../../Engine/Content/EngineMaterials/Substrate/Glints2/dict_0005_0153.uasset" 9501
"../../../Engine/Content/EngineMaterials/Substrate/Glints2/dict_0005_0161.uasset" 9502
"/Engine/EngineMaterials/Substrate/Glints2/dict_0005_0141" 9503
"../../../Engine/Content/EngineMaterials/Substrate/Glints2/dict_0005_0162.uasset" 9504
"../../../Engine/Content/EngineMaterials/Substrate/Glints2/dict_0005_0143.uasset" 9505
"/Engine/EngineMaterials/Substrate/Glints2/dict_0005_0140" 9506
"/Engine/EngineMaterials/Substrate/Glints2/dict_0005_0139" 9507
"/Engine/EngineMaterials/Substrate/Glints2/dict_0005_0138" 9508
"/Engine/EngineMaterials/Substrate/Glints2/dict_0005_0137" 9509
"/Engine/EngineMaterials/Substrate/Glints2/dict_0005_0136" 9510
"/Engine/EngineMaterials/Substrate/Glints2/dict_0005_0135" 9511
"/Engine/EngineMaterials/Substrate/Glints2/dict_0005_0134" 9512
"/Engine/EngineMaterials/Substrate/Glints2/dict_0005_0133" 9513
"/Engine/EngineMaterials/Substrate/Glints2/dict_0005_0132" 9514
"/Engine/EngineMaterials/Substrate/Glints2/dict_0005_0131" 9515
"../../../Engine/Content/EngineMaterials/Substrate/Glints2/dict_0005_0170.uasset" 9516
"../../../Engine/Content/EngineMaterials/Substrate/Glints2/dict_0005_0167.uasset" 9517
"../../../Engine/Content/EngineMaterials/Substrate/Glints2/dict_0005_0171.uasset" 9518
"../../../Engine/Content/EngineMaterials/Substrate/Glints2/dict_0005_0165.uasset" 9519
"../../../Engine/Content/EngineMaterials/Substrate/Glints2/dict_0005_0169.uasset" 9520
"../../../Engine/Content/EngineMaterials/Substrate/Glints2/dict_0005_0172.uasset" 9521
"/Engine/EngineMaterials/Substrate/Glints2/dict_0005_0162" 9522
"../../../Engine/Content/EngineMaterials/Substrate/Glints2/dict_0005_0166.uasset" 9523
"../../../Engine/Content/EngineMaterials/Substrate/Glints2/dict_0005_0173.uasset" 9524
"../../../Engine/Content/EngineMaterials/Substrate/Glints2/dict_0005_0164.uasset" 9525
"../../../Engine/Content/EngineMaterials/Substrate/Glints2/dict_0005_0174.uasset" 9526
"../../../Engine/Content/EngineMaterials/Substrate/Glints2/dict_0005_0163.uasset" 9527
"../../../Engine/Content/EngineMaterials/Substrate/Glints2/dict_0005_0168.uasset" 9528
"/Engine/EngineMaterials/Substrate/Glints2/dict_0005_0161" 9529
"/Engine/EngineMaterials/Substrate/Glints2/dict_0005_0160" 9530
"/Engine/EngineMaterials/Substrate/Glints2/dict_0005_0159" 9531
"/Engine/EngineMaterials/Substrate/Glints2/dict_0005_0158" 9532
"/Engine/EngineMaterials/Substrate/Glints2/dict_0005_0157" 9533
"/Engine/EngineMaterials/Substrate/Glints2/dict_0005_0156" 9534
"/Engine/EngineMaterials/Substrate/Glints2/dict_0005_0155" 9535
"/Engine/EngineMaterials/Substrate/Glints2/dict_0005_0154" 9536
"/Engine/EngineMaterials/Substrate/Glints2/dict_0005_0153" 9537
"/Engine/EngineMaterials/Substrate/Glints2/dict_0005_0152" 9538
"/Engine/EngineMaterials/Substrate/Glints2/dict_0005_0151" 9539
"/Engine/EngineMaterials/Substrate/Glints2/dict_0005_0150" 9540
"/Engine/EngineMaterials/Substrate/Glints2/dict_0005_0149" 9541
"/Engine/EngineMaterials/Substrate/Glints2/dict_0005_0148" 9542
"/Engine/EngineMaterials/Substrate/Glints2/dict_0005_0147" 9543
"/Engine/EngineMaterials/Substrate/Glints2/dict_0005_0146" 9544
"/Engine/EngineMaterials/Substrate/Glints2/dict_0005_0145" 9545
"/Engine/EngineMaterials/Substrate/Glints2/dict_0005_0144" 9546
"/Engine/EngineMaterials/Substrate/Glints2/dict_0005_0143" 9547
"../../../Engine/Content/EngineMaterials/Substrate/Glints2/dict_0005_0176.uasset" 9548
"../../../Engine/Content/EngineMaterials/Substrate/Glints2/dict_0005_0179.uasset" 9549
"../../../Engine/Content/EngineMaterials/Substrate/Glints2/dict_0005_0180.uasset" 9550
"../../../Engine/Content/EngineMaterials/Substrate/Glints2/dict_0005_0177.uasset" 9551
"/Engine/EngineMaterials/Substrate/Glints2/dict_0005_0174" 9552
"../../../Engine/Content/EngineMaterials/Substrate/Glints2/dict_0005_0175.uasset" 9553
"../../../Engine/Content/EngineMaterials/Substrate/Glints2/dict_0005_0183.uasset" 9554
"../../../Engine/Content/EngineMaterials/Substrate/Glints2/dict_0005_0181.uasset" 9555
"../../../Engine/Content/EngineMaterials/Substrate/Glints2/dict_0005_0186.uasset" 9556
"../../../Engine/Content/EngineMaterials/Substrate/Glints2/dict_0005_0178.uasset" 9557
"../../../Engine/Content/EngineMaterials/Substrate/Glints2/dict_0005_0185.uasset" 9558
"../../../Engine/Content/EngineMaterials/Substrate/Glints2/dict_0005_0187.uasset" 9559
"../../../Engine/Content/EngineMaterials/Substrate/Glints2/dict_0005_0182.uasset" 9560
"../../../Engine/Content/EngineMaterials/Substrate/Glints2/dict_0005_0191.uasset" 9561
"../../../Engine/Content/EngineMaterials/Substrate/Glints2/dict_0005_0184.uasset" 9562
"../../../Engine/Content/EngineMaterials/Substrate/Glints2/dict_0005_0194.uasset" 9563
"../../../Engine/Content/EngineMaterials/Substrate/Glints2/dict_0005_0190.uasset" 9564
"../../../Engine/Content/EngineMaterials/Substrate/Glints2/dict_0005_0193.uasset" 9565
"../../../Engine/Content/EngineMaterials/Substrate/Glints2/dict_0005_0189.uasset" 9566
"../../../Engine/Content/EngineMaterials/Substrate/Glints2/dict_0005_0188.uasset" 9567
"../../../Engine/Content/EngineMaterials/Substrate/Glints2/dict_0005_0192.uasset" 9568
"/Engine/EngineMaterials/Substrate/Glints2/dict_0005_0173" 9569
"/Engine/EngineMaterials/Substrate/Glints2/dict_0005_0172" 9570
"/Engine/EngineMaterials/Substrate/Glints2/dict_0005_0171" 9571
"/Engine/EngineMaterials/Substrate/Glints2/dict_0005_0170" 9572
"/Engine/EngineMaterials/Substrate/Glints2/dict_0005_0169" 9573
"/Engine/EngineMaterials/Substrate/Glints2/dict_0005_0168" 9574
"/Engine/EngineMaterials/Substrate/Glints2/dict_0005_0167" 9575
"/Engine/EngineMaterials/Substrate/Glints2/dict_0005_0166" 9576
"/Engine/EngineMaterials/Substrate/Glints2/dict_0005_0165" 9577
"/Engine/EngineMaterials/Substrate/Glints2/dict_0005_0164" 9578
"/Engine/EngineMaterials/Substrate/Glints2/dict_0005_0163" 9579
"../../../Engine/Content/EngineMaterials/Substrate/Glints2/dict_0005_0197.uasset" 9580
"../../../Engine/Content/EngineMaterials/Substrate/Glints2/dict_0005_0198.uasset" 9581
"../../../Engine/Content/EngineMaterials/Substrate/Glints2/dict_0005_0199.uasset" 9582
"../../../Engine/Content/EngineMaterials/Substrate/Glints2/dict_0005_0203.uasset" 9583
"../../../Engine/Content/EngineMaterials/Substrate/Glints2/dict_0005_0195.uasset" 9584
"../../../Engine/Content/EngineMaterials/Substrate/Glints2/dict_0005_0201.uasset" 9585
"/Engine/EngineMaterials/Substrate/Glints2/dict_0005_0194" 9586
"../../../Engine/Content/EngineMaterials/Substrate/Glints2/dict_0005_0200.uasset" 9587
"../../../Engine/Content/EngineMaterials/Substrate/Glints2/dict_0005_0205.uasset" 9588
"../../../Engine/Content/EngineMaterials/Substrate/Glints2/dict_0005_0204.uasset" 9589
"../../../Engine/Content/EngineMaterials/Substrate/Glints2/dict_0005_0202.uasset" 9590
"../../../Engine/Content/EngineMaterials/Substrate/Glints2/dict_0005_0206.uasset" 9591
"../../../Engine/Content/EngineMaterials/Substrate/Glints2/dict_0005_0196.uasset" 9592
"/Engine/EngineMaterials/Substrate/Glints2/dict_0005_0193" 9593
"/Engine/EngineMaterials/Substrate/Glints2/dict_0005_0192" 9594
"/Engine/EngineMaterials/Substrate/Glints2/dict_0005_0191" 9595
"/Engine/EngineMaterials/Substrate/Glints2/dict_0005_0190" 9596
"/Engine/EngineMaterials/Substrate/Glints2/dict_0005_0189" 9597
"/Engine/EngineMaterials/Substrate/Glints2/dict_0005_0188" 9598
"/Engine/EngineMaterials/Substrate/Glints2/dict_0005_0187" 9599
"/Engine/EngineMaterials/Substrate/Glints2/dict_0005_0186" 9600
"/Engine/EngineMaterials/Substrate/Glints2/dict_0005_0185" 9601
"/Engine/EngineMaterials/Substrate/Glints2/dict_0005_0184" 9602
"/Engine/EngineMaterials/Substrate/Glints2/dict_0005_0183" 9603
"/Engine/EngineMaterials/Substrate/Glints2/dict_0005_0182" 9604
"/Engine/EngineMaterials/Substrate/Glints2/dict_0005_0181" 9605
"/Engine/EngineMaterials/Substrate/Glints2/dict_0005_0180" 9606
"/Engine/EngineMaterials/Substrate/Glints2/dict_0005_0179" 9607
"/Engine/EngineMaterials/Substrate/Glints2/dict_0005_0178" 9608
"/Engine/EngineMaterials/Substrate/Glints2/dict_0005_0177" 9609
"/Engine/EngineMaterials/Substrate/Glints2/dict_0005_0176" 9610
"/Engine/EngineMaterials/Substrate/Glints2/dict_0005_0175" 9611
"../../../Engine/Content/EngineMaterials/Substrate/Glints2/dict_0005_0210.uasset" 9612
"../../../Engine/Content/EngineMaterials/Substrate/Glints2/dict_0005_0209.uasset" 9613
"../../../Engine/Content/EngineMaterials/Substrate/Glints2/dict_0005_0214.uasset" 9614
"../../../Engine/Content/EngineMaterials/Substrate/Glints2/dict_0005_0211.uasset" 9615
"../../../Engine/Content/EngineMaterials/Substrate/Glints2/dict_0005_0208.uasset" 9616
"../../../Engine/Content/EngineMaterials/Substrate/Glints2/dict_0005_0207.uasset" 9617
"../../../Engine/Content/EngineMaterials/Substrate/Glints2/dict_0005_0215.uasset" 9618
"/Engine/EngineMaterials/Substrate/Glints2/dict_0005_0206" 9619
"../../../Engine/Content/EngineMaterials/Substrate/Glints2/dict_0005_0216.uasset" 9620
"../../../Engine/Content/EngineMaterials/Substrate/Glints2/dict_0005_0219.uasset" 9621
"../../../Engine/Content/EngineMaterials/Substrate/Glints2/dict_0005_0221.uasset" 9622
"../../../Engine/Content/EngineMaterials/Substrate/Glints2/dict_0005_0222.uasset" 9623
"../../../Engine/Content/EngineMaterials/Substrate/Glints2/dict_0005_0218.uasset" 9624
"../../../Engine/Content/EngineMaterials/Substrate/Glints2/dict_0005_0223.uasset" 9625
"../../../Engine/Content/EngineMaterials/Substrate/Glints2/dict_0005_0220.uasset" 9626
"../../../Engine/Content/EngineMaterials/Substrate/Glints2/dict_0005_0224.uasset" 9627
"../../../Engine/Content/EngineMaterials/Substrate/Glints2/dict_0005_0213.uasset" 9628
"../../../Engine/Content/EngineMaterials/Substrate/Glints2/dict_0005_0225.uasset" 9629
"../../../Engine/Content/EngineMaterials/Substrate/Glints2/dict_0005_0226.uasset" 9630
"../../../Engine/Content/EngineMaterials/Substrate/Glints2/dict_0005_0217.uasset" 9631
"../../../Engine/Content/EngineMaterials/Substrate/Glints2/dict_0005_0212.uasset" 9632
"/Engine/EngineMaterials/Substrate/Glints2/dict_0005_0205" 9633
"/Engine/EngineMaterials/Substrate/Glints2/dict_0005_0204" 9634
"/Engine/EngineMaterials/Substrate/Glints2/dict_0005_0203" 9635
"/Engine/EngineMaterials/Substrate/Glints2/dict_0005_0202" 9636
"/Engine/EngineMaterials/Substrate/Glints2/dict_0005_0201" 9637
"/Engine/EngineMaterials/Substrate/Glints2/dict_0005_0200" 9638
"/Engine/EngineMaterials/Substrate/Glints2/dict_0005_0199" 9639
"/Engine/EngineMaterials/Substrate/Glints2/dict_0005_0198" 9640
"/Engine/EngineMaterials/Substrate/Glints2/dict_0005_0197" 9641
"/Engine/EngineMaterials/Substrate/Glints2/dict_0005_0196" 9642
"/Engine/EngineMaterials/Substrate/Glints2/dict_0005_0195" 9643
"../../../Engine/Content/EngineMaterials/Substrate/Glints2/dict_0005_0227.uasset" 9644
"../../../Engine/Content/EngineMaterials/Substrate/Glints2/dict_0005_0229.uasset" 9645
"../../../Engine/Content/EngineMaterials/Substrate/Glints2/dict_0005_0235.uasset" 9646
"../../../Engine/Content/EngineMaterials/Substrate/Glints2/dict_0005_0228.uasset" 9647
"../../../Engine/Content/EngineMaterials/Substrate/Glints2/dict_0005_0236.uasset" 9648
"../../../Engine/Content/EngineMaterials/Substrate/Glints2/dict_0005_0230.uasset" 9649
"../../../Engine/Content/EngineMaterials/Substrate/Glints2/dict_0005_0233.uasset" 9650
"../../../Engine/Content/EngineMaterials/Substrate/Glints2/dict_0005_0231.uasset" 9651
"../../../Engine/Content/EngineMaterials/Substrate/Glints2/dict_0005_0238.uasset" 9652
"../../../Engine/Content/EngineMaterials/Substrate/Glints2/dict_0005_0237.uasset" 9653
"../../../Engine/Content/EngineMaterials/Substrate/Glints2/dict_0005_0232.uasset" 9654
"../../../Engine/Content/EngineMaterials/Substrate/Glints2/dict_0005_0234.uasset" 9655
"/Engine/EngineMaterials/Substrate/Glints2/dict_0005_0226" 9656
"/Engine/EngineMaterials/Substrate/Glints2/dict_0005_0225" 9657
"/Engine/EngineMaterials/Substrate/Glints2/dict_0005_0224" 9658
"/Engine/EngineMaterials/Substrate/Glints2/dict_0005_0223" 9659
"/Engine/EngineMaterials/Substrate/Glints2/dict_0005_0222" 9660
"/Engine/EngineMaterials/Substrate/Glints2/dict_0005_0221" 9661
"/Engine/EngineMaterials/Substrate/Glints2/dict_0005_0220" 9662
"/Engine/EngineMaterials/Substrate/Glints2/dict_0005_0219" 9663
"/Engine/EngineMaterials/Substrate/Glints2/dict_0005_0218" 9664
"/Engine/EngineMaterials/Substrate/Glints2/dict_0005_0217" 9665
"/Engine/EngineMaterials/Substrate/Glints2/dict_0005_0216" 9666
"/Engine/EngineMaterials/Substrate/Glints2/dict_0005_0215" 9667
"/Engine/EngineMaterials/Substrate/Glints2/dict_0005_0214" 9668
"/Engine/EngineMaterials/Substrate/Glints2/dict_0005_0213" 9669
"/Engine/EngineMaterials/Substrate/Glints2/dict_0005_0212" 9670
"/Engine/EngineMaterials/Substrate/Glints2/dict_0005_0211" 9671
"/Engine/EngineMaterials/Substrate/Glints2/dict_0005_0210" 9672
"/Engine/EngineMaterials/Substrate/Glints2/dict_0005_0209" 9673
"/Engine/EngineMaterials/Substrate/Glints2/dict_0005_0208" 9674
"/Engine/EngineMaterials/Substrate/Glints2/dict_0005_0207" 9675
"../../../Engine/Content/EngineMaterials/Substrate/Glints2/dict_0005_0243.uasset" 9676
"../../../Engine/Content/EngineMaterials/Substrate/Glints2/dict_0005_0245.uasset" 9677
"../../../Engine/Content/EngineMaterials/Substrate/Glints2/dict_0005_0244.uasset" 9678
"../../../Engine/Content/EngineMaterials/Substrate/Glints2/dict_0005_0240.uasset" 9679
"/Engine/EngineMaterials/Substrate/Glints2/dict_0005_0238" 9680
"../../../Engine/Content/EngineMaterials/Substrate/Glints2/dict_0005_0239.uasset" 9681
"../../../Engine/Content/EngineMaterials/Substrate/Glints2/dict_0005_0249.uasset" 9682
"../../../Engine/Content/EngineMaterials/Substrate/Glints2/dict_0005_0250.uasset" 9683
"../../../Engine/Content/EngineMaterials/Substrate/Glints2/dict_0005_0248.uasset" 9684
"../../../Engine/Content/EngineMaterials/Substrate/Glints2/dict_0005_0251.uasset" 9685
"../../../Engine/Content/EngineMaterials/Substrate/Glints2/dict_0005_0252.uasset" 9686
"../../../Engine/Content/EngineMaterials/Substrate/Glints2/dict_0005_0241.uasset" 9687
"../../../Engine/Content/EngineMaterials/Substrate/Glints2/dict_0006_0001.uasset" 9688
"../../../Engine/Content/EngineMaterials/Substrate/Glints2/dict_0005_0246.uasset" 9689
"../../../Engine/Content/EngineMaterials/Substrate/Glints2/dict_0005_0247.uasset" 9690
"../../../Engine/Content/EngineMaterials/Substrate/Glints2/dict_0006_0002.uasset" 9691
"../../../Engine/Content/EngineMaterials/Substrate/Glints2/dict_0005_0242.uasset" 9692
"../../../Engine/Content/EngineMaterials/Substrate/Glints2/dict_0005_0254.uasset" 9693
"../../../Engine/Content/EngineMaterials/Substrate/Glints2/dict_0005_0253.uasset" 9694
"../../../Engine/Content/EngineMaterials/Substrate/Glints2/dict_0005_0255.uasset" 9695
"../../../Engine/Content/EngineMaterials/Substrate/Glints2/dict_0006_0000.uasset" 9696
"/Engine/EngineMaterials/Substrate/Glints2/dict_0005_0237" 9697
"/Engine/EngineMaterials/Substrate/Glints2/dict_0005_0236" 9698
"/Engine/EngineMaterials/Substrate/Glints2/dict_0005_0235" 9699
"/Engine/EngineMaterials/Substrate/Glints2/dict_0005_0234" 9700
"/Engine/EngineMaterials/Substrate/Glints2/dict_0005_0233" 9701
"/Engine/EngineMaterials/Substrate/Glints2/dict_0005_0232" 9702
"/Engine/EngineMaterials/Substrate/Glints2/dict_0005_0231" 9703
"/Engine/EngineMaterials/Substrate/Glints2/dict_0005_0230" 9704
"/Engine/EngineMaterials/Substrate/Glints2/dict_0005_0229" 9705
"/Engine/EngineMaterials/Substrate/Glints2/dict_0005_0228" 9706
"/Engine/EngineMaterials/Substrate/Glints2/dict_0005_0227" 9707
"../../../Engine/Content/EngineMaterials/Substrate/Glints2/dict_0006_0008.uasset" 9708
"../../../Engine/Content/EngineMaterials/Substrate/Glints2/dict_0006_0003.uasset" 9709
"../../../Engine/Content/EngineMaterials/Substrate/Glints2/dict_0006_0006.uasset" 9710
"../../../Engine/Content/EngineMaterials/Substrate/Glints2/dict_0006_0007.uasset" 9711
"../../../Engine/Content/EngineMaterials/Substrate/Glints2/dict_0006_0013.uasset" 9712
"/Engine/EngineMaterials/Substrate/Glints2/dict_0006_0002" 9713
"../../../Engine/Content/EngineMaterials/Substrate/Glints2/dict_0006_0009.uasset" 9714
"../../../Engine/Content/EngineMaterials/Substrate/Glints2/dict_0006_0005.uasset" 9715
"../../../Engine/Content/EngineMaterials/Substrate/Glints2/dict_0006_0014.uasset" 9716
"../../../Engine/Content/EngineMaterials/Substrate/Glints2/dict_0006_0004.uasset" 9717
"../../../Engine/Content/EngineMaterials/Substrate/Glints2/dict_0006_0010.uasset" 9718
"../../../Engine/Content/EngineMaterials/Substrate/Glints2/dict_0006_0012.uasset" 9719
"../../../Engine/Content/EngineMaterials/Substrate/Glints2/dict_0006_0011.uasset" 9720
"/Engine/EngineMaterials/Substrate/Glints2/dict_0006_0001" 9721
"/Engine/EngineMaterials/Substrate/Glints2/dict_0006_0000" 9722
"/Engine/EngineMaterials/Substrate/Glints2/dict_0005_0255" 9723
"/Engine/EngineMaterials/Substrate/Glints2/dict_0005_0254" 9724
"/Engine/EngineMaterials/Substrate/Glints2/dict_0005_0253" 9725
"/Engine/EngineMaterials/Substrate/Glints2/dict_0005_0252" 9726
"/Engine/EngineMaterials/Substrate/Glints2/dict_0005_0251" 9727
"/Engine/EngineMaterials/Substrate/Glints2/dict_0005_0250" 9728
"/Engine/EngineMaterials/Substrate/Glints2/dict_0005_0249" 9729
"/Engine/EngineMaterials/Substrate/Glints2/dict_0005_0248" 9730
"/Engine/EngineMaterials/Substrate/Glints2/dict_0005_0247" 9731
"/Engine/EngineMaterials/Substrate/Glints2/dict_0005_0246" 9732
"/Engine/EngineMaterials/Substrate/Glints2/dict_0005_0245" 9733
"/Engine/EngineMaterials/Substrate/Glints2/dict_0005_0244" 9734
"/Engine/EngineMaterials/Substrate/Glints2/dict_0005_0243" 9735
"/Engine/EngineMaterials/Substrate/Glints2/dict_0005_0242" 9736
"/Engine/EngineMaterials/Substrate/Glints2/dict_0005_0241" 9737
"/Engine/EngineMaterials/Substrate/Glints2/dict_0005_0240" 9738
"/Engine/EngineMaterials/Substrate/Glints2/dict_0005_0239" 9739
"../../../Engine/Content/EngineMaterials/Substrate/Glints2/dict_0006_0015.uasset" 9740
"../../../Engine/Content/EngineMaterials/Substrate/Glints2/dict_0006_0018.uasset" 9741
"../../../Engine/Content/EngineMaterials/Substrate/Glints2/dict_0006_0020.uasset" 9742
"../../../Engine/Content/EngineMaterials/Substrate/Glints2/dict_0006_0022.uasset" 9743
"../../../Engine/Content/EngineMaterials/Substrate/Glints2/dict_0006_0016.uasset" 9744
"../../../Engine/Content/EngineMaterials/Substrate/Glints2/dict_0006_0019.uasset" 9745
"/Engine/EngineMaterials/Substrate/Glints2/dict_0006_0014" 9746
"../../../Engine/Content/EngineMaterials/Substrate/Glints2/dict_0006_0017.uasset" 9747
"../../../Engine/Content/EngineMaterials/Substrate/Glints2/dict_0006_0021.uasset" 9748
"../../../Engine/Content/EngineMaterials/Substrate/Glints2/dict_0006_0025.uasset" 9749
"../../../Engine/Content/EngineMaterials/Substrate/Glints2/dict_0006_0030.uasset" 9750
"../../../Engine/Content/EngineMaterials/Substrate/Glints2/dict_0006_0027.uasset" 9751
"../../../Engine/Content/EngineMaterials/Substrate/Glints2/dict_0006_0026.uasset" 9752
"../../../Engine/Content/EngineMaterials/Substrate/Glints2/dict_0006_0031.uasset" 9753
"../../../Engine/Content/EngineMaterials/Substrate/Glints2/dict_0006_0023.uasset" 9754
"../../../Engine/Content/EngineMaterials/Substrate/Glints2/dict_0006_0032.uasset" 9755
"../../../Engine/Content/EngineMaterials/Substrate/Glints2/dict_0006_0029.uasset" 9756
"../../../Engine/Content/EngineMaterials/Substrate/Glints2/dict_0006_0033.uasset" 9757
"../../../Engine/Content/EngineMaterials/Substrate/Glints2/dict_0006_0028.uasset" 9758
"../../../Engine/Content/EngineMaterials/Substrate/Glints2/dict_0006_0034.uasset" 9759
"../../../Engine/Content/EngineMaterials/Substrate/Glints2/dict_0006_0024.uasset" 9760
"/Engine/EngineMaterials/Substrate/Glints2/dict_0006_0013" 9761
"/Engine/EngineMaterials/Substrate/Glints2/dict_0006_0012" 9762
"/Engine/EngineMaterials/Substrate/Glints2/dict_0006_0011" 9763
"/Engine/EngineMaterials/Substrate/Glints2/dict_0006_0010" 9764
"/Engine/EngineMaterials/Substrate/Glints2/dict_0006_0009" 9765
"/Engine/EngineMaterials/Substrate/Glints2/dict_0006_0008" 9766
"/Engine/EngineMaterials/Substrate/Glints2/dict_0006_0007" 9767
"/Engine/EngineMaterials/Substrate/Glints2/dict_0006_0006" 9768
"/Engine/EngineMaterials/Substrate/Glints2/dict_0006_0005" 9769
"/Engine/EngineMaterials/Substrate/Glints2/dict_0006_0004" 9770
"/Engine/EngineMaterials/Substrate/Glints2/dict_0006_0003" 9771
"../../../Engine/Content/EngineMaterials/Substrate/Glints2/dict_0006_0039.uasset" 9772
"../../../Engine/Content/EngineMaterials/Substrate/Glints2/dict_0006_0040.uasset" 9773
"../../../Engine/Content/EngineMaterials/Substrate/Glints2/dict_0006_0036.uasset" 9774
"../../../Engine/Content/EngineMaterials/Substrate/Glints2/dict_0006_0038.uasset" 9775
"../../../Engine/Content/EngineMaterials/Substrate/Glints2/dict_0006_0044.uasset" 9776
"/Engine/EngineMaterials/Substrate/Glints2/dict_0006_0034" 9777
"../../../Engine/Content/EngineMaterials/Substrate/Glints2/dict_0006_0041.uasset" 9778
"../../../Engine/Content/EngineMaterials/Substrate/Glints2/dict_0006_0037.uasset" 9779
"../../../Engine/Content/EngineMaterials/Substrate/Glints2/dict_0006_0043.uasset" 9780
"../../../Engine/Content/EngineMaterials/Substrate/Glints2/dict_0006_0042.uasset" 9781
"../../../Engine/Content/EngineMaterials/Substrate/Glints2/dict_0006_0046.uasset" 9782
"../../../Engine/Content/EngineMaterials/Substrate/Glints2/dict_0006_0045.uasset" 9783
"../../../Engine/Content/EngineMaterials/Substrate/Glints2/dict_0006_0035.uasset" 9784
"/Engine/EngineMaterials/Substrate/Glints2/dict_0006_0033" 9785
"/Engine/EngineMaterials/Substrate/Glints2/dict_0006_0032" 9786
"/Engine/EngineMaterials/Substrate/Glints2/dict_0006_0031" 9787
"/Engine/EngineMaterials/Substrate/Glints2/dict_0006_0030" 9788
"/Engine/EngineMaterials/Substrate/Glints2/dict_0006_0029" 9789
"/Engine/EngineMaterials/Substrate/Glints2/dict_0006_0028" 9790
"/Engine/EngineMaterials/Substrate/Glints2/dict_0006_0027" 9791
"/Engine/EngineMaterials/Substrate/Glints2/dict_0006_0026" 9792
"/Engine/EngineMaterials/Substrate/Glints2/dict_0006_0025" 9793
"/Engine/EngineMaterials/Substrate/Glints2/dict_0006_0024" 9794
"/Engine/EngineMaterials/Substrate/Glints2/dict_0006_0023" 9795
"/Engine/EngineMaterials/Substrate/Glints2/dict_0006_0022" 9796
"/Engine/EngineMaterials/Substrate/Glints2/dict_0006_0021" 9797
"/Engine/EngineMaterials/Substrate/Glints2/dict_0006_0020" 9798
"/Engine/EngineMaterials/Substrate/Glints2/dict_0006_0019" 9799
"/Engine/EngineMaterials/Substrate/Glints2/dict_0006_0018" 9800
"/Engine/EngineMaterials/Substrate/Glints2/dict_0006_0017" 9801
"/Engine/EngineMaterials/Substrate/Glints2/dict_0006_0016" 9802
"/Engine/EngineMaterials/Substrate/Glints2/dict_0006_0015" 9803
"../../../Engine/Content/EngineMaterials/Substrate/Glints2/dict_0006_0049.uasset" 9804
"../../../Engine/Content/EngineMaterials/Substrate/Glints2/dict_0006_0051.uasset" 9805
"../../../Engine/Content/EngineMaterials/Substrate/Glints2/dict_0006_0047.uasset" 9806
"../../../Engine/Content/EngineMaterials/Substrate/Glints2/dict_0006_0054.uasset" 9807
"../../../Engine/Content/EngineMaterials/Substrate/Glints2/dict_0006_0055.uasset" 9808
"/Engine/EngineMaterials/Substrate/Glints2/dict_0006_0046" 9809
"../../../Engine/Content/EngineMaterials/Substrate/Glints2/dict_0006_0053.uasset" 9810
"../../../Engine/Content/EngineMaterials/Substrate/Glints2/dict_0006_0060.uasset" 9811
"../../../Engine/Content/EngineMaterials/Substrate/Glints2/dict_0006_0052.uasset" 9812
"../../../Engine/Content/EngineMaterials/Substrate/Glints2/dict_0006_0057.uasset" 9813
"../../../Engine/Content/EngineMaterials/Substrate/Glints2/dict_0006_0062.uasset" 9814
"../../../Engine/Content/EngineMaterials/Substrate/Glints2/dict_0006_0061.uasset" 9815
"../../../Engine/Content/EngineMaterials/Substrate/Glints2/dict_0006_0058.uasset" 9816
"../../../Engine/Content/EngineMaterials/Substrate/Glints2/dict_0006_0063.uasset" 9817
"../../../Engine/Content/EngineMaterials/Substrate/Glints2/dict_0006_0065.uasset" 9818
"../../../Engine/Content/EngineMaterials/Substrate/Glints2/dict_0006_0048.uasset" 9819
"../../../Engine/Content/EngineMaterials/Substrate/Glints2/dict_0006_0066.uasset" 9820
"../../../Engine/Content/EngineMaterials/Substrate/Glints2/dict_0006_0056.uasset" 9821
"../../../Engine/Content/EngineMaterials/Substrate/Glints2/dict_0006_0059.uasset" 9822
"../../../Engine/Content/EngineMaterials/Substrate/Glints2/dict_0006_0064.uasset" 9823
"../../../Engine/Content/EngineMaterials/Substrate/Glints2/dict_0006_0050.uasset" 9824
"/Engine/EngineMaterials/Substrate/Glints2/dict_0006_0045" 9825
"/Engine/EngineMaterials/Substrate/Glints2/dict_0006_0044" 9826
"/Engine/EngineMaterials/Substrate/Glints2/dict_0006_0043" 9827
"/Engine/EngineMaterials/Substrate/Glints2/dict_0006_0042" 9828
"/Engine/EngineMaterials/Substrate/Glints2/dict_0006_0041" 9829
"/Engine/EngineMaterials/Substrate/Glints2/dict_0006_0040" 9830
"/Engine/EngineMaterials/Substrate/Glints2/dict_0006_0039" 9831
"/Engine/EngineMaterials/Substrate/Glints2/dict_0006_0038" 9832
"/Engine/EngineMaterials/Substrate/Glints2/dict_0006_0037" 9833
"/Engine/EngineMaterials/Substrate/Glints2/dict_0006_0036" 9834
"/Engine/EngineMaterials/Substrate/Glints2/dict_0006_0035" 9835
"../../../Engine/Content/EngineMaterials/Substrate/Glints2/dict_0006_0068.uasset" 9836
"../../../Engine/Content/EngineMaterials/Substrate/Glints2/dict_0006_0074.uasset" 9837
"../../../Engine/Content/EngineMaterials/Substrate/Glints2/dict_0006_0073.uasset" 9838
"../../../Engine/Content/EngineMaterials/Substrate/Glints2/dict_0006_0067.uasset" 9839
"../../../Engine/Content/EngineMaterials/Substrate/Glints2/dict_0006_0076.uasset" 9840
"../../../Engine/Content/EngineMaterials/Substrate/Glints2/dict_0006_0075.uasset" 9841
"../../../Engine/Content/EngineMaterials/Substrate/Glints2/dict_0006_0070.uasset" 9842
"../../../Engine/Content/EngineMaterials/Substrate/Glints2/dict_0006_0077.uasset" 9843
"../../../Engine/Content/EngineMaterials/Substrate/Glints2/dict_0006_0072.uasset" 9844
"../../../Engine/Content/EngineMaterials/Substrate/Glints2/dict_0006_0069.uasset" 9845
"../../../Engine/Content/EngineMaterials/Substrate/Glints2/dict_0006_0078.uasset" 9846
"/Engine/EngineMaterials/Substrate/Glints2/dict_0006_0066" 9847
"../../../Engine/Content/EngineMaterials/Substrate/Glints2/dict_0006_0071.uasset" 9848
"/Engine/EngineMaterials/Substrate/Glints2/dict_0006_0065" 9849
"/Engine/EngineMaterials/Substrate/Glints2/dict_0006_0064" 9850
"/Engine/EngineMaterials/Substrate/Glints2/dict_0006_0063" 9851
"/Engine/EngineMaterials/Substrate/Glints2/dict_0006_0062" 9852
"/Engine/EngineMaterials/Substrate/Glints2/dict_0006_0061" 9853
"/Engine/EngineMaterials/Substrate/Glints2/dict_0006_0060" 9854
"/Engine/EngineMaterials/Substrate/Glints2/dict_0006_0059" 9855
"/Engine/EngineMaterials/Substrate/Glints2/dict_0006_0058" 9856
"/Engine/EngineMaterials/Substrate/Glints2/dict_0006_0057" 9857
"/Engine/EngineMaterials/Substrate/Glints2/dict_0006_0056" 9858
"/Engine/EngineMaterials/Substrate/Glints2/dict_0006_0055" 9859
"/Engine/EngineMaterials/Substrate/Glints2/dict_0006_0054" 9860
"/Engine/EngineMaterials/Substrate/Glints2/dict_0006_0053" 9861
"/Engine/EngineMaterials/Substrate/Glints2/dict_0006_0052" 9862
"/Engine/EngineMaterials/Substrate/Glints2/dict_0006_0051" 9863
"/Engine/EngineMaterials/Substrate/Glints2/dict_0006_0050" 9864
"/Engine/EngineMaterials/Substrate/Glints2/dict_0006_0049" 9865
"/Engine/EngineMaterials/Substrate/Glints2/dict_0006_0048" 9866
"/Engine/EngineMaterials/Substrate/Glints2/dict_0006_0047" 9867
"../../../Engine/Content/EngineMaterials/Substrate/Glints2/dict_0006_0085.uasset" 9868
"../../../Engine/Content/EngineMaterials/Substrate/Glints2/dict_0006_0084.uasset" 9869
"../../../Engine/Content/EngineMaterials/Substrate/Glints2/dict_0006_0088.uasset" 9870
"../../../Engine/Content/EngineMaterials/Substrate/Glints2/dict_0006_0079.uasset" 9871
"../../../Engine/Content/EngineMaterials/Substrate/Glints2/dict_0006_0086.uasset" 9872
"../../../Engine/Content/EngineMaterials/Substrate/Glints2/dict_0006_0081.uasset" 9873
"/Engine/EngineMaterials/Substrate/Glints2/dict_0006_0078" 9874
"../../../Engine/Content/EngineMaterials/Substrate/Glints2/dict_0006_0082.uasset" 9875
"../../../Engine/Content/EngineMaterials/Substrate/Glints2/dict_0006_0080.uasset" 9876
"../../../Engine/Content/EngineMaterials/Substrate/Glints2/dict_0006_0093.uasset" 9877
"../../../Engine/Content/EngineMaterials/Substrate/Glints2/dict_0006_0083.uasset" 9878
"../../../Engine/Content/EngineMaterials/Substrate/Glints2/dict_0006_0095.uasset" 9879
"../../../Engine/Content/EngineMaterials/Substrate/Glints2/dict_0006_0090.uasset" 9880
"../../../Engine/Content/EngineMaterials/Substrate/Glints2/dict_0006_0096.uasset" 9881
"../../../Engine/Content/EngineMaterials/Substrate/Glints2/dict_0006_0089.uasset" 9882
"../../../Engine/Content/EngineMaterials/Substrate/Glints2/dict_0006_0094.uasset" 9883
"../../../Engine/Content/EngineMaterials/Substrate/Glints2/dict_0006_0097.uasset" 9884
"../../../Engine/Content/EngineMaterials/Substrate/Glints2/dict_0006_0092.uasset" 9885
"../../../Engine/Content/EngineMaterials/Substrate/Glints2/dict_0006_0098.uasset" 9886
"../../../Engine/Content/EngineMaterials/Substrate/Glints2/dict_0006_0087.uasset" 9887
"../../../Engine/Content/EngineMaterials/Substrate/Glints2/dict_0006_0091.uasset" 9888
"/Engine/EngineMaterials/Substrate/Glints2/dict_0006_0077" 9889
"/Engine/EngineMaterials/Substrate/Glints2/dict_0006_0076" 9890
"/Engine/EngineMaterials/Substrate/Glints2/dict_0006_0075" 9891
"/Engine/EngineMaterials/Substrate/Glints2/dict_0006_0074" 9892
"/Engine/EngineMaterials/Substrate/Glints2/dict_0006_0073" 9893
"/Engine/EngineMaterials/Substrate/Glints2/dict_0006_0072" 9894
"/Engine/EngineMaterials/Substrate/Glints2/dict_0006_0071" 9895
"/Engine/EngineMaterials/Substrate/Glints2/dict_0006_0070" 9896
"/Engine/EngineMaterials/Substrate/Glints2/dict_0006_0069" 9897
"/Engine/EngineMaterials/Substrate/Glints2/dict_0006_0068" 9898
"/Engine/EngineMaterials/Substrate/Glints2/dict_0006_0067" 9899
"../../../Engine/Content/EngineMaterials/Substrate/Glints2/dict_0006_0102.uasset" 9900
"../../../Engine/Content/EngineMaterials/Substrate/Glints2/dict_0006_0101.uasset" 9901
"../../../Engine/Content/EngineMaterials/Substrate/Glints2/dict_0006_0107.uasset" 9902
"../../../Engine/Content/EngineMaterials/Substrate/Glints2/dict_0006_0108.uasset" 9903
"../../../Engine/Content/EngineMaterials/Substrate/Glints2/dict_0006_0100.uasset" 9904
"/Engine/EngineMaterials/Substrate/Glints2/dict_0006_0098" 9905
"../../../Engine/Content/EngineMaterials/Substrate/Glints2/dict_0006_0106.uasset" 9906
"../../../Engine/Content/EngineMaterials/Substrate/Glints2/dict_0006_0110.uasset" 9907
"../../../Engine/Content/EngineMaterials/Substrate/Glints2/dict_0006_0103.uasset" 9908
"../../../Engine/Content/EngineMaterials/Substrate/Glints2/dict_0006_0105.uasset" 9909
"../../../Engine/Content/EngineMaterials/Substrate/Glints2/dict_0006_0104.uasset" 9910
"../../../Engine/Content/EngineMaterials/Substrate/Glints2/dict_0006_0109.uasset" 9911
"../../../Engine/Content/EngineMaterials/Substrate/Glints2/dict_0006_0099.uasset" 9912
"/Engine/EngineMaterials/Substrate/Glints2/dict_0006_0097" 9913
"/Engine/EngineMaterials/Substrate/Glints2/dict_0006_0096" 9914
"/Engine/EngineMaterials/Substrate/Glints2/dict_0006_0095" 9915
"/Engine/EngineMaterials/Substrate/Glints2/dict_0006_0094" 9916
"/Engine/EngineMaterials/Substrate/Glints2/dict_0006_0093" 9917
"/Engine/EngineMaterials/Substrate/Glints2/dict_0006_0092" 9918
"/Engine/EngineMaterials/Substrate/Glints2/dict_0006_0091" 9919
"/Engine/EngineMaterials/Substrate/Glints2/dict_0006_0090" 9920
"/Engine/EngineMaterials/Substrate/Glints2/dict_0006_0089" 9921
"/Engine/EngineMaterials/Substrate/Glints2/dict_0006_0088" 9922
"/Engine/EngineMaterials/Substrate/Glints2/dict_0006_0087" 9923
"/Engine/EngineMaterials/Substrate/Glints2/dict_0006_0086" 9924
"/Engine/EngineMaterials/Substrate/Glints2/dict_0006_0085" 9925
"/Engine/EngineMaterials/Substrate/Glints2/dict_0006_0084" 9926
"/Engine/EngineMaterials/Substrate/Glints2/dict_0006_0083" 9927
"/Engine/EngineMaterials/Substrate/Glints2/dict_0006_0082" 9928
"/Engine/EngineMaterials/Substrate/Glints2/dict_0006_0081" 9929
"/Engine/EngineMaterials/Substrate/Glints2/dict_0006_0080" 9930
"/Engine/EngineMaterials/Substrate/Glints2/dict_0006_0079" 9931
"../../../Engine/Content/EngineMaterials/Substrate/Glints2/dict_0006_0112.uasset" 9932
"../../../Engine/Content/EngineMaterials/Substrate/Glints2/dict_0006_0117.uasset" 9933
"../../../Engine/Content/EngineMaterials/Substrate/Glints2/dict_0006_0113.uasset" 9934
"../../../Engine/Content/EngineMaterials/Substrate/Glints2/dict_0006_0120.uasset" 9935
"../../../Engine/Content/EngineMaterials/Substrate/Glints2/dict_0006_0115.uasset" 9936
"/Engine/EngineMaterials/Substrate/Glints2/dict_0006_0110" 9937
"../../../Engine/Content/EngineMaterials/Substrate/Glints2/dict_0006_0114.uasset" 9938
"../../../Engine/Content/EngineMaterials/Substrate/Glints2/dict_0006_0121.uasset" 9939
"../../../Engine/Content/EngineMaterials/Substrate/Glints2/dict_0006_0122.uasset" 9940
"../../../Engine/Content/EngineMaterials/Substrate/Glints2/dict_0006_0119.uasset" 9941
"../../../Engine/Content/EngineMaterials/Substrate/Glints2/dict_0006_0123.uasset" 9942
"../../../Engine/Content/EngineMaterials/Substrate/Glints2/dict_0006_0116.uasset" 9943
"../../../Engine/Content/EngineMaterials/Substrate/Glints2/dict_0006_0125.uasset" 9944
"../../../Engine/Content/EngineMaterials/Substrate/Glints2/dict_0006_0118.uasset" 9945
"../../../Engine/Content/EngineMaterials/Substrate/Glints2/dict_0006_0128.uasset" 9946
"../../../Engine/Content/EngineMaterials/Substrate/Glints2/dict_0006_0129.uasset" 9947
"../../../Engine/Content/EngineMaterials/Substrate/Glints2/dict_0006_0111.uasset" 9948
"../../../Engine/Content/EngineMaterials/Substrate/Glints2/dict_0006_0130.uasset" 9949
"../../../Engine/Content/EngineMaterials/Substrate/Glints2/dict_0006_0127.uasset" 9950
"../../../Engine/Content/EngineMaterials/Substrate/Glints2/dict_0006_0126.uasset" 9951
"../../../Engine/Content/EngineMaterials/Substrate/Glints2/dict_0006_0124.uasset" 9952
"/Engine/EngineMaterials/Substrate/Glints2/dict_0006_0109" 9953
"/Engine/EngineMaterials/Substrate/Glints2/dict_0006_0108" 9954
"/Engine/EngineMaterials/Substrate/Glints2/dict_0006_0107" 9955
"/Engine/EngineMaterials/Substrate/Glints2/dict_0006_0106" 9956
"/Engine/EngineMaterials/Substrate/Glints2/dict_0006_0105" 9957
"/Engine/EngineMaterials/Substrate/Glints2/dict_0006_0104" 9958
"/Engine/EngineMaterials/Substrate/Glints2/dict_0006_0103" 9959
"/Engine/EngineMaterials/Substrate/Glints2/dict_0006_0102" 9960
"/Engine/EngineMaterials/Substrate/Glints2/dict_0006_0101" 9961
"/Engine/EngineMaterials/Substrate/Glints2/dict_0006_0100" 9962
"/Engine/EngineMaterials/Substrate/Glints2/dict_0006_0099" 9963
"../../../Engine/Content/EngineMaterials/Substrate/Glints2/dict_0006_0139.uasset" 9964
"../../../Engine/Content/EngineMaterials/Substrate/Glints2/dict_0006_0131.uasset" 9965
"../../../Engine/Content/EngineMaterials/Substrate/Glints2/dict_0006_0136.uasset" 9966
"../../../Engine/Content/EngineMaterials/Substrate/Glints2/dict_0006_0134.uasset" 9967
"/Engine/EngineMaterials/Substrate/Glints2/dict_0006_0130" 9968
"../../../Engine/Content/EngineMaterials/Substrate/Glints2/dict_0006_0132.uasset" 9969
"../../../Engine/Content/EngineMaterials/Substrate/Glints2/dict_0006_0138.uasset" 9970
"../../../Engine/Content/EngineMaterials/Substrate/Glints2/dict_0006_0141.uasset" 9971
"../../../Engine/Content/EngineMaterials/Substrate/Glints2/dict_0006_0142.uasset" 9972
"../../../Engine/Content/EngineMaterials/Substrate/Glints2/dict_0006_0133.uasset" 9973
"../../../Engine/Content/EngineMaterials/Substrate/Glints2/dict_0006_0137.uasset" 9974
"../../../Engine/Content/EngineMaterials/Substrate/Glints2/dict_0006_0135.uasset" 9975
"../../../Engine/Content/EngineMaterials/Substrate/Glints2/dict_0006_0140.uasset" 9976
"/Engine/EngineMaterials/Substrate/Glints2/dict_0006_0129" 9977
"/Engine/EngineMaterials/Substrate/Glints2/dict_0006_0128" 9978
"/Engine/EngineMaterials/Substrate/Glints2/dict_0006_0127" 9979
"/Engine/EngineMaterials/Substrate/Glints2/dict_0006_0126" 9980
"/Engine/EngineMaterials/Substrate/Glints2/dict_0006_0125" 9981
"/Engine/EngineMaterials/Substrate/Glints2/dict_0006_0124" 9982
"/Engine/EngineMaterials/Substrate/Glints2/dict_0006_0123" 9983
"/Engine/EngineMaterials/Substrate/Glints2/dict_0006_0122" 9984
"/Engine/EngineMaterials/Substrate/Glints2/dict_0006_0121" 9985
"/Engine/EngineMaterials/Substrate/Glints2/dict_0006_0120" 9986
"/Engine/EngineMaterials/Substrate/Glints2/dict_0006_0119" 9987
"/Engine/EngineMaterials/Substrate/Glints2/dict_0006_0118" 9988
"/Engine/EngineMaterials/Substrate/Glints2/dict_0006_0117" 9989
"/Engine/EngineMaterials/Substrate/Glints2/dict_0006_0116" 9990
"/Engine/EngineMaterials/Substrate/Glints2/dict_0006_0115" 9991
"/Engine/EngineMaterials/Substrate/Glints2/dict_0006_0114" 9992
"/Engine/EngineMaterials/Substrate/Glints2/dict_0006_0113" 9993
"/Engine/EngineMaterials/Substrate/Glints2/dict_0006_0112" 9994
"/Engine/EngineMaterials/Substrate/Glints2/dict_0006_0111" 9995
"../../../Engine/Content/EngineMaterials/Substrate/Glints2/dict_0006_0143.uasset" 9996
"../../../Engine/Content/EngineMaterials/Substrate/Glints2/dict_0006_0146.uasset" 9997
"../../../Engine/Content/EngineMaterials/Substrate/Glints2/dict_0006_0144.uasset" 9998
"../../../Engine/Content/EngineMaterials/Substrate/Glints2/dict_0006_0149.uasset" 9999
"/Engine/EngineMaterials/Substrate/Glints2/dict_0006_0142" 10000
"../../../Engine/Content/EngineMaterials/Substrate/Glints2/dict_0006_0150.uasset" 10001
"../../../Engine/Content/EngineMaterials/Substrate/Glints2/dict_0006_0155.uasset" 10002
"../../../Engine/Content/EngineMaterials/Substrate/Glints2/dict_0006_0145.uasset" 10003
"../../../Engine/Content/EngineMaterials/Substrate/Glints2/dict_0006_0154.uasset" 10004
"../../../Engine/Content/EngineMaterials/Substrate/Glints2/dict_0006_0156.uasset" 10005
"../../../Engine/Content/EngineMaterials/Substrate/Glints2/dict_0006_0152.uasset" 10006
"../../../Engine/Content/EngineMaterials/Substrate/Glints2/dict_0006_0157.uasset" 10007
"../../../Engine/Content/EngineMaterials/Substrate/Glints2/dict_0006_0158.uasset" 10008
"../../../Engine/Content/EngineMaterials/Substrate/Glints2/dict_0006_0153.uasset" 10009
"../../../Engine/Content/EngineMaterials/Substrate/Glints2/dict_0006_0148.uasset" 10010
"../../../Engine/Content/EngineMaterials/Substrate/Glints2/dict_0006_0162.uasset" 10011
"../../../Engine/Content/EngineMaterials/Substrate/Glints2/dict_0006_0161.uasset" 10012
"../../../Engine/Content/EngineMaterials/Substrate/Glints2/dict_0006_0151.uasset" 10013
"../../../Engine/Content/EngineMaterials/Substrate/Glints2/dict_0006_0147.uasset" 10014
"../../../Engine/Content/EngineMaterials/Substrate/Glints2/dict_0006_0160.uasset" 10015
"../../../Engine/Content/EngineMaterials/Substrate/Glints2/dict_0006_0159.uasset" 10016
"/Engine/EngineMaterials/Substrate/Glints2/dict_0006_0141" 10017
"/Engine/EngineMaterials/Substrate/Glints2/dict_0006_0140" 10018
"/Engine/EngineMaterials/Substrate/Glints2/dict_0006_0139" 10019
"/Engine/EngineMaterials/Substrate/Glints2/dict_0006_0138" 10020
"/Engine/EngineMaterials/Substrate/Glints2/dict_0006_0137" 10021
"/Engine/EngineMaterials/Substrate/Glints2/dict_0006_0136" 10022
"/Engine/EngineMaterials/Substrate/Glints2/dict_0006_0135" 10023
"/Engine/EngineMaterials/Substrate/Glints2/dict_0006_0134" 10024
"/Engine/EngineMaterials/Substrate/Glints2/dict_0006_0133" 10025
"/Engine/EngineMaterials/Substrate/Glints2/dict_0006_0132" 10026
"/Engine/EngineMaterials/Substrate/Glints2/dict_0006_0131" 10027
"../../../Engine/Content/EngineMaterials/Substrate/Glints2/dict_0006_0163.uasset" 10028
"../../../Engine/Content/EngineMaterials/Substrate/Glints2/dict_0006_0164.uasset" 10029
"../../../Engine/Content/EngineMaterials/Substrate/Glints2/dict_0006_0167.uasset" 10030
"../../../Engine/Content/EngineMaterials/Substrate/Glints2/dict_0006_0169.uasset" 10031
"../../../Engine/Content/EngineMaterials/Substrate/Glints2/dict_0006_0166.uasset" 10032
"../../../Engine/Content/EngineMaterials/Substrate/Glints2/dict_0006_0168.uasset" 10033
"../../../Engine/Content/EngineMaterials/Substrate/Glints2/dict_0006_0170.uasset" 10034
"../../../Engine/Content/EngineMaterials/Substrate/Glints2/dict_0006_0165.uasset" 10035
"../../../Engine/Content/EngineMaterials/Substrate/Glints2/dict_0006_0173.uasset" 10036
"../../../Engine/Content/EngineMaterials/Substrate/Glints2/dict_0006_0172.uasset" 10037
"../../../Engine/Content/EngineMaterials/Substrate/Glints2/dict_0006_0174.uasset" 10038
"/Engine/EngineMaterials/Substrate/Glints2/dict_0006_0162" 10039
"../../../Engine/Content/EngineMaterials/Substrate/Glints2/dict_0006_0171.uasset" 10040
"/Engine/EngineMaterials/Substrate/Glints2/dict_0006_0161" 10041
"/Engine/EngineMaterials/Substrate/Glints2/dict_0006_0160" 10042
"/Engine/EngineMaterials/Substrate/Glints2/dict_0006_0159" 10043
"/Engine/EngineMaterials/Substrate/Glints2/dict_0006_0158" 10044
"/Engine/EngineMaterials/Substrate/Glints2/dict_0006_0157" 10045
"/Engine/EngineMaterials/Substrate/Glints2/dict_0006_0156" 10046
"/Engine/EngineMaterials/Substrate/Glints2/dict_0006_0155" 10047
"/Engine/EngineMaterials/Substrate/Glints2/dict_0006_0154" 10048
"/Engine/EngineMaterials/Substrate/Glints2/dict_0006_0153" 10049
"/Engine/EngineMaterials/Substrate/Glints2/dict_0006_0152" 10050
"/Engine/EngineMaterials/Substrate/Glints2/dict_0006_0151" 10051
"/Engine/EngineMaterials/Substrate/Glints2/dict_0006_0150" 10052
"/Engine/EngineMaterials/Substrate/Glints2/dict_0006_0149" 10053
"/Engine/EngineMaterials/Substrate/Glints2/dict_0006_0148" 10054
"/Engine/EngineMaterials/Substrate/Glints2/dict_0006_0147" 10055
"/Engine/EngineMaterials/Substrate/Glints2/dict_0006_0146" 10056
"/Engine/EngineMaterials/Substrate/Glints2/dict_0006_0145" 10057
"/Engine/EngineMaterials/Substrate/Glints2/dict_0006_0144" 10058
"/Engine/EngineMaterials/Substrate/Glints2/dict_0006_0143" 10059
"../../../Engine/Content/EngineMaterials/Substrate/Glints2/dict_0006_0180.uasset" 10060
"../../../Engine/Content/EngineMaterials/Substrate/Glints2/dict_0006_0178.uasset" 10061
"../../../Engine/Content/EngineMaterials/Substrate/Glints2/dict_0006_0175.uasset" 10062
"../../../Engine/Content/EngineMaterials/Substrate/Glints2/dict_0006_0182.uasset" 10063
"../../../Engine/Content/EngineMaterials/Substrate/Glints2/dict_0006_0183.uasset" 10064
"../../../Engine/Content/EngineMaterials/Substrate/Glints2/dict_0006_0181.uasset" 10065
"../../../Engine/Content/EngineMaterials/Substrate/Glints2/dict_0006_0185.uasset" 10066
"../../../Engine/Content/EngineMaterials/Substrate/Glints2/dict_0006_0179.uasset" 10067
"../../../Engine/Content/EngineMaterials/Substrate/Glints2/dict_0006_0187.uasset" 10068
"../../../Engine/Content/EngineMaterials/Substrate/Glints2/dict_0006_0186.uasset" 10069
"../../../Engine/Content/EngineMaterials/Substrate/Glints2/dict_0006_0176.uasset" 10070
"../../../Engine/Content/EngineMaterials/Substrate/Glints2/dict_0006_0184.uasset" 10071
"../../../Engine/Content/EngineMaterials/Substrate/Glints2/dict_0006_0190.uasset" 10072
"/Engine/EngineMaterials/Substrate/Glints2/dict_0006_0174" 10073
"../../../Engine/Content/EngineMaterials/Substrate/Glints2/dict_0006_0177.uasset" 10074
"../../../Engine/Content/EngineMaterials/Substrate/Glints2/dict_0006_0194.uasset" 10075
"../../../Engine/Content/EngineMaterials/Substrate/Glints2/dict_0006_0191.uasset" 10076
"../../../Engine/Content/EngineMaterials/Substrate/Glints2/dict_0006_0193.uasset" 10077
"../../../Engine/Content/EngineMaterials/Substrate/Glints2/dict_0006_0189.uasset" 10078
"../../../Engine/Content/EngineMaterials/Substrate/Glints2/dict_0006_0188.uasset" 10079
"../../../Engine/Content/EngineMaterials/Substrate/Glints2/dict_0006_0192.uasset" 10080
"/Engine/EngineMaterials/Substrate/Glints2/dict_0006_0173" 10081
"/Engine/EngineMaterials/Substrate/Glints2/dict_0006_0172" 10082
"/Engine/EngineMaterials/Substrate/Glints2/dict_0006_0171" 10083
"/Engine/EngineMaterials/Substrate/Glints2/dict_0006_0170" 10084
"/Engine/EngineMaterials/Substrate/Glints2/dict_0006_0169" 10085
"/Engine/EngineMaterials/Substrate/Glints2/dict_0006_0168" 10086
"/Engine/EngineMaterials/Substrate/Glints2/dict_0006_0167" 10087
"/Engine/EngineMaterials/Substrate/Glints2/dict_0006_0166" 10088
"/Engine/EngineMaterials/Substrate/Glints2/dict_0006_0165" 10089
"/Engine/EngineMaterials/Substrate/Glints2/dict_0006_0164" 10090
"/Engine/EngineMaterials/Substrate/Glints2/dict_0006_0163" 10091
"../../../Engine/Content/EngineMaterials/Substrate/Glints2/dict_0006_0195.uasset" 10092
"../../../Engine/Content/EngineMaterials/Substrate/Glints2/dict_0006_0196.uasset" 10093
"../../../Engine/Content/EngineMaterials/Substrate/Glints2/dict_0006_0197.uasset" 10094
"../../../Engine/Content/EngineMaterials/Substrate/Glints2/dict_0006_0204.uasset" 10095
"../../../Engine/Content/EngineMaterials/Substrate/Glints2/dict_0006_0198.uasset" 10096
"../../../Engine/Content/EngineMaterials/Substrate/Glints2/dict_0006_0199.uasset" 10097
"../../../Engine/Content/EngineMaterials/Substrate/Glints2/dict_0006_0203.uasset" 10098
"../../../Engine/Content/EngineMaterials/Substrate/Glints2/dict_0006_0202.uasset" 10099
"/Engine/EngineMaterials/Substrate/Glints2/dict_0006_0194" 10100
"../../../Engine/Content/EngineMaterials/Substrate/Glints2/dict_0006_0200.uasset" 10101
"../../../Engine/Content/EngineMaterials/Substrate/Glints2/dict_0006_0201.uasset" 10102
"../../../Engine/Content/EngineMaterials/Substrate/Glints2/dict_0006_0205.uasset" 10103
"../../../Engine/Content/EngineMaterials/Substrate/Glints2/dict_0006_0206.uasset" 10104
"/Engine/EngineMaterials/Substrate/Glints2/dict_0006_0193" 10105
"/Engine/EngineMaterials/Substrate/Glints2/dict_0006_0192" 10106
"/Engine/EngineMaterials/Substrate/Glints2/dict_0006_0191" 10107
"/Engine/EngineMaterials/Substrate/Glints2/dict_0006_0190" 10108
"/Engine/EngineMaterials/Substrate/Glints2/dict_0006_0189" 10109
"/Engine/EngineMaterials/Substrate/Glints2/dict_0006_0188" 10110
"/Engine/EngineMaterials/Substrate/Glints2/dict_0006_0187" 10111
"/Engine/EngineMaterials/Substrate/Glints2/dict_0006_0186" 10112
"/Engine/EngineMaterials/Substrate/Glints2/dict_0006_0185" 10113
"/Engine/EngineMaterials/Substrate/Glints2/dict_0006_0184" 10114
"/Engine/EngineMaterials/Substrate/Glints2/dict_0006_0183" 10115
"/Engine/EngineMaterials/Substrate/Glints2/dict_0006_0182" 10116
"/Engine/EngineMaterials/Substrate/Glints2/dict_0006_0181" 10117
"/Engine/EngineMaterials/Substrate/Glints2/dict_0006_0180" 10118
"/Engine/EngineMaterials/Substrate/Glints2/dict_0006_0179" 10119
"/Engine/EngineMaterials/Substrate/Glints2/dict_0006_0178" 10120
"/Engine/EngineMaterials/Substrate/Glints2/dict_0006_0177" 10121
"/Engine/EngineMaterials/Substrate/Glints2/dict_0006_0176" 10122
"/Engine/EngineMaterials/Substrate/Glints2/dict_0006_0175" 10123
"../../../Engine/Content/EngineMaterials/Substrate/Glints2/dict_0006_0211.uasset" 10124
"../../../Engine/Content/EngineMaterials/Substrate/Glints2/dict_0006_0210.uasset" 10125
"../../../Engine/Content/EngineMaterials/Substrate/Glints2/dict_0006_0216.uasset" 10126
"../../../Engine/Content/EngineMaterials/Substrate/Glints2/dict_0006_0212.uasset" 10127
"../../../Engine/Content/EngineMaterials/Substrate/Glints2/dict_0006_0207.uasset" 10128
"../../../Engine/Content/EngineMaterials/Substrate/Glints2/dict_0006_0213.uasset" 10129
"../../../Engine/Content/EngineMaterials/Substrate/Glints2/dict_0006_0214.uasset" 10130
"/Engine/EngineMaterials/Substrate/Glints2/dict_0006_0206" 10131
"../../../Engine/Content/EngineMaterials/Substrate/Glints2/dict_0006_0219.uasset" 10132
"../../../Engine/Content/EngineMaterials/Substrate/Glints2/dict_0006_0218.uasset" 10133
"../../../Engine/Content/EngineMaterials/Substrate/Glints2/dict_0006_0220.uasset" 10134
"../../../Engine/Content/EngineMaterials/Substrate/Glints2/dict_0006_0221.uasset" 10135
"../../../Engine/Content/EngineMaterials/Substrate/Glints2/dict_0006_0208.uasset" 10136
"../../../Engine/Content/EngineMaterials/Substrate/Glints2/dict_0006_0224.uasset" 10137
"../../../Engine/Content/EngineMaterials/Substrate/Glints2/dict_0006_0222.uasset" 10138
"../../../Engine/Content/EngineMaterials/Substrate/Glints2/dict_0006_0209.uasset" 10139
"../../../Engine/Content/EngineMaterials/Substrate/Glints2/dict_0006_0225.uasset" 10140
"../../../Engine/Content/EngineMaterials/Substrate/Glints2/dict_0006_0223.uasset" 10141
"../../../Engine/Content/EngineMaterials/Substrate/Glints2/dict_0006_0215.uasset" 10142
"../../../Engine/Content/EngineMaterials/Substrate/Glints2/dict_0006_0226.uasset" 10143
"../../../Engine/Content/EngineMaterials/Substrate/Glints2/dict_0006_0217.uasset" 10144
"/Engine/EngineMaterials/Substrate/Glints2/dict_0006_0205" 10145
"/Engine/EngineMaterials/Substrate/Glints2/dict_0006_0204" 10146
"/Engine/EngineMaterials/Substrate/Glints2/dict_0006_0203" 10147
"/Engine/EngineMaterials/Substrate/Glints2/dict_0006_0202" 10148
"/Engine/EngineMaterials/Substrate/Glints2/dict_0006_0201" 10149
"/Engine/EngineMaterials/Substrate/Glints2/dict_0006_0200" 10150
"/Engine/EngineMaterials/Substrate/Glints2/dict_0006_0199" 10151
"/Engine/EngineMaterials/Substrate/Glints2/dict_0006_0198" 10152
"/Engine/EngineMaterials/Substrate/Glints2/dict_0006_0197" 10153
"/Engine/EngineMaterials/Substrate/Glints2/dict_0006_0196" 10154
"/Engine/EngineMaterials/Substrate/Glints2/dict_0006_0195" 10155
"../../../Engine/Content/EngineMaterials/Substrate/Glints2/dict_0006_0228.uasset" 10156
"../../../Engine/Content/EngineMaterials/Substrate/Glints2/dict_0006_0234.uasset" 10157
"../../../Engine/Content/EngineMaterials/Substrate/Glints2/dict_0006_0232.uasset" 10158
"../../../Engine/Content/EngineMaterials/Substrate/Glints2/dict_0006_0229.uasset" 10159
"../../../Engine/Content/EngineMaterials/Substrate/Glints2/dict_0006_0235.uasset" 10160
"../../../Engine/Content/EngineMaterials/Substrate/Glints2/dict_0006_0230.uasset" 10161
"/Engine/EngineMaterials/Substrate/Glints2/dict_0006_0226" 10162
"../../../Engine/Content/EngineMaterials/Substrate/Glints2/dict_0006_0233.uasset" 10163
"../../../Engine/Content/EngineMaterials/Substrate/Glints2/dict_0006_0238.uasset" 10164
"../../../Engine/Content/EngineMaterials/Substrate/Glints2/dict_0006_0237.uasset" 10165
"../../../Engine/Content/EngineMaterials/Substrate/Glints2/dict_0006_0236.uasset" 10166
"../../../Engine/Content/EngineMaterials/Substrate/Glints2/dict_0006_0227.uasset" 10167
"../../../Engine/Content/EngineMaterials/Substrate/Glints2/dict_0006_0231.uasset" 10168
"/Engine/EngineMaterials/Substrate/Glints2/dict_0006_0225" 10169
"/Engine/EngineMaterials/Substrate/Glints2/dict_0006_0224" 10170
"/Engine/EngineMaterials/Substrate/Glints2/dict_0006_0223" 10171
"/Engine/EngineMaterials/Substrate/Glints2/dict_0006_0222" 10172
"/Engine/EngineMaterials/Substrate/Glints2/dict_0006_0221" 10173
"/Engine/EngineMaterials/Substrate/Glints2/dict_0006_0220" 10174
"/Engine/EngineMaterials/Substrate/Glints2/dict_0006_0219" 10175
"/Engine/EngineMaterials/Substrate/Glints2/dict_0006_0218" 10176
"/Engine/EngineMaterials/Substrate/Glints2/dict_0006_0217" 10177
"/Engine/EngineMaterials/Substrate/Glints2/dict_0006_0216" 10178
"/Engine/EngineMaterials/Substrate/Glints2/dict_0006_0215" 10179
"/Engine/EngineMaterials/Substrate/Glints2/dict_0006_0214" 10180
"/Engine/EngineMaterials/Substrate/Glints2/dict_0006_0213" 10181
"/Engine/EngineMaterials/Substrate/Glints2/dict_0006_0212" 10182
"/Engine/EngineMaterials/Substrate/Glints2/dict_0006_0211" 10183
"/Engine/EngineMaterials/Substrate/Glints2/dict_0006_0210" 10184
"/Engine/EngineMaterials/Substrate/Glints2/dict_0006_0209" 10185
"/Engine/EngineMaterials/Substrate/Glints2/dict_0006_0208" 10186
"/Engine/EngineMaterials/Substrate/Glints2/dict_0006_0207" 10187
"../../../Engine/Content/EngineMaterials/Substrate/Glints2/dict_0006_0243.uasset" 10188
"../../../Engine/Content/EngineMaterials/Substrate/Glints2/dict_0006_0244.uasset" 10189
"../../../Engine/Content/EngineMaterials/Substrate/Glints2/dict_0006_0239.uasset" 10190
"../../../Engine/Content/EngineMaterials/Substrate/Glints2/dict_0006_0245.uasset" 10191
"../../../Engine/Content/EngineMaterials/Substrate/Glints2/dict_0006_0241.uasset" 10192
"../../../Engine/Content/EngineMaterials/Substrate/Glints2/dict_0006_0247.uasset" 10193
"../../../Engine/Content/EngineMaterials/Substrate/Glints2/dict_0006_0240.uasset" 10194
"../../../Engine/Content/EngineMaterials/Substrate/Glints2/dict_0006_0246.uasset" 10195
"../../../Engine/Content/EngineMaterials/Substrate/Glints2/dict_0006_0251.uasset" 10196
"../../../Engine/Content/EngineMaterials/Substrate/Glints2/dict_0006_0250.uasset" 10197
"../../../Engine/Content/EngineMaterials/Substrate/Glints2/dict_0006_0242.uasset" 10198
"../../../Engine/Content/EngineMaterials/Substrate/Glints2/dict_0006_0249.uasset" 10199
"../../../Engine/Content/EngineMaterials/Substrate/Glints2/dict_0007_0001.uasset" 10200
"../../../Engine/Content/EngineMaterials/Substrate/Glints2/dict_0007_0000.uasset" 10201
"../../../Engine/Content/EngineMaterials/Substrate/Glints2/dict_0006_0255.uasset" 10202
"../../../Engine/Content/EngineMaterials/Substrate/Glints2/dict_0006_0248.uasset" 10203
"../../../Engine/Content/EngineMaterials/Substrate/Glints2/dict_0006_0253.uasset" 10204
"/Engine/EngineMaterials/Substrate/Glints2/dict_0006_0238" 10205
"../../../Engine/Content/EngineMaterials/Substrate/Glints2/dict_0006_0254.uasset" 10206
"../../../Engine/Content/EngineMaterials/Substrate/Glints2/dict_0006_0252.uasset" 10207
"../../../Engine/Content/EngineMaterials/Substrate/Glints2/dict_0007_0002.uasset" 10208
"/Engine/EngineMaterials/Substrate/Glints2/dict_0006_0237" 10209
"/Engine/EngineMaterials/Substrate/Glints2/dict_0006_0236" 10210
"/Engine/EngineMaterials/Substrate/Glints2/dict_0006_0235" 10211
"/Engine/EngineMaterials/Substrate/Glints2/dict_0006_0234" 10212
"/Engine/EngineMaterials/Substrate/Glints2/dict_0006_0233" 10213
"/Engine/EngineMaterials/Substrate/Glints2/dict_0006_0232" 10214
"/Engine/EngineMaterials/Substrate/Glints2/dict_0006_0245" 10215
"/Engine/EngineMaterials/Substrate/Glints2/dict_0006_0244" 10216
"/Engine/EngineMaterials/Substrate/Glints2/dict_0006_0243" 10217
"/Engine/EngineMaterials/Substrate/Glints2/dict_0006_0241" 10218
"/Engine/EngineMaterials/Substrate/Glints2/dict_0006_0231" 10219
"/Engine/EngineMaterials/Substrate/Glints2/dict_0006_0230" 10220
"/Engine/EngineMaterials/Substrate/Glints2/dict_0006_0229" 10221
"/Engine/EngineMaterials/Substrate/Glints2/dict_0006_0228" 10222
"/Engine/EngineMaterials/Substrate/Glints2/dict_0006_0239" 10223
"/Engine/EngineMaterials/Substrate/Glints2/dict_0006_0227" 10224
"../../../Engine/Content/EngineMaterials/Substrate/Glints2/dict_0007_0003.uasset" 10225
"../../../Engine/Content/EngineMaterials/Substrate/Glints2/dict_0007_0011.uasset" 10226
"../../../Engine/Content/EngineMaterials/Substrate/Glints2/dict_0007_0006.uasset" 10227
"../../../Engine/Content/EngineMaterials/Substrate/Glints2/dict_0007_0012.uasset" 10228
"/Engine/EngineMaterials/Substrate/Glints2/dict_0007_0002" 10229
"../../../Engine/Content/EngineMaterials/Substrate/Glints2/dict_0007_0005.uasset" 10230
"../../../Engine/Content/EngineMaterials/Substrate/Glints2/dict_0007_0010.uasset" 10231
"../../../Engine/Content/EngineMaterials/Substrate/Glints2/dict_0007_0008.uasset" 10232
"../../../Engine/Content/EngineMaterials/Substrate/Glints2/dict_0007_0004.uasset" 10233
"../../../Engine/Content/EngineMaterials/Substrate/Glints2/dict_0007_0017.uasset" 10234
"../../../Engine/Content/EngineMaterials/Substrate/Glints2/dict_0007_0007.uasset" 10235
"../../../Engine/Content/EngineMaterials/Substrate/Glints2/dict_0007_0009.uasset" 10236
"../../../Engine/Content/EngineMaterials/Substrate/Glints2/dict_0007_0015.uasset" 10237
"../../../Engine/Content/EngineMaterials/Substrate/Glints2/dict_0007_0013.uasset" 10238
"../../../Engine/Content/EngineMaterials/Substrate/Glints2/dict_0007_0018.uasset" 10239
"../../../Engine/Content/EngineMaterials/Substrate/Glints2/dict_0007_0014.uasset" 10240
"../../../Engine/Content/EngineMaterials/Substrate/Glints2/dict_0007_0016.uasset" 10241
"../../../Engine/Content/EngineMaterials/Substrate/Glints2/dict_0007_0019.uasset" 10242
"/Engine/EngineMaterials/Substrate/Glints2/dict_0007_0001" 10243
"/Engine/EngineMaterials/Substrate/Glints2/dict_0007_0000" 10244
"/Engine/EngineMaterials/Substrate/Glints2/dict_0006_0255" 10245
"/Engine/EngineMaterials/Substrate/Glints2/dict_0006_0254" 10246
"/Engine/EngineMaterials/Substrate/Glints2/dict_0006_0253" 10247
"/Engine/EngineMaterials/Substrate/Glints2/dict_0006_0252" 10248
"/Engine/EngineMaterials/Substrate/Glints2/dict_0006_0251" 10249
"/Engine/EngineMaterials/Substrate/Glints2/dict_0006_0250" 10250
"/Engine/EngineMaterials/Substrate/Glints2/dict_0006_0249" 10251
"/Engine/EngineMaterials/Substrate/Glints2/dict_0006_0248" 10252
"/Engine/EngineMaterials/Substrate/Glints2/dict_0006_0247" 10253
"/Engine/EngineMaterials/Substrate/Glints2/dict_0006_0246" 10254
"/Engine/EngineMaterials/Substrate/Glints2/dict_0006_0242" 10255
"/Engine/EngineMaterials/Substrate/Glints2/dict_0006_0240" 10256
"../../../Engine/Content/EngineMaterials/Substrate/Glints2/dict_0007_0027.uasset" 10257
"../../../Engine/Content/EngineMaterials/Substrate/Glints2/dict_0007_0024.uasset" 10258
"../../../Engine/Content/EngineMaterials/Substrate/Glints2/dict_0007_0025.uasset" 10259
"../../../Engine/Content/EngineMaterials/Substrate/Glints2/dict_0007_0023.uasset" 10260
"/Engine/EngineMaterials/Substrate/Glints2/dict_0007_0019" 10261
"../../../Engine/Content/EngineMaterials/Substrate/Glints2/dict_0007_0022.uasset" 10262
"../../../Engine/Content/EngineMaterials/Substrate/Glints2/dict_0007_0028.uasset" 10263
"../../../Engine/Content/EngineMaterials/Substrate/Glints2/dict_0007_0030.uasset" 10264
"../../../Engine/Content/EngineMaterials/Substrate/Glints2/dict_0007_0021.uasset" 10265
"../../../Engine/Content/EngineMaterials/Substrate/Glints2/dict_0007_0031.uasset" 10266
"../../../Engine/Content/EngineMaterials/Substrate/Glints2/dict_0007_0032.uasset" 10267
"../../../Engine/Content/EngineMaterials/Substrate/Glints2/dict_0007_0020.uasset" 10268
"../../../Engine/Content/EngineMaterials/Substrate/Glints2/dict_0007_0034.uasset" 10269
"../../../Engine/Content/EngineMaterials/Substrate/Glints2/dict_0007_0029.uasset" 10270
"../../../Engine/Content/EngineMaterials/Substrate/Glints2/dict_0007_0026.uasset" 10271
"../../../Engine/Content/EngineMaterials/Substrate/Glints2/dict_0007_0033.uasset" 10272
"/Engine/EngineMaterials/Substrate/Glints2/dict_0007_0018" 10273
"/Engine/EngineMaterials/Substrate/Glints2/dict_0007_0017" 10274
"/Engine/EngineMaterials/Substrate/Glints2/dict_0007_0016" 10275
"/Engine/EngineMaterials/Substrate/Glints2/dict_0007_0015" 10276
"/Engine/EngineMaterials/Substrate/Glints2/dict_0007_0014" 10277
"/Engine/EngineMaterials/Substrate/Glints2/dict_0007_0013" 10278
"/Engine/EngineMaterials/Substrate/Glints2/dict_0007_0012" 10279
"/Engine/EngineMaterials/Substrate/Glints2/dict_0007_0011" 10280
"/Engine/EngineMaterials/Substrate/Glints2/dict_0007_0010" 10281
"/Engine/EngineMaterials/Substrate/Glints2/dict_0007_0009" 10282
"/Engine/EngineMaterials/Substrate/Glints2/dict_0007_0008" 10283
"/Engine/EngineMaterials/Substrate/Glints2/dict_0007_0007" 10284
"/Engine/EngineMaterials/Substrate/Glints2/dict_0007_0006" 10285
"/Engine/EngineMaterials/Substrate/Glints2/dict_0007_0005" 10286
"/Engine/EngineMaterials/Substrate/Glints2/dict_0007_0004" 10287
"/Engine/EngineMaterials/Substrate/Glints2/dict_0007_0003" 10288
"../../../Engine/Content/EngineMaterials/Substrate/Glints2/dict_0007_0038.uasset" 10289
"../../../Engine/Content/EngineMaterials/Substrate/Glints2/dict_0007_0040.uasset" 10290
"../../../Engine/Content/EngineMaterials/Substrate/Glints2/dict_0007_0039.uasset" 10291
"../../../Engine/Content/EngineMaterials/Substrate/Glints2/dict_0007_0036.uasset" 10292
"../../../Engine/Content/EngineMaterials/Substrate/Glints2/dict_0007_0037.uasset" 10293
"../../../Engine/Content/EngineMaterials/Substrate/Glints2/dict_0007_0042.uasset" 10294
"../../../Engine/Content/EngineMaterials/Substrate/Glints2/dict_0007_0035.uasset" 10295
"../../../Engine/Content/EngineMaterials/Substrate/Glints2/dict_0007_0047.uasset" 10296
"../../../Engine/Content/EngineMaterials/Substrate/Glints2/dict_0007_0045.uasset" 10297
"../../../Engine/Content/EngineMaterials/Substrate/Glints2/dict_0007_0046.uasset" 10298
"../../../Engine/Content/EngineMaterials/Substrate/Glints2/dict_0007_0041.uasset" 10299
"/Engine/EngineMaterials/Substrate/Glints2/dict_0007_0034" 10300
"../../../Engine/Content/EngineMaterials/Substrate/Glints2/dict_0007_0051.uasset" 10301
"../../../Engine/Content/EngineMaterials/Substrate/Glints2/dict_0007_0044.uasset" 10302
"../../../Engine/Content/EngineMaterials/Substrate/Glints2/dict_0007_0050.uasset" 10303
"../../../Engine/Content/EngineMaterials/Substrate/Glints2/dict_0007_0049.uasset" 10304
"../../../Engine/Content/EngineMaterials/Substrate/Glints2/dict_0007_0048.uasset" 10305
"../../../Engine/Content/EngineMaterials/Substrate/Glints2/dict_0007_0043.uasset" 10306
"/Engine/EngineMaterials/Substrate/Glints2/dict_0007_0033" 10307
"/Engine/EngineMaterials/Substrate/Glints2/dict_0007_0032" 10308
"/Engine/EngineMaterials/Substrate/Glints2/dict_0007_0031" 10309
"/Engine/EngineMaterials/Substrate/Glints2/dict_0007_0030" 10310
"/Engine/EngineMaterials/Substrate/Glints2/dict_0007_0029" 10311
"/Engine/EngineMaterials/Substrate/Glints2/dict_0007_0028" 10312
"/Engine/EngineMaterials/Substrate/Glints2/dict_0007_0027" 10313
"/Engine/EngineMaterials/Substrate/Glints2/dict_0007_0026" 10314
"/Engine/EngineMaterials/Substrate/Glints2/dict_0007_0025" 10315
"/Engine/EngineMaterials/Substrate/Glints2/dict_0007_0024" 10316
"/Engine/EngineMaterials/Substrate/Glints2/dict_0007_0023" 10317
"/Engine/EngineMaterials/Substrate/Glints2/dict_0007_0022" 10318
"/Engine/EngineMaterials/Substrate/Glints2/dict_0007_0021" 10319
"/Engine/EngineMaterials/Substrate/Glints2/dict_0007_0020" 10320
"../../../Engine/Content/EngineMaterials/Substrate/Glints2/dict_0007_0053.uasset" 10321
"../../../Engine/Content/EngineMaterials/Substrate/Glints2/dict_0007_0052.uasset" 10322
"../../../Engine/Content/EngineMaterials/Substrate/Glints2/dict_0007_0055.uasset" 10323
"../../../Engine/Content/EngineMaterials/Substrate/Glints2/dict_0007_0057.uasset" 10324
"../../../Engine/Content/EngineMaterials/Substrate/Glints2/dict_0007_0059.uasset" 10325
"../../../Engine/Content/EngineMaterials/Substrate/Glints2/dict_0007_0063.uasset" 10326
"/Engine/EngineMaterials/Substrate/Glints2/dict_0007_0051" 10327
"../../../Engine/Content/EngineMaterials/Substrate/Glints2/dict_0007_0056.uasset" 10328
"../../../Engine/Content/EngineMaterials/Substrate/Glints2/dict_0007_0054.uasset" 10329
"../../../Engine/Content/EngineMaterials/Substrate/Glints2/dict_0007_0061.uasset" 10330
"../../../Engine/Content/EngineMaterials/Substrate/Glints2/dict_0007_0066.uasset" 10331
"../../../Engine/Content/EngineMaterials/Substrate/Glints2/dict_0007_0062.uasset" 10332
"../../../Engine/Content/EngineMaterials/Substrate/Glints2/dict_0007_0065.uasset" 10333
"../../../Engine/Content/EngineMaterials/Substrate/Glints2/dict_0007_0060.uasset" 10334
"../../../Engine/Content/EngineMaterials/Substrate/Glints2/dict_0007_0064.uasset" 10335
"../../../Engine/Content/EngineMaterials/Substrate/Glints2/dict_0007_0058.uasset" 10336
"/Engine/EngineMaterials/Substrate/Glints2/dict_0007_0050" 10337
"/Engine/EngineMaterials/Substrate/Glints2/dict_0007_0049" 10338
"/Engine/EngineMaterials/Substrate/Glints2/dict_0007_0048" 10339
"/Engine/EngineMaterials/Substrate/Glints2/dict_0007_0047" 10340
"/Engine/EngineMaterials/Substrate/Glints2/dict_0007_0046" 10341
"/Engine/EngineMaterials/Substrate/Glints2/dict_0007_0045" 10342
"/Engine/EngineMaterials/Substrate/Glints2/dict_0007_0044" 10343
"/Engine/EngineMaterials/Substrate/Glints2/dict_0007_0043" 10344
"/Engine/EngineMaterials/Substrate/Glints2/dict_0007_0042" 10345
"/Engine/EngineMaterials/Substrate/Glints2/dict_0007_0041" 10346
"/Engine/EngineMaterials/Substrate/Glints2/dict_0007_0040" 10347
"/Engine/EngineMaterials/Substrate/Glints2/dict_0007_0039" 10348
"/Engine/EngineMaterials/Substrate/Glints2/dict_0007_0038" 10349
"/Engine/EngineMaterials/Substrate/Glints2/dict_0007_0037" 10350
"/Engine/EngineMaterials/Substrate/Glints2/dict_0007_0036" 10351
"/Engine/EngineMaterials/Substrate/Glints2/dict_0007_0035" 10352
"../../../Engine/Content/EngineMaterials/Substrate/Glints2/dict_0007_0070.uasset" 10353
"../../../Engine/Content/EngineMaterials/Substrate/Glints2/dict_0007_0072.uasset" 10354
"../../../Engine/Content/EngineMaterials/Substrate/Glints2/dict_0007_0068.uasset" 10355
"../../../Engine/Content/EngineMaterials/Substrate/Glints2/dict_0007_0077.uasset" 10356
"/Engine/EngineMaterials/Substrate/Glints2/dict_0007_0066" 10357
"../../../Engine/Content/EngineMaterials/Substrate/Glints2/dict_0007_0074.uasset" 10358
"../../../Engine/Content/EngineMaterials/Substrate/Glints2/dict_0007_0067.uasset" 10359
"../../../Engine/Content/EngineMaterials/Substrate/Glints2/dict_0007_0069.uasset" 10360
"../../../Engine/Content/EngineMaterials/Substrate/Glints2/dict_0007_0078.uasset" 10361
"../../../Engine/Content/EngineMaterials/Substrate/Glints2/dict_0007_0079.uasset" 10362
"../../../Engine/Content/EngineMaterials/Substrate/Glints2/dict_0007_0080.uasset" 10363
"../../../Engine/Content/EngineMaterials/Substrate/Glints2/dict_0007_0076.uasset" 10364
"../../../Engine/Content/EngineMaterials/Substrate/Glints2/dict_0007_0081.uasset" 10365
"../../../Engine/Content/EngineMaterials/Substrate/Glints2/dict_0007_0082.uasset" 10366
"../../../Engine/Content/EngineMaterials/Substrate/Glints2/dict_0007_0073.uasset" 10367
"../../../Engine/Content/EngineMaterials/Substrate/Glints2/dict_0007_0075.uasset" 10368
"../../../Engine/Content/EngineMaterials/Substrate/Glints2/dict_0007_0071.uasset" 10369
"../../../Engine/Content/EngineMaterials/Substrate/Glints2/dict_0007_0083.uasset" 10370
"/Engine/EngineMaterials/Substrate/Glints2/dict_0007_0065" 10371
"/Engine/EngineMaterials/Substrate/Glints2/dict_0007_0064" 10372
"/Engine/EngineMaterials/Substrate/Glints2/dict_0007_0063" 10373
"/Engine/EngineMaterials/Substrate/Glints2/dict_0007_0062" 10374
"/Engine/EngineMaterials/Substrate/Glints2/dict_0007_0061" 10375
"/Engine/EngineMaterials/Substrate/Glints2/dict_0007_0060" 10376
"/Engine/EngineMaterials/Substrate/Glints2/dict_0007_0059" 10377
"/Engine/EngineMaterials/Substrate/Glints2/dict_0007_0058" 10378
"/Engine/EngineMaterials/Substrate/Glints2/dict_0007_0057" 10379
"/Engine/EngineMaterials/Substrate/Glints2/dict_0007_0056" 10380
"/Engine/EngineMaterials/Substrate/Glints2/dict_0007_0055" 10381
"/Engine/EngineMaterials/Substrate/Glints2/dict_0007_0054" 10382
"/Engine/EngineMaterials/Substrate/Glints2/dict_0007_0053" 10383
"/Engine/EngineMaterials/Substrate/Glints2/dict_0007_0052" 10384
"/Engine/EngineMaterials/Substrate/Glints2/dict_0007_0070" 10385
"../../../Engine/Content/EngineMaterials/Substrate/Glints2/dict_0007_0088.uasset" 10386
"../../../Engine/Content/EngineMaterials/Substrate/Glints2/dict_0007_0084.uasset" 10387
"../../../Engine/Content/EngineMaterials/Substrate/Glints2/dict_0007_0085.uasset" 10388
"../../../Engine/Content/EngineMaterials/Substrate/Glints2/dict_0007_0092.uasset" 10389
"../../../Engine/Content/EngineMaterials/Substrate/Glints2/dict_0007_0093.uasset" 10390
"../../../Engine/Content/EngineMaterials/Substrate/Glints2/dict_0007_0090.uasset" 10391
"../../../Engine/Content/EngineMaterials/Substrate/Glints2/dict_0007_0086.uasset" 10392
"/Engine/EngineMaterials/Substrate/Glints2/dict_0007_0083" 10393
"../../../Engine/Content/EngineMaterials/Substrate/Glints2/dict_0007_0091.uasset" 10394
"../../../Engine/Content/EngineMaterials/Substrate/Glints2/dict_0007_0094.uasset" 10395
"../../../Engine/Content/EngineMaterials/Substrate/Glints2/dict_0007_0095.uasset" 10396
"../../../Engine/Content/EngineMaterials/Substrate/Glints2/dict_0007_0096.uasset" 10397
"../../../Engine/Content/EngineMaterials/Substrate/Glints2/dict_0007_0098.uasset" 10398
"../../../Engine/Content/EngineMaterials/Substrate/Glints2/dict_0007_0087.uasset" 10399
"../../../Engine/Content/EngineMaterials/Substrate/Glints2/dict_0007_0089.uasset" 10400
"../../../Engine/Content/EngineMaterials/Substrate/Glints2/dict_0007_0097.uasset" 10401
"../../../Engine/Content/EngineMaterials/Substrate/Glints2/dict_0007_0099.uasset" 10402
"/Engine/EngineMaterials/Substrate/Glints2/dict_0007_0082" 10403
"/Engine/EngineMaterials/Substrate/Glints2/dict_0007_0081" 10404
"/Engine/EngineMaterials/Substrate/Glints2/dict_0007_0080" 10405
"/Engine/EngineMaterials/Substrate/Glints2/dict_0007_0079" 10406
"/Engine/EngineMaterials/Substrate/Glints2/dict_0007_0078" 10407
"/Engine/EngineMaterials/Substrate/Glints2/dict_0007_0077" 10408
"/Engine/EngineMaterials/Substrate/Glints2/dict_0007_0076" 10409
"/Engine/EngineMaterials/Substrate/Glints2/dict_0007_0075" 10410
"/Engine/EngineMaterials/Substrate/Glints2/dict_0007_0074" 10411
"/Engine/EngineMaterials/Substrate/Glints2/dict_0007_0073" 10412
"/Engine/EngineMaterials/Substrate/Glints2/dict_0007_0072" 10413
"/Engine/EngineMaterials/Substrate/Glints2/dict_0007_0071" 10414
"/Engine/EngineMaterials/Substrate/Glints2/dict_0007_0069" 10415
"/Engine/EngineMaterials/Substrate/Glints2/dict_0007_0068" 10416
"/Engine/EngineMaterials/Substrate/Glints2/dict_0007_0067" 10417
"../../../Engine/Content/EngineMaterials/Substrate/Glints2/dict_0007_0105.uasset" 10418
"../../../Engine/Content/EngineMaterials/Substrate/Glints2/dict_0007_0103.uasset" 10419
"../../../Engine/Content/EngineMaterials/Substrate/Glints2/dict_0007_0106.uasset" 10420
"../../../Engine/Content/EngineMaterials/Substrate/Glints2/dict_0007_0107.uasset" 10421
"../../../Engine/Content/EngineMaterials/Substrate/Glints2/dict_0007_0102.uasset" 10422
"/Engine/EngineMaterials/Substrate/Glints2/dict_0007_0099" 10423
"../../../Engine/Content/EngineMaterials/Substrate/Glints2/dict_0007_0109.uasset" 10424
"../../../Engine/Content/EngineMaterials/Substrate/Glints2/dict_0007_0104.uasset" 10425
"../../../Engine/Content/EngineMaterials/Substrate/Glints2/dict_0007_0111.uasset" 10426
"../../../Engine/Content/EngineMaterials/Substrate/Glints2/dict_0007_0112.uasset" 10427
"../../../Engine/Content/EngineMaterials/Substrate/Glints2/dict_0007_0108.uasset" 10428
"../../../Engine/Content/EngineMaterials/Substrate/Glints2/dict_0007_0101.uasset" 10429
"../../../Engine/Content/EngineMaterials/Substrate/Glints2/dict_0007_0100.uasset" 10430
"../../../Engine/Content/EngineMaterials/Substrate/Glints2/dict_0007_0110.uasset" 10431
"../../../Engine/Content/EngineMaterials/Substrate/Glints2/dict_0007_0114.uasset" 10432
"../../../Engine/Content/EngineMaterials/Substrate/Glints2/dict_0007_0115.uasset" 10433
"../../../Engine/Content/EngineMaterials/Substrate/Glints2/dict_0007_0113.uasset" 10434
"/Engine/EngineMaterials/Substrate/Glints2/dict_0007_0098" 10435
"/Engine/EngineMaterials/Substrate/Glints2/dict_0007_0097" 10436
"/Engine/EngineMaterials/Substrate/Glints2/dict_0007_0096" 10437
"/Engine/EngineMaterials/Substrate/Glints2/dict_0007_0095" 10438
"/Engine/EngineMaterials/Substrate/Glints2/dict_0007_0094" 10439
"/Engine/EngineMaterials/Substrate/Glints2/dict_0007_0093" 10440
"/Engine/EngineMaterials/Substrate/Glints2/dict_0007_0092" 10441
"/Engine/EngineMaterials/Substrate/Glints2/dict_0007_0091" 10442
"/Engine/EngineMaterials/Substrate/Glints2/dict_0007_0090" 10443
"/Engine/EngineMaterials/Substrate/Glints2/dict_0007_0089" 10444
"/Engine/EngineMaterials/Substrate/Glints2/dict_0007_0088" 10445
"/Engine/EngineMaterials/Substrate/Glints2/dict_0007_0087" 10446
"/Engine/EngineMaterials/Substrate/Glints2/dict_0007_0086" 10447
"/Engine/EngineMaterials/Substrate/Glints2/dict_0007_0085" 10448
"/Engine/EngineMaterials/Substrate/Glints2/dict_0007_0084" 10449
"../../../Engine/Content/EngineMaterials/Substrate/Glints2/dict_0007_0118.uasset" 10450
"../../../Engine/Content/EngineMaterials/Substrate/Glints2/dict_0007_0117.uasset" 10451
"../../../Engine/Content/EngineMaterials/Substrate/Glints2/dict_0007_0120.uasset" 10452
"../../../Engine/Content/EngineMaterials/Substrate/Glints2/dict_0007_0119.uasset" 10453
"../../../Engine/Content/EngineMaterials/Substrate/Glints2/dict_0007_0116.uasset" 10454
"../../../Engine/Content/EngineMaterials/Substrate/Glints2/dict_0007_0123.uasset" 10455
"/Engine/EngineMaterials/Substrate/Glints2/dict_0007_0115" 10456
"../../../Engine/Content/EngineMaterials/Substrate/Glints2/dict_0007_0124.uasset" 10457
"../../../Engine/Content/EngineMaterials/Substrate/Glints2/dict_0007_0127.uasset" 10458
"../../../Engine/Content/EngineMaterials/Substrate/Glints2/dict_0007_0126.uasset" 10459
"../../../Engine/Content/EngineMaterials/Substrate/Glints2/dict_0007_0129.uasset" 10460
"../../../Engine/Content/EngineMaterials/Substrate/Glints2/dict_0007_0130.uasset" 10461
"../../../Engine/Content/EngineMaterials/Substrate/Glints2/dict_0007_0128.uasset" 10462
"../../../Engine/Content/EngineMaterials/Substrate/Glints2/dict_0007_0131.uasset" 10463
"../../../Engine/Content/EngineMaterials/Substrate/Glints2/dict_0007_0125.uasset" 10464
"../../../Engine/Content/EngineMaterials/Substrate/Glints2/dict_0007_0122.uasset" 10465
"../../../Engine/Content/EngineMaterials/Substrate/Glints2/dict_0007_0121.uasset" 10466
"/Engine/EngineMaterials/Substrate/Glints2/dict_0007_0114" 10467
"/Engine/EngineMaterials/Substrate/Glints2/dict_0007_0113" 10468
"/Engine/EngineMaterials/Substrate/Glints2/dict_0007_0112" 10469
"/Engine/EngineMaterials/Substrate/Glints2/dict_0007_0111" 10470
"/Engine/EngineMaterials/Substrate/Glints2/dict_0007_0110" 10471
"/Engine/EngineMaterials/Substrate/Glints2/dict_0007_0109" 10472
"/Engine/EngineMaterials/Substrate/Glints2/dict_0007_0108" 10473
"/Engine/EngineMaterials/Substrate/Glints2/dict_0007_0107" 10474
"/Engine/EngineMaterials/Substrate/Glints2/dict_0007_0106" 10475
"/Engine/EngineMaterials/Substrate/Glints2/dict_0007_0105" 10476
"/Engine/EngineMaterials/Substrate/Glints2/dict_0007_0104" 10477
"/Engine/EngineMaterials/Substrate/Glints2/dict_0007_0103" 10478
"/Engine/EngineMaterials/Substrate/Glints2/dict_0007_0102" 10479
"/Engine/EngineMaterials/Substrate/Glints2/dict_0007_0101" 10480
"/Engine/EngineMaterials/Substrate/Glints2/dict_0007_0100" 10481
"../../../Engine/Content/EngineMaterials/Substrate/Glints2/dict_0007_0137.uasset" 10482
"../../../Engine/Content/EngineMaterials/Substrate/Glints2/dict_0007_0138.uasset" 10483
"../../../Engine/Content/EngineMaterials/Substrate/Glints2/dict_0007_0136.uasset" 10484
"../../../Engine/Content/EngineMaterials/Substrate/Glints2/dict_0007_0135.uasset" 10485
"/Engine/EngineMaterials/Substrate/Glints2/dict_0007_0131" 10486
"../../../Engine/Content/EngineMaterials/Substrate/Glints2/dict_0007_0132.uasset" 10487
"../../../Engine/Content/EngineMaterials/Substrate/Glints2/dict_0007_0139.uasset" 10488
"../../../Engine/Content/EngineMaterials/Substrate/Glints2/dict_0007_0133.uasset" 10489
"../../../Engine/Content/EngineMaterials/Substrate/Glints2/dict_0007_0141.uasset" 10490
"../../../Engine/Content/EngineMaterials/Substrate/Glints2/dict_0007_0145.uasset" 10491
"../../../Engine/Content/EngineMaterials/Substrate/Glints2/dict_0007_0146.uasset" 10492
"../../../Engine/Content/EngineMaterials/Substrate/Glints2/dict_0007_0140.uasset" 10493
"../../../Engine/Content/EngineMaterials/Substrate/Glints2/dict_0007_0147.uasset" 10494
"../../../Engine/Content/EngineMaterials/Substrate/Glints2/dict_0007_0134.uasset" 10495
"../../../Engine/Content/EngineMaterials/Substrate/Glints2/dict_0007_0143.uasset" 10496
"../../../Engine/Content/EngineMaterials/Substrate/Glints2/dict_0007_0144.uasset" 10497
"../../../Engine/Content/EngineMaterials/Substrate/Glints2/dict_0007_0142.uasset" 10498
"/Engine/EngineMaterials/Substrate/Glints2/dict_0007_0130" 10499
"/Engine/EngineMaterials/Substrate/Glints2/dict_0007_0129" 10500
"/Engine/EngineMaterials/Substrate/Glints2/dict_0007_0128" 10501
"/Engine/EngineMaterials/Substrate/Glints2/dict_0007_0127" 10502
"/Engine/EngineMaterials/Substrate/Glints2/dict_0007_0126" 10503
"/Engine/EngineMaterials/Substrate/Glints2/dict_0007_0125" 10504
"/Engine/EngineMaterials/Substrate/Glints2/dict_0007_0124" 10505
"/Engine/EngineMaterials/Substrate/Glints2/dict_0007_0123" 10506
"/Engine/EngineMaterials/Substrate/Glints2/dict_0007_0122" 10507
"/Engine/EngineMaterials/Substrate/Glints2/dict_0007_0121" 10508
"/Engine/EngineMaterials/Substrate/Glints2/dict_0007_0120" 10509
"/Engine/EngineMaterials/Substrate/Glints2/dict_0007_0119" 10510
"/Engine/EngineMaterials/Substrate/Glints2/dict_0007_0118" 10511
"/Engine/EngineMaterials/Substrate/Glints2/dict_0007_0117" 10512
"/Engine/EngineMaterials/Substrate/Glints2/dict_0007_0116" 10513
"../../../Engine/Content/EngineMaterials/Substrate/Glints2/dict_0007_0151.uasset" 10514
"../../../Engine/Content/EngineMaterials/Substrate/Glints2/dict_0007_0150.uasset" 10515
"../../../Engine/Content/EngineMaterials/Substrate/Glints2/dict_0007_0149.uasset" 10516
"../../../Engine/Content/EngineMaterials/Substrate/Glints2/dict_0007_0155.uasset" 10517
"../../../Engine/Content/EngineMaterials/Substrate/Glints2/dict_0007_0154.uasset" 10518
"../../../Engine/Content/EngineMaterials/Substrate/Glints2/dict_0007_0156.uasset" 10519
"../../../Engine/Content/EngineMaterials/Substrate/Glints2/dict_0007_0158.uasset" 10520
"../../../Engine/Content/EngineMaterials/Substrate/Glints2/dict_0007_0159.uasset" 10521
"../../../Engine/Content/EngineMaterials/Substrate/Glints2/dict_0007_0157.uasset" 10522
"../../../Engine/Content/EngineMaterials/Substrate/Glints2/dict_0007_0148.uasset" 10523
"../../../Engine/Content/EngineMaterials/Substrate/Glints2/dict_0007_0163.uasset" 10524
"../../../Engine/Content/EngineMaterials/Substrate/Glints2/dict_0007_0153.uasset" 10525
"../../../Engine/Content/EngineMaterials/Substrate/Glints2/dict_0007_0162.uasset" 10526
"../../../Engine/Content/EngineMaterials/Substrate/Glints2/dict_0007_0161.uasset" 10527
"/Engine/EngineMaterials/Substrate/Glints2/dict_0007_0147" 10528
"../../../Engine/Content/EngineMaterials/Substrate/Glints2/dict_0007_0160.uasset" 10529
"../../../Engine/Content/EngineMaterials/Substrate/Glints2/dict_0007_0152.uasset" 10530
"/Engine/EngineMaterials/Substrate/Glints2/dict_0007_0146" 10531
"/Engine/EngineMaterials/Substrate/Glints2/dict_0007_0145" 10532
"/Engine/EngineMaterials/Substrate/Glints2/dict_0007_0144" 10533
"/Engine/EngineMaterials/Substrate/Glints2/dict_0007_0143" 10534
"/Engine/EngineMaterials/Substrate/Glints2/dict_0007_0142" 10535
"/Engine/EngineMaterials/Substrate/Glints2/dict_0007_0141" 10536
"/Engine/EngineMaterials/Substrate/Glints2/dict_0007_0140" 10537
"/Engine/EngineMaterials/Substrate/Glints2/dict_0007_0139" 10538
"/Engine/EngineMaterials/Substrate/Glints2/dict_0007_0138" 10539
"/Engine/EngineMaterials/Substrate/Glints2/dict_0007_0137" 10540
"/Engine/EngineMaterials/Substrate/Glints2/dict_0007_0136" 10541
"/Engine/EngineMaterials/Substrate/Glints2/dict_0007_0135" 10542
"/Engine/EngineMaterials/Substrate/Glints2/dict_0007_0134" 10543
"/Engine/EngineMaterials/Substrate/Glints2/dict_0007_0133" 10544
"/Engine/EngineMaterials/Substrate/Glints2/dict_0007_0132" 10545
"../../../Engine/Content/EngineMaterials/Substrate/Glints2/dict_0007_0171.uasset" 10546
"../../../Engine/Content/EngineMaterials/Substrate/Glints2/dict_0007_0165.uasset" 10547
"../../../Engine/Content/EngineMaterials/Substrate/Glints2/dict_0007_0166.uasset" 10548
"../../../Engine/Content/EngineMaterials/Substrate/Glints2/dict_0007_0164.uasset" 10549
"../../../Engine/Content/EngineMaterials/Substrate/Glints2/dict_0007_0172.uasset" 10550
"../../../Engine/Content/EngineMaterials/Substrate/Glints2/dict_0007_0167.uasset" 10551
"../../../Engine/Content/EngineMaterials/Substrate/Glints2/dict_0007_0169.uasset" 10552
"../../../Engine/Content/EngineMaterials/Substrate/Glints2/dict_0007_0168.uasset" 10553
"../../../Engine/Content/EngineMaterials/Substrate/Glints2/dict_0007_0170.uasset" 10554
"../../../Engine/Content/EngineMaterials/Substrate/Glints2/dict_0007_0177.uasset" 10555
"../../../Engine/Content/EngineMaterials/Substrate/Glints2/dict_0007_0178.uasset" 10556
"/Engine/EngineMaterials/Substrate/Glints2/dict_0007_0163" 10557
"../../../Engine/Content/EngineMaterials/Substrate/Glints2/dict_0007_0173.uasset" 10558
"../../../Engine/Content/EngineMaterials/Substrate/Glints2/dict_0007_0174.uasset" 10559
"../../../Engine/Content/EngineMaterials/Substrate/Glints2/dict_0007_0175.uasset" 10560
"../../../Engine/Content/EngineMaterials/Substrate/Glints2/dict_0007_0176.uasset" 10561
"../../../Engine/Content/EngineMaterials/Substrate/Glints2/dict_0007_0179.uasset" 10562
"/Engine/EngineMaterials/Substrate/Glints2/dict_0007_0162" 10563
"/Engine/EngineMaterials/Substrate/Glints2/dict_0007_0161" 10564
"/Engine/EngineMaterials/Substrate/Glints2/dict_0007_0160" 10565
"/Engine/EngineMaterials/Substrate/Glints2/dict_0007_0159" 10566
"/Engine/EngineMaterials/Substrate/Glints2/dict_0007_0158" 10567
"/Engine/EngineMaterials/Substrate/Glints2/dict_0007_0157" 10568
"/Engine/EngineMaterials/Substrate/Glints2/dict_0007_0156" 10569
"/Engine/EngineMaterials/Substrate/Glints2/dict_0007_0155" 10570
"/Engine/EngineMaterials/Substrate/Glints2/dict_0007_0154" 10571
"/Engine/EngineMaterials/Substrate/Glints2/dict_0007_0153" 10572
"/Engine/EngineMaterials/Substrate/Glints2/dict_0007_0152" 10573
"/Engine/EngineMaterials/Substrate/Glints2/dict_0007_0151" 10574
"/Engine/EngineMaterials/Substrate/Glints2/dict_0007_0150" 10575
"/Engine/EngineMaterials/Substrate/Glints2/dict_0007_0149" 10576
"/Engine/EngineMaterials/Substrate/Glints2/dict_0007_0148" 10577
"../../../Engine/Content/EngineMaterials/Substrate/Glints2/dict_0007_0184.uasset" 10578
"../../../Engine/Content/EngineMaterials/Substrate/Glints2/dict_0007_0187.uasset" 10579
"../../../Engine/Content/EngineMaterials/Substrate/Glints2/dict_0007_0183.uasset" 10580
"../../../Engine/Content/EngineMaterials/Substrate/Glints2/dict_0007_0182.uasset" 10581
"../../../Engine/Content/EngineMaterials/Substrate/Glints2/dict_0007_0188.uasset" 10582
"../../../Engine/Content/EngineMaterials/Substrate/Glints2/dict_0007_0185.uasset" 10583
"../../../Engine/Content/EngineMaterials/Substrate/Glints2/dict_0007_0189.uasset" 10584
"../../../Engine/Content/EngineMaterials/Substrate/Glints2/dict_0007_0192.uasset" 10585
"../../../Engine/Content/EngineMaterials/Substrate/Glints2/dict_0007_0190.uasset" 10586
"../../../Engine/Content/EngineMaterials/Substrate/Glints2/dict_0007_0191.uasset" 10587
"../../../Engine/Content/EngineMaterials/Substrate/Glints2/dict_0007_0180.uasset" 10588
"../../../Engine/Content/EngineMaterials/Substrate/Glints2/dict_0007_0186.uasset" 10589
"../../../Engine/Content/EngineMaterials/Substrate/Glints2/dict_0007_0194.uasset" 10590
"../../../Engine/Content/EngineMaterials/Substrate/Glints2/dict_0007_0195.uasset" 10591
"/Engine/EngineMaterials/Substrate/Glints2/dict_0007_0179" 10592
"../../../Engine/Content/EngineMaterials/Substrate/Glints2/dict_0007_0181.uasset" 10593
"../../../Engine/Content/EngineMaterials/Substrate/Glints2/dict_0007_0193.uasset" 10594
"/Engine/EngineMaterials/Substrate/Glints2/dict_0007_0178" 10595
"/Engine/EngineMaterials/Substrate/Glints2/dict_0007_0177" 10596
"/Engine/EngineMaterials/Substrate/Glints2/dict_0007_0176" 10597
"/Engine/EngineMaterials/Substrate/Glints2/dict_0007_0175" 10598
"/Engine/EngineMaterials/Substrate/Glints2/dict_0007_0174" 10599
"/Engine/EngineMaterials/Substrate/Glints2/dict_0007_0173" 10600
"/Engine/EngineMaterials/Substrate/Glints2/dict_0007_0172" 10601
"/Engine/EngineMaterials/Substrate/Glints2/dict_0007_0171" 10602
"/Engine/EngineMaterials/Substrate/Glints2/dict_0007_0170" 10603
"/Engine/EngineMaterials/Substrate/Glints2/dict_0007_0169" 10604
"/Engine/EngineMaterials/Substrate/Glints2/dict_0007_0168" 10605
"/Engine/EngineMaterials/Substrate/Glints2/dict_0007_0167" 10606
"/Engine/EngineMaterials/Substrate/Glints2/dict_0007_0166" 10607
"/Engine/EngineMaterials/Substrate/Glints2/dict_0007_0165" 10608
"/Engine/EngineMaterials/Substrate/Glints2/dict_0007_0164" 10609
"../../../Engine/Content/EngineMaterials/Substrate/Glints2/dict_0007_0199.uasset" 10610
"../../../Engine/Content/EngineMaterials/Substrate/Glints2/dict_0007_0201.uasset" 10611
"../../../Engine/Content/EngineMaterials/Substrate/Glints2/dict_0007_0204.uasset" 10612
"../../../Engine/Content/EngineMaterials/Substrate/Glints2/dict_0007_0200.uasset" 10613
"../../../Engine/Content/EngineMaterials/Substrate/Glints2/dict_0007_0203.uasset" 10614
"../../../Engine/Content/EngineMaterials/Substrate/Glints2/dict_0007_0202.uasset" 10615
"../../../Engine/Content/EngineMaterials/Substrate/Glints2/dict_0007_0206.uasset" 10616
"/Engine/EngineMaterials/Substrate/Glints2/dict_0007_0195" 10617
"../../../Engine/Content/EngineMaterials/Substrate/Glints2/dict_0007_0205.uasset" 10618
"../../../Engine/Content/EngineMaterials/Substrate/Glints2/dict_0007_0208.uasset" 10619
"../../../Engine/Content/EngineMaterials/Substrate/Glints2/dict_0007_0210.uasset" 10620
"../../../Engine/Content/EngineMaterials/Substrate/Glints2/dict_0007_0207.uasset" 10621
"../../../Engine/Content/EngineMaterials/Substrate/Glints2/dict_0007_0197.uasset" 10622
"../../../Engine/Content/EngineMaterials/Substrate/Glints2/dict_0007_0198.uasset" 10623
"../../../Engine/Content/EngineMaterials/Substrate/Glints2/dict_0007_0211.uasset" 10624
"../../../Engine/Content/EngineMaterials/Substrate/Glints2/dict_0007_0196.uasset" 10625
"../../../Engine/Content/EngineMaterials/Substrate/Glints2/dict_0007_0209.uasset" 10626
"/Engine/EngineMaterials/Substrate/Glints2/dict_0007_0194" 10627
"/Engine/EngineMaterials/Substrate/Glints2/dict_0007_0193" 10628
"/Engine/EngineMaterials/Substrate/Glints2/dict_0007_0192" 10629
"/Engine/EngineMaterials/Substrate/Glints2/dict_0007_0191" 10630
"/Engine/EngineMaterials/Substrate/Glints2/dict_0007_0190" 10631
"/Engine/EngineMaterials/Substrate/Glints2/dict_0007_0189" 10632
"/Engine/EngineMaterials/Substrate/Glints2/dict_0007_0188" 10633
"/Engine/EngineMaterials/Substrate/Glints2/dict_0007_0187" 10634
"/Engine/EngineMaterials/Substrate/Glints2/dict_0007_0186" 10635
"/Engine/EngineMaterials/Substrate/Glints2/dict_0007_0185" 10636
"/Engine/EngineMaterials/Substrate/Glints2/dict_0007_0184" 10637
"/Engine/EngineMaterials/Substrate/Glints2/dict_0007_0183" 10638
"/Engine/EngineMaterials/Substrate/Glints2/dict_0007_0182" 10639
"/Engine/EngineMaterials/Substrate/Glints2/dict_0007_0181" 10640
"/Engine/EngineMaterials/Substrate/Glints2/dict_0007_0180" 10641
"../../../Engine/Content/EngineMaterials/Substrate/Glints2/dict_0007_0212.uasset" 10642
"../../../Engine/Content/EngineMaterials/Substrate/Glints2/dict_0007_0219.uasset" 10643
"../../../Engine/Content/EngineMaterials/Substrate/Glints2/dict_0007_0220.uasset" 10644
"../../../Engine/Content/EngineMaterials/Substrate/Glints2/dict_0007_0214.uasset" 10645
"../../../Engine/Content/EngineMaterials/Substrate/Glints2/dict_0007_0221.uasset" 10646
"../../../Engine/Content/EngineMaterials/Substrate/Glints2/dict_0007_0216.uasset" 10647
"../../../Engine/Content/EngineMaterials/Substrate/Glints2/dict_0007_0222.uasset" 10648
"../../../Engine/Content/EngineMaterials/Substrate/Glints2/dict_0007_0218.uasset" 10649
"../../../Engine/Content/EngineMaterials/Substrate/Glints2/dict_0007_0223.uasset" 10650
"../../../Engine/Content/EngineMaterials/Substrate/Glints2/dict_0007_0213.uasset" 10651
"../../../Engine/Content/EngineMaterials/Substrate/Glints2/dict_0007_0224.uasset" 10652
"../../../Engine/Content/EngineMaterials/Substrate/Glints2/dict_0007_0227.uasset" 10653
"../../../Engine/Content/EngineMaterials/Substrate/Glints2/dict_0007_0217.uasset" 10654
"../../../Engine/Content/EngineMaterials/Substrate/Glints2/dict_0007_0225.uasset" 10655
"/Engine/EngineMaterials/Substrate/Glints2/dict_0007_0211" 10656
"../../../Engine/Content/EngineMaterials/Substrate/Glints2/dict_0007_0215.uasset" 10657
"../../../Engine/Content/EngineMaterials/Substrate/Glints2/dict_0007_0226.uasset" 10658
"/Engine/EngineMaterials/Substrate/Glints2/dict_0007_0210" 10659
"/Engine/EngineMaterials/Substrate/Glints2/dict_0007_0209" 10660
"/Engine/EngineMaterials/Substrate/Glints2/dict_0007_0208" 10661
"/Engine/EngineMaterials/Substrate/Glints2/dict_0007_0207" 10662
"/Engine/EngineMaterials/Substrate/Glints2/dict_0007_0206" 10663
"/Engine/EngineMaterials/Substrate/Glints2/dict_0007_0205" 10664
"/Engine/EngineMaterials/Substrate/Glints2/dict_0007_0204" 10665
"/Engine/EngineMaterials/Substrate/Glints2/dict_0007_0203" 10666
"/Engine/EngineMaterials/Substrate/Glints2/dict_0007_0202" 10667
"/Engine/EngineMaterials/Substrate/Glints2/dict_0007_0201" 10668
"/Engine/EngineMaterials/Substrate/Glints2/dict_0007_0200" 10669
"/Engine/EngineMaterials/Substrate/Glints2/dict_0007_0199" 10670
"/Engine/EngineMaterials/Substrate/Glints2/dict_0007_0198" 10671
"/Engine/EngineMaterials/Substrate/Glints2/dict_0007_0197" 10672
"/Engine/EngineMaterials/Substrate/Glints2/dict_0007_0196" 10673
"../../../Engine/Content/EngineMaterials/Substrate/Glints2/dict_0007_0233.uasset" 10674
"../../../Engine/Content/EngineMaterials/Substrate/Glints2/dict_0007_0230.uasset" 10675
"../../../Engine/Content/EngineMaterials/Substrate/Glints2/dict_0007_0228.uasset" 10676
"../../../Engine/Content/EngineMaterials/Substrate/Glints2/dict_0007_0237.uasset" 10677
"../../../Engine/Content/EngineMaterials/Substrate/Glints2/dict_0007_0231.uasset" 10678
"../../../Engine/Content/EngineMaterials/Substrate/Glints2/dict_0007_0234.uasset" 10679
"../../../Engine/Content/EngineMaterials/Substrate/Glints2/dict_0007_0238.uasset" 10680
"../../../Engine/Content/EngineMaterials/Substrate/Glints2/dict_0007_0239.uasset" 10681
"/Engine/EngineMaterials/Substrate/Glints2/dict_0007_0227" 10682
"../../../Engine/Content/EngineMaterials/Substrate/Glints2/dict_0007_0241.uasset" 10683
"../../../Engine/Content/EngineMaterials/Substrate/Glints2/dict_0007_0236.uasset" 10684
"../../../Engine/Content/EngineMaterials/Substrate/Glints2/dict_0007_0243.uasset" 10685
"../../../Engine/Content/EngineMaterials/Substrate/Glints2/dict_0007_0242.uasset" 10686
"../../../Engine/Content/EngineMaterials/Substrate/Glints2/dict_0007_0232.uasset" 10687
"../../../Engine/Content/EngineMaterials/Substrate/Glints2/dict_0007_0235.uasset" 10688
"../../../Engine/Content/EngineMaterials/Substrate/Glints2/dict_0007_0229.uasset" 10689
"../../../Engine/Content/EngineMaterials/Substrate/Glints2/dict_0007_0240.uasset" 10690
"/Engine/EngineMaterials/Substrate/Glints2/dict_0007_0226" 10691
"/Engine/EngineMaterials/Substrate/Glints2/dict_0007_0225" 10692
"/Engine/EngineMaterials/Substrate/Glints2/dict_0007_0224" 10693
"/Engine/EngineMaterials/Substrate/Glints2/dict_0007_0223" 10694
"/Engine/EngineMaterials/Substrate/Glints2/dict_0007_0222" 10695
"/Engine/EngineMaterials/Substrate/Glints2/dict_0007_0221" 10696
"/Engine/EngineMaterials/Substrate/Glints2/dict_0007_0220" 10697
"/Engine/EngineMaterials/Substrate/Glints2/dict_0007_0219" 10698
"/Engine/EngineMaterials/Substrate/Glints2/dict_0007_0218" 10699
"/Engine/EngineMaterials/Substrate/Glints2/dict_0007_0217" 10700
"/Engine/EngineMaterials/Substrate/Glints2/dict_0007_0216" 10701
"/Engine/EngineMaterials/Substrate/Glints2/dict_0007_0215" 10702
"/Engine/EngineMaterials/Substrate/Glints2/dict_0007_0214" 10703
"/Engine/EngineMaterials/Substrate/Glints2/dict_0007_0213" 10704
"/Engine/EngineMaterials/Substrate/Glints2/dict_0007_0212" 10705
"../../../Engine/Content/EngineMaterials/Substrate/Glints2/dict_0007_0244.uasset" 10706
"../../../Engine/Content/EngineMaterials/Substrate/Glints2/dict_0007_0251.uasset" 10707
"../../../Engine/Content/EngineMaterials/Substrate/Glints2/dict_0007_0252.uasset" 10708
"../../../Engine/Content/EngineMaterials/Substrate/Glints2/dict_0007_0249.uasset" 10709
"/Engine/EngineMaterials/Substrate/Glints2/dict_0007_0243" 10710
"../../../Engine/Content/EngineMaterials/Substrate/Glints2/dict_0007_0246.uasset" 10711
"../../../Engine/Content/EngineMaterials/Substrate/Glints2/dict_0007_0248.uasset" 10712
"../../../Engine/Content/EngineMaterials/Substrate/Glints2/dict_0007_0253.uasset" 10713
"../../../Engine/Content/EngineMaterials/Substrate/Glints2/dict_0007_0254.uasset" 10714
"../../../Engine/Content/EngineMaterials/Substrate/Volume/SubstrateSimpleVolumeLUT2D.uasset" 10715
"../../../Engine/Content/EngineMaterials/Substrate/Glints2/dict_0007_0255.uasset" 10716
"../../../Engine/Content/EngineMaterials/Substrate/Glints2/dict_0007_0247.uasset" 10717
"../../../Engine/Content/EngineMaterials/Substrate/Volume/SubstrateSimpleVolumeLUT3D.uasset" 10718
"../../../Engine/Content/EngineMaterials/Substrate/Glints2/dict_0007_0250.uasset" 10719
"../../../Engine/Content/EngineMaterials/Substrate/Glints2/AGlintTex2dArray2.uasset" 10720
"../../../Engine/Content/EngineMaterials/Substrate/Volume/SubstrateSimpleVolumeEnvLUT2D.uasset" 10721
"../../../Engine/Content/EngineMaterials/Substrate/Glints2/dict_0007_0245.uasset" 10722
"/Engine/EngineMaterials/Substrate/Glints2/dict_0007_0242" 10723
"/Engine/EngineMaterials/Substrate/Glints2/dict_0007_0241" 10724
"/Engine/EngineMaterials/Substrate/Glints2/dict_0007_0240" 10725
"/Engine/EngineMaterials/Substrate/Glints2/dict_0007_0239" 10726
"/Engine/EngineMaterials/Substrate/Glints2/dict_0007_0238" 10727
"/Engine/EngineMaterials/Substrate/Glints2/dict_0007_0237" 10728
"/Engine/EngineMaterials/Substrate/Glints2/dict_0007_0236" 10729
"/Engine/EngineMaterials/Substrate/Glints2/dict_0007_0235" 10730
"/Engine/EngineMaterials/Substrate/Glints2/dict_0007_0234" 10731
"/Engine/EngineMaterials/Substrate/Glints2/dict_0007_0233" 10732
"/Engine/EngineMaterials/Substrate/Glints2/dict_0007_0232" 10733
"/Engine/EngineMaterials/Substrate/Glints2/dict_0007_0231" 10734
"/Engine/EngineMaterials/Substrate/Glints2/dict_0007_0230" 10735
"/Engine/EngineMaterials/Substrate/Glints2/dict_0007_0229" 10736
"/Engine/EngineMaterials/Substrate/Glints2/dict_0007_0228" 10737
"../../../Engine/Content/EngineMaterials/Substrate/Volume/SubstrateSimpleVolumeEnvLUT3D.uasset" 10738
"../../../Engine/Content/EngineMaterials/PPM_DefaultCalibrationColor.uasset" 10739
"../../../Engine/Content/EngineMaterials/PPM_DefaultCalibrationGrayscale.uasset" 10740
"../../../Engine/Content/MobileResources/HUD/DefaultVirtualJoysticks.uasset" 10741
"../../../Engine/Content/EngineMaterials/DefaultCalibrationColor.uasset" 10742
"../../../Engine/Content/EngineMaterials/DefaultCalibrationGrayscale.uasset" 10743
"../../../Engine/Plugins/Interchange/Assets/Content/Functions/MX_Surface.uasset" 10744
"../../../Engine/Content/MobileResources/HUD/VirtualJoystick_Thumb.uasset" 10745
"../../../Engine/Content/Functions/Engine_MaterialFunctions03/Procedurals/HeightToNormalSmooth.uasset" 10746
"/Engine/EngineMaterials/Substrate/Volume/SubstrateSimpleVolumeEnvLUT2D" 10747
"../../../Engine/Content/MobileResources/HUD/VirtualJoystick_Background.uasset" 10748
"../../../Engine/Content/Functions/MaterialLayerFunctions/MatLayerBlend_OverrideOpacity.uasset" 10749
"../../../Engine/Content/Functions/Engine_MaterialFunctions02/Utility/BlendAngleCorrectedNormals.uasset" 10750
"../../../Engine/Plugins/Interchange/Assets/Content/Functions/MX_Displacement.uasset" 10751
"D:/ProgrammazioneAvanzata/ImpetusFirstLevel/Content/Player/Mannequins/Meshes/SK_Mannequin.uasset" 10752
"/Engine/EngineMaterials/Substrate/Volume/SubstrateSimpleVolumeLUT3D" 10753
"/Engine/EngineMaterials/Substrate/Glints2/AGlintTex2dArray2" 10754
"/Engine/EngineMaterials/Substrate/Volume/SubstrateSimpleVolumeEnvLUT3D" 10755
"/Game/Player/Mannequins/Meshes/SK_Mannequin" 10756
"/InterchangeAssets/Functions/MX_Displacement" 10757
"/InterchangeAssets/Functions/MX_Surface" 10758
"/Engine/EngineMaterials/PPM_DefaultCalibrationGrayscale" 10759
"/Engine/EngineMaterials/PPM_DefaultCalibrationColor" 10760
"/Engine/MobileResources/HUD/DefaultVirtualJoysticks" 10761
"../../../Engine/Plugins/NNE/NNEDenoiser/Content/NNEDIM_ColorAlbedoNormal_Alpha.uasset" 10762
"../../../Engine/Plugins/NNE/NNEDenoiser/Content/NNEDIM_ColorAlbedoNormal_Default.uasset" 10763
"../../../Engine/Plugins/NNE/NNEDenoiser/Content/NNEDIM_HighQuality_Alpha.uasset" 10764
"../../../Engine/Plugins/NNE/NNEDenoiser/Content/NNEDIM_HighQuality_Default.uasset" 10765
"../../../Engine/Plugins/NNE/NNEDenoiser/Content/NNEDOM_Output_Alpha.uasset" 10766
"../../../Engine/Plugins/NNE/NNEDenoiser/Content/NNEDOM_Output_Default.uasset" 10767
"../../../Engine/Plugins/NNE/NNEDenoiser/Content/NNEDTOM_Output_Alpha.uasset" 10768
"../../../Engine/Plugins/NNE/NNEDenoiser/Content/NNEDTOM_Output_Default.uasset" 10769
"../../../Engine/Plugins/NNE/NNEDenoiser/Content/NNEDT_Oidn2-3_Balanced.uasset" 10770
"../../../Engine/Plugins/NNE/NNEDenoiser/Content/NNEDT_Oidn2-3_Balanced_Alpha.uasset" 10771
"../../../Engine/Plugins/NNE/NNEDenoiser/Content/NNEDTIM_ColorAlbedoNormal_Alpha.uasset" 10772
"../../../Engine/Plugins/NNE/NNEDenoiser/Content/NNED_Oidn2-3_Balanced_Alpha.uasset" 10773
"../../../Engine/Plugins/NNE/NNEDenoiser/Content/NNED_Oidn2-3_Fast.uasset" 10774
"../../../Engine/Plugins/NNE/NNEDenoiser/Content/NNED_Oidn2-3_Balanced.uasset" 10775
"../../../Engine/Plugins/NNE/NNEDenoiser/Content/NNED_Oidn2-3_Fast_Alpha.uasset" 10776
"../../../Engine/Plugins/NNE/NNEDenoiser/Content/NNEDTIM_ColorAlbedoNormal_Default.uasset" 10777
"../../../Engine/Plugins/NNE/NNEDenoiser/Content/NNED_Oidn2-3_HighQuality_Alpha.uasset" 10778
"../../../Engine/Plugins/NNE/NNEDenoiser/Content/NNE_oidn2-3-0_rt_hdr_alb_nrm__dyn__fp16_opset11_DenoiseAlpha.uasset" 10779
"../../../Engine/Plugins/NNE/NNEDenoiser/Content/NNE_oidn2-3-0_rt_hdr_alb_nrm_small__dyn__fp16_opset11_ForwardAlpha.uasset" 10780
"../../../Engine/Plugins/NNE/NNEDenoiser/Content/NNED_Oidn2-3_HighQuality.uasset" 10781
"../../../Engine/Plugins/NNE/NNEDenoiser/Content/NNE_oidn2-3-0_rt_hdr_alb_nrm_small__dyn__fp16_opset11_DenoiseAlpha.uasset" 10782
"../../../Engine/Plugins/NNE/NNEDenoiser/Content/NNE_oidn2-3-0_rt_hdr_alb_nrm__dyn__fp16_opset11_ForwardAlpha.uasset" 10783
"../../../Engine/Plugins/NNE/NNEDenoiser/Content/NNE_oidn2-3-0_rt_hdr_calb_cnrm_large__dyn__fp16_opset11_ForwardAlpha.uasset" 10784
"../../../Engine/Plugins/NNE/NNEDenoiser/Content/NNE_oidn2-3-0_rt_hdr_calb_cnrm_large__dyn__fp16_opset11_DenoiseAlpha.uasset" 10785
"/NNEDenoiser/NNEDIM_ColorAlbedoNormal_Default" 10786
"/NNEDenoiser/NNEDIM_ColorAlbedoNormal_Alpha" 10787
"/NNEDenoiser/NNED_Oidn2-3_Balanced" 10788
"/NNEDenoiser/NNEDT_Oidn2-3_Balanced_Alpha" 10789
"/NNEDenoiser/NNEDT_Oidn2-3_Balanced" 10790
"/NNEDenoiser/NNEDTOM_Output_Default" 10791
"/NNEDenoiser/NNEDTOM_Output_Alpha" 10792
"/NNEDenoiser/NNE_oidn2-3-0_rt_hdr_calb_cnrm_large__dyn__fp16_opset11_ForwardAlpha" 10793
"/NNEDenoiser/NNE_oidn2-3-0_rt_hdr_calb_cnrm_large__dyn__fp16_opset11_DenoiseAlpha" 10794
"/NNEDenoiser/NNE_oidn2-3-0_rt_hdr_alb_nrm__dyn__fp16_opset11_ForwardAlpha" 10795
"/NNEDenoiser/NNE_oidn2-3-0_rt_hdr_alb_nrm__dyn__fp16_opset11_DenoiseAlpha" 10796
"/NNEDenoiser/NNE_oidn2-3-0_rt_hdr_alb_nrm_small__dyn__fp16_opset11_ForwardAlpha" 10797
"/NNEDenoiser/NNE_oidn2-3-0_rt_hdr_alb_nrm_small__dyn__fp16_opset11_DenoiseAlpha" 10798
"/NNEDenoiser/NNED_Oidn2-3_HighQuality_Alpha" 10799
"/NNEDenoiser/NNEDTIM_ColorAlbedoNormal_Default" 10800
"/NNEDenoiser/NNEDTIM_ColorAlbedoNormal_Alpha" 10801
"D:/ProgrammazioneAvanzata/ImpetusFirstLevel/Intermediate/ORTOptimizerPass_Optimized194EF6054A3AF7396F824BA64A7A7C68.onnx" 10802
"D:/ProgrammazioneAvanzata/ImpetusFirstLevel/Intermediate/ORTOptimizerPass_OptimizedA28324E04C0BCCF5E8FAAFBDD221D883.onnx" 10803
"D:/ProgrammazioneAvanzata/ImpetusFirstLevel/Intermediate/ORTOptimizerPass_Optimized2B8BC2D645BFB3B858D73DBB4F39EFED.onnx" 10804
"D:/ProgrammazioneAvanzata/ImpetusFirstLevel/Intermediate/ORTOptimizerPass_Optimized0BF4BC7A49BE7084A778E0A92C05CFF9.onnx" 10805
"D:/ProgrammazioneAvanzata/ImpetusFirstLevel/Intermediate/ORTOptimizerPass_Optimized90B72C2E4B16A540680257AFA2B18951.onnx" 10806
"D:/ProgrammazioneAvanzata/ImpetusFirstLevel/Intermediate/ORTOptimizerPass_Optimized02C683F84597C85F8E07E69AD6A69F15.onnx" 10807
"D:/ProgrammazioneAvanzata/ImpetusFirstLevel/Intermediate/ORTOptimizerPass_OptimizedC23BF37C4F553DC6B6BF02A0157E16B7.onnx" 10808
"D:/ProgrammazioneAvanzata/ImpetusFirstLevel/Intermediate/ORTOptimizerPass_Optimized119C4449442C2DEFA4887E89439D3023.onnx" 10809
"D:/ProgrammazioneAvanzata/ImpetusFirstLevel/Intermediate/ORTOptimizerPass_Optimized1691C3B84A0EB942DA70E5BB03E11312.onnx" 10810
"D:/ProgrammazioneAvanzata/ImpetusFirstLevel/Intermediate/ORTOptimizerPass_Optimized21E851194D666ABD77FAB9B03A13FBF2.onnx" 10811
"D:/ProgrammazioneAvanzata/ImpetusFirstLevel/Intermediate/ORTOptimizerPass_OptimizedEDDF51D34DC3091EEB5FFBBB27D9D1EE.onnx" 10812
"D:/ProgrammazioneAvanzata/ImpetusFirstLevel/Intermediate/ORTOptimizerPass_Optimized88E083B04AD8D559B5DCE3B8B5ECEE5C.onnx" 10813
"/NNEDenoiser/NNEDOM_Output_Default" 10814
"/NNEDenoiser/NNED_Oidn2-3_HighQuality" 10815
"/NNEDenoiser/NNEDOM_Output_Alpha" 10816
"/NNEDenoiser/NNED_Oidn2-3_Fast_Alpha" 10817
"/NNEDenoiser/NNEDIM_HighQuality_Default" 10818
"/NNEDenoiser/NNEDIM_HighQuality_Alpha" 10819
"/NNEDenoiser/NNED_Oidn2-3_Fast" 10820
"/NNEDenoiser/NNED_Oidn2-3_Balanced_Alpha" 10821
"../../../Engine/Content/EngineMaterials/DefaultBloomKernel.uasset" 10822
"../../../Engine/Content/EditorResources/BSPVertex.uasset" 10823
"../../../Engine/Content/EngineResources/FilmGrains/Marcie_Grain_v3_128_M2_000.uasset" 10824
"../../../Engine/Content/EngineResources/Development/ZenLogo_64.uasset" 10825
"../../../Engine/Content/EngineMaterials/FastBlueNoise_scalar_128x128x64.uasset" 10826
"../../../Engine/Content/EngineDebugMaterials/DebugEditorMaterial.uasset" 10827
"../../../Engine/Content/EngineMaterials/FastBlueNoise_scalar_128x128x8.uasset" 10828
"../../../Engine/Content/EngineMaterials/FastBlueNoise_vec2_128x128x64.uasset" 10829
"../../../Engine/Content/EngineMaterials/EnergyConservation/Sheen_Energy.uasset" 10830
"../../../Engine/Content/EngineMaterials/LTC/Sheen_LTC.uasset" 10831
"../../../Engine/Content/EngineMaterials/EnergyConservation/Diffuse_Energy.uasset" 10832
"../../../Engine/Content/EngineSounds/Master.uasset" 10833
"../../../Engine/Plugins/Interchange/Runtime/Content/Pipelines/DefaultAssetsPipeline.uasset" 10834
"../../../Engine/Plugins/Interchange/Runtime/Content/Pipelines/DefaultMaterialXPipeline.uasset" 10835
"../../../Engine/Plugins/Interchange/Runtime/Content/Pipelines/DefaultGLTFAssetsPipeline.uasset" 10836
"/Interchange/Pipelines/DefaultGLTFAssetsPipeline" 10837
"/Interchange/Pipelines/DefaultMaterialXPipeline" 10838
"/Interchange/Pipelines/DefaultAssetsPipeline" 10839
"/Engine/EngineSounds/Master" 10840
"/Engine/EngineMaterials/EnergyConservation/Diffuse_Energy" 10841
"/Engine/EngineMaterials/EnergyConservation/Sheen_Energy" 10842
"/Engine/EngineMaterials/LTC/Sheen_LTC" 10843
"/Engine/EngineMaterials/FastBlueNoise_vec2_128x128x64" 10844
"/Engine/EngineMaterials/FastBlueNoise_scalar_128x128x8" 10845
"/Engine/EngineMaterials/FastBlueNoise_scalar_128x128x64" 10846
"/Engine/EngineDebugMaterials/DebugEditorMaterial" 10847
"/Engine/EngineResources/Development/ZenLogo_64" 10848
"/Engine/EngineResources/FilmGrains/Marcie_Grain_v3_128_M2_000" 10849
"/Engine/EngineMaterials/DefaultBloomKernel" 10850
"/Engine/EditorResources/BSPVertex" 10851
"../../../Engine/Plugins/Interchange/Runtime/Content/Pipelines/DefaultGLTFPipeline.uasset" 10852
"../../../Engine/Plugins/Interchange/Runtime/Content/Pipelines/DefaultMaterialPipeline.uasset" 10853
"../../../Engine/Plugins/Interchange/Runtime/Content/Pipelines/DefaultTexturePipeline.uasset" 10854
"../../../Engine/Plugins/Interchange/Runtime/Content/Pipelines/DefaultSceneAssetsPipeline.uasset" 10855
"../../../Engine/Plugins/Interchange/Runtime/Content/Pipelines/DefaultGLTFSceneAssetsPipeline.uasset" 10856
"../../../Engine/Plugins/Interchange/Runtime/Content/Pipelines/DefaultSceneLevelPipeline.uasset" 10857
"D:/ProgrammazioneAvanzata/ImpetusFirstLevel/Content/Images/BackgroundLoadingScreen2.uasset" 10858
"../../../Engine/Plugins/Interchange/Assets/Content/Functions/MX_SurfaceUnlit.uasset" 10859
"../../../Engine/Plugins/Interchange/Assets/Content/Functions/MX_UsdPreviewSurface.uasset" 10860
"../../../Engine/Plugins/Interchange/Assets/Content/Functions/MX_OrenNayarBSDF.uasset" 10861
"../../../Engine/Plugins/Interchange/Assets/Content/Functions/MX_BurleyDiffuseBSDF.uasset" 10862
"../../../Engine/Plugins/Interchange/Assets/Content/Functions/MX_DielectricBSDF.uasset" 10863
"../../../Engine/Plugins/Interchange/Assets/Content/Functions/MX_TranslucentBSDF.uasset" 10864
"../../../Engine/Plugins/Interchange/Assets/Content/Functions/MX_ConductorBSDF.uasset" 10865
"../../../Engine/Plugins/Interchange/Assets/Content/Functions/MX_GeneralizedSchlickBSDF.uasset" 10866
"../../../Engine/Plugins/Interchange/Assets/Content/Functions/MX_SubsurfaceBSDF.uasset" 10867
"../../../Engine/Plugins/Interchange/Assets/Content/Functions/MX_SheenBSDF.uasset" 10868
"../../../Engine/Plugins/Interchange/Assets/Content/Functions/MX_ThinFilmBSDF.uasset" 10869
"../../../Engine/Plugins/Interchange/Assets/Content/Functions/MX_UniformEDF.uasset" 10870
"../../../Engine/Plugins/Interchange/Assets/Content/Functions/MX_ConicalEDF.uasset" 10871
"../../../Engine/Plugins/Interchange/Assets/Content/Functions/MX_MeasuredEDF.uasset" 10872
"../../../Engine/Plugins/Interchange/Assets/Content/Functions/MX_AbsorptionVDF.uasset" 10873
"../../../Engine/Plugins/Animation/ControlRig/Content/Controls/ControlRigGizmoMaterial.uasset" 10874
"../../../Engine/Plugins/Interchange/Assets/Content/Functions/MX_AnisotropicVDF.uasset" 10875
"/InterchangeAssets/Functions/MX_AbsorptionVDF" 10876
"/InterchangeAssets/Functions/MX_MeasuredEDF" 10877
"/InterchangeAssets/Functions/MX_ConicalEDF" 10878
"/InterchangeAssets/Functions/MX_UniformEDF" 10879
"/InterchangeAssets/Functions/MX_ThinFilmBSDF" 10880
"/InterchangeAssets/Functions/MX_SheenBSDF" 10881
"/InterchangeAssets/Functions/MX_SubsurfaceBSDF" 10882
"/InterchangeAssets/Functions/MX_GeneralizedSchlickBSDF" 10883
"/InterchangeAssets/Functions/MX_ConductorBSDF" 10884
"/InterchangeAssets/Functions/MX_DielectricBSDF" 10885
"/InterchangeAssets/Functions/MX_TranslucentBSDF" 10886
"/InterchangeAssets/Functions/MX_BurleyDiffuseBSDF" 10887
"/InterchangeAssets/Functions/MX_OrenNayarBSDF" 10888
"/InterchangeAssets/Functions/MX_UsdPreviewSurface" 10889
"/InterchangeAssets/Functions/MX_SurfaceUnlit" 10890
"/Game/Images/BackgroundLoadingScreen2" 10891
"/Interchange/Pipelines/DefaultGLTFSceneAssetsPipeline" 10892
"/Interchange/Pipelines/DefaultSceneLevelPipeline" 10893
"/Interchange/Pipelines/DefaultSceneAssetsPipeline" 10894
"/Interchange/Pipelines/DefaultTexturePipeline" 10895
"/Interchange/Pipelines/DefaultMaterialPipeline" 10896
"/ControlRig/Controls/ControlRigGizmoMaterial" 10897
"/InterchangeAssets/Functions/MX_AnisotropicVDF" 10898
"/Interchange/Pipelines/DefaultGLTFPipeline" 10899
"D:/ProgrammazioneAvanzata/ImpetusFirstLevel/DerivedDataCache/VT/TEXTURE_7C16439390E24F1F9468894FB4D4BC55_VTCHUNK44B429B40BB45A070EB17C1259C28734996A2F49" 10900
"D:/ProgrammazioneAvanzata/ImpetusFirstLevel/DerivedDataCache/VT/TEXTURE_7C16439390E24F1F9468894FB4D4BC55_VTCHUNK967C747FFC357A828288FA05D93CD5DCECDA891B" 10901
"D:/ProgrammazioneAvanzata/ImpetusFirstLevel/DerivedDataCache/VT/TEXTURE_7C16439390E24F1F9468894FB4D4BC55_VTCHUNKC0393DE8C5B4673D99D1BECB92AA8C1F72FEB491" 10902
"D:/ProgrammazioneAvanzata/ImpetusFirstLevel/DerivedDataCache/VT/TEXTURE_7C16439390E24F1F9468894FB4D4BC55_VTCHUNK2A5F9F60441DA258D18B46D59C64D5BAD50E8EE3" 10903
"D:/ProgrammazioneAvanzata/ImpetusFirstLevel/DerivedDataCache/VT/TEXTURE_7C16439390E24F1F9468894FB4D4BC55_VTCHUNK02D4C3BCAD7DFA48AB32B8281FB06B8B83DB6275" 10904
"D:/ProgrammazioneAvanzata/ImpetusFirstLevel/Saved/Cooked/Windows/ImpetusFirstLevel/Metadata/CookedSettings.txt" 10905
